url_length,host_length,path_length,num_dots,num_hyphens,num_digits,num_slashes,has_at_symbol,has_raw_ip,digit_ratio,label
120,25,95,4,3,6,5,0,0,0.05,1
18,13,5,3,0,11,1,0,1,0.611,1
60,7,53,1,5,8,5,0,0,0.133,0
38,13,25,4,0,13,2,0,1,0.342,1
24,17,7,3,0,14,1,0,0,0.583,1
23,21,2,3,0,17,1,0,0,0.739,1
80,9,71,2,5,9,4,0,0,0.113,0
36,14,22,1,0,0,3,0,0,0.0,0
52,9,43,3,2,2,3,0,0,0.038,0
22,20,2,3,0,16,1,0,0,0.727,1
45,14,31,3,0,2,2,0,0,0.044,0
23,16,7,1,0,1,1,0,0,0.043,1
39,9,30,1,0,0,3,0,0,0.0,0
13,8,5,1,0,0,1,0,0,0.0,0
96,9,87,4,3,7,6,0,0,0.073,0
15,6,9,1,0,0,1,0,0,0.0,0
73,29,44,2,4,17,1,0,0,0.233,1
40,17,23,2,0,2,2,0,0,0.05,1
33,13,20,2,0,0,1,0,0,0.0,1
25,7,18,1,0,0,3,0,0,0.0,0
96,25,71,4,3,2,5,0,0,0.021,1
28,18,10,3,0,2,1,0,0,0.071,1
98,25,73,4,7,2,5,0,0,0.02,1
22,20,2,3,0,16,1,0,0,0.727,1
91,25,66,4,7,4,6,0,0,0.044,1
35,9,26,1,2,0,3,0,0,0.0,0
61,13,48,4,1,30,3,0,1,0.492,1
32,11,21,1,1,0,3,0,0,0.0,0
48,14,34,5,0,11,2,0,1,0.229,1
34,15,19,1,1,0,2,0,0,0.0,0
32,13,19,4,0,13,2,0,1,0.406,1
25,13,12,2,0,1,1,0,0,0.04,1
41,12,29,1,1,0,3,0,0,0.0,0
55,6,49,2,2,0,3,0,0,0.0,0
24,12,12,4,0,12,2,0,1,0.5,1
31,11,20,1,2,0,3,0,0,0.0,0
68,31,37,2,4,18,1,0,0,0.265,1
28,21,7,4,0,17,1,0,0,0.607,1
147,25,122,6,9,7,6,0,0,0.048,1
80,36,44,2,4,24,1,0,0,0.3,1
118,25,93,4,2,2,8,0,0,0.017,1
115,11,104,2,11,13,5,0,0,0.113,0
22,20,2,3,0,16,1,0,0,0.727,1
25,18,7,4,0,14,1,0,0,0.56,1
108,25,83,4,5,6,5,0,0,0.056,1
42,10,32,2,2,0,3,0,0,0.0,0
38,9,29,1,4,0,2,0,0,0.0,0
42,27,15,2,1,0,3,0,0,0.0,1
28,21,7,4,0,17,1,0,0,0.607,1
32,15,17,1,0,0,3,0,0,0.0,0
128,25,103,4,6,2,5,0,0,0.016,1
32,11,21,1,1,0,3,0,0,0.0,0
63,20,43,2,0,21,1,0,0,0.333,1
28,21,7,4,0,17,1,0,0,0.607,1
26,9,17,1,0,0,2,0,0,0.0,0
25,18,7,4,0,14,1,0,0,0.56,1
43,4,39,1,5,2,2,0,0,0.047,0
22,9,13,1,1,0,2,0,0,0.0,0
23,13,10,3,0,11,2,0,1,0.478,1
49,7,42,1,2,0,3,0,0,0.0,0
61,18,43,2,0,20,1,0,0,0.328,1
102,10,92,3,1,7,7,0,0,0.069,1
17,10,7,2,0,0,1,0,0,0.0,0
31,11,20,1,0,0,3,0,0,0.0,0
21,15,6,3,0,12,1,0,1,0.571,1
25,16,9,2,1,4,1,0,0,0.16,1
18,9,9,1,0,0,1,0,0,0.0,0
92,25,67,4,2,4,6,0,0,0.043,1
28,21,7,4,0,17,1,0,0,0.607,1
23,13,10,1,0,0,1,0,0,0.0,0
28,15,13,1,0,0,2,0,0,0.0,0
120,25,95,5,5,4,9,0,0,0.033,1
29,13,16,4,0,14,2,0,1,0.483,1
49,17,32,2,0,4,2,0,0,0.082,1
20,18,2,3,0,14,1,0,0,0.7,1
28,16,12,2,0,0,1,0,0,0.0,0
85,25,60,4,1,6,5,0,0,0.071,1
32,11,21,1,0,0,3,0,0,0.0,0
27,11,16,1,1,0,3,0,0,0.0,0
44,11,33,1,3,0,4,0,0,0.0,0
28,21,7,4,0,17,1,0,0,0.607,1
40,12,28,1,1,0,2,0,0,0.0,0
24,9,15,1,1,0,1,0,0,0.0,0
25,14,11,1,0,0,2,0,0,0.0,0
22,10,12,1,0,0,2,0,0,0.0,0
46,35,11,5,3,12,1,0,0,0.261,1
78,25,53,4,1,5,5,0,0,0.064,1
23,21,2,3,0,17,1,0,0,0.739,1
41,18,23,3,0,0,1,0,0,0.0,1
38,14,24,1,0,0,3,0,0,0.0,0
150,11,139,5,3,20,10,0,0,0.133,0
86,25,61,5,3,3,5,0,0,0.035,1
41,19,22,1,2,0,1,0,0,0.0,0
35,7,28,2,0,0,3,0,0,0.0,0
24,10,14,1,0,0,2,0,0,0.0,0
54,12,42,1,3,0,3,0,0,0.0,0
64,9,55,1,5,5,4,0,0,0.078,0
63,12,51,4,0,0,7,0,0,0.0,0
23,21,2,3,0,17,1,0,0,0.739,1
18,13,5,3,0,11,1,0,1,0.611,1
33,16,17,1,1,0,2,0,0,0.0,0
140,15,125,6,2,15,1,0,1,0.107,1
46,10,36,1,2,0,3,0,0,0.0,0
35,12,23,1,0,0,3,0,0,0.0,0
47,17,30,2,0,2,2,0,0,0.043,1
38,7,31,2,1,0,3,0,0,0.0,0
21,19,2,3,0,15,1,0,0,0.714,1
36,10,26,1,1,0,3,0,0,0.0,0
32,15,17,4,0,12,2,0,1,0.375,1
18,9,9,1,0,0,1,0,0,0.0,0
36,11,25,1,0,0,3,0,0,0.0,0
21,9,12,1,1,0,2,0,0,0.0,0
27,20,7,4,0,16,1,0,0,0.593,1
42,9,33,1,2,0,2,0,0,0.0,0
20,12,8,3,0,11,1,0,1,0.55,1
20,13,7,4,0,10,1,0,1,0.5,1
21,10,11,1,0,0,2,0,0,0.0,0
21,11,10,1,0,0,2,0,0,0.0,0
63,15,48,4,0,15,2,0,1,0.238,1
37,11,26,1,0,4,5,0,0,0.108,0
22,20,2,3,0,16,1,0,0,0.727,1
41,9,32,3,1,12,1,0,0,0.293,0
88,25,63,4,0,4,7,0,0,0.045,1
25,18,7,4,0,14,1,0,0,0.56,1
26,12,14,1,0,5,2,0,0,0.192,0
148,25,123,5,2,5,9,0,0,0.034,1
108,25,83,4,5,2,5,0,0,0.019,1
38,13,25,4,0,12,2,0,1,0.316,1
139,25,114,4,5,4,7,0,0,0.029,1
34,9,25,1,2,0,2,0,0,0.0,0
62,11,51,2,3,1,4,0,0,0.016,0
23,21,2,3,0,17,1,0,0,0.739,1
22,12,10,1,1,0,2,0,0,0.0,0
38,9,29,2,0,0,4,0,0,0.0,0
26,19,7,4,0,15,1,0,0,0.577,1
26,19,7,4,0,15,1,0,0,0.577,1
21,19,2,3,0,15,1,0,0,0.714,1
39,9,30,2,0,4,3,0,0,0.103,0
89,25,64,4,3,6,7,0,0,0.067,1
26,19,7,4,0,15,1,0,0,0.577,1
103,10,93,3,1,38,3,0,0,0.369,0
29,15,14,1,0,0,3,0,0,0.0,0
30,15,15,4,0,12,2,0,1,0.4,1
59,9,50,2,1,0,6,0,0,0.0,0
21,19,2,3,0,15,1,0,0,0.714,1
39,21,18,3,2,1,2,0,0,0.026,1
43,11,32,1,3,0,4,0,0,0.0,0
98,25,73,4,4,3,6,0,0,0.031,1
12,6,6,1,0,0,1,0,0,0.0,0
33,10,23,1,1,4,3,0,0,0.121,0
26,11,15,1,0,0,3,0,0,0.0,0
30,14,16,4,0,12,2,0,1,0.4,1
83,25,58,5,4,3,5,0,0,0.036,1
21,7,14,1,0,0,1,0,0,0.0,0
38,10,28,1,3,14,2,0,0,0.368,0
114,25,89,5,10,3,5,0,0,0.026,1
28,21,7,4,0,17,1,0,0,0.607,1
89,25,64,4,3,6,5,0,0,0.067,1
31,10,21,1,0,0,2,0,0,0.0,0
28,21,7,4,0,17,1,0,0,0.607,1
23,15,8,1,1,0,1,0,0,0.0,0
22,10,12,1,0,0,2,0,0,0.0,0
30,13,17,1,2,0,1,0,0,0.0,0
16,12,4,3,0,9,1,0,1,0.562,1
25,18,7,4,0,14,1,0,0,0.56,1
19,15,4,3,0,14,1,0,1,0.737,1
27,20,7,4,0,16,1,0,0,0.593,1
84,25,59,4,1,5,6,0,0,0.06,1
21,12,9,1,0,0,2,0,0,0.0,0
31,12,19,4,0,11,1,0,1,0.355,1
20,18,2,3,0,14,1,0,0,0.7,1
47,13,34,5,0,10,2,0,1,0.213,1
40,11,29,1,0,3,2,0,0,0.075,0
19,12,7,3,0,12,1,0,1,0.632,1
38,14,24,1,2,0,2,0,0,0.0,0
31,11,20,1,0,0,3,0,0,0.0,0
40,14,26,1,2,0,3,0,0,0.0,0
26,19,7,4,0,15,1,0,0,0.577,1
19,10,9,1,0,0,1,0,0,0.0,0
25,18,7,4,0,14,1,0,0,0.56,1
19,12,7,3,0,12,1,0,1,0.632,1
84,25,59,4,1,2,7,0,0,0.024,1
44,9,35,1,1,0,3,0,0,0.0,0
89,25,64,4,1,2,5,0,0,0.022,1
21,19,2,3,0,15,1,0,0,0.714,1
23,21,2,3,0,17,1,0,0,0.739,1
38,15,23,5,0,12,2,0,1,0.316,1
35,8,27,1,2,0,1,0,0,0.0,0
93,25,68,4,3,2,6,0,0,0.022,1
175,25,150,5,11,7,5,0,0,0.04,1
31,14,17,1,1,0,3,0,0,0.0,0
23,7,16,2,0,1,2,0,0,0.043,0
138,25,113,4,7,6,5,0,0,0.043,1
21,19,2,3,0,15,1,0,0,0.714,1
14,7,7,1,0,0,1,0,0,0.0,0
81,25,56,4,3,2,5,0,0,0.025,1
64,13,51,2,0,8,5,0,0,0.125,0
19,12,7,3,0,12,1,0,1,0.632,1
20,15,5,3,0,12,1,0,1,0.6,1
98,14,84,1,8,45,3,0,0,0.459,1
48,9,39,2,1,0,4,0,0,0.0,0
71,34,37,2,4,24,1,0,0,0.338,1
18,11,7,1,1,0,2,0,0,0.0,0
33,17,16,2,0,5,2,0,0,0.152,1
28,9,19,1,0,0,2,0,0,0.0,0
73,14,59,1,5,0,4,0,0,0.0,0
28,7,21,2,0,0,3,0,0,0.0,0
15,11,4,1,0,0,2,0,0,0.0,0
28,21,7,4,0,17,1,0,0,0.607,1
15,10,5,1,0,0,1,0,0,0.0,0
36,21,15,2,0,1,2,0,0,0.028,1
61,43,18,3,1,23,1,0,0,0.377,1
25,10,15,1,1,0,2,0,0,0.0,0
18,13,5,1,0,1,1,0,0,0.056,0
33,12,21,2,0,0,1,0,0,0.0,0
25,18,7,4,0,14,1,0,0,0.56,1
145,25,120,5,5,6,6,0,0,0.041,1
16,10,6,1,0,0,1,0,0,0.0,0
21,10,11,1,0,0,2,0,0,0.0,0
31,14,17,4,0,11,2,0,1,0.355,1
174,18,156,3,0,94,4,0,0,0.54,1
15,7,8,1,0,0,2,0,0,0.0,0
19,12,7,3,0,11,1,0,1,0.579,1
39,17,22,1,2,0,2,0,0,0.0,0
89,25,64,5,4,5,5,0,0,0.056,1
24,12,12,1,0,3,2,0,0,0.125,0
21,11,10,1,0,0,2,0,0,0.0,0
21,19,2,3,0,15,1,0,0,0.714,1
42,6,36,2,1,0,3,0,0,0.0,0
105,25,80,4,8,6,5,0,0,0.057,1
20,16,4,3,0,14,1,0,0,0.7,1
41,7,34,2,2,0,3,0,0,0.0,0
22,20,2,3,0,16,1,0,0,0.727,1
16,9,7,1,0,0,1,0,0,0.0,0
58,21,37,2,4,22,1,0,0,0.379,1
20,11,9,1,0,0,1,0,0,0.0,0
32,18,14,2,0,0,2,0,0,0.0,1
27,20,7,4,0,16,1,0,0,0.593,1
26,19,7,4,0,15,1,0,0,0.577,1
54,17,37,2,4,18,1,0,0,0.333,1
61,13,48,4,1,30,3,0,1,0.492,1
34,14,20,1,0,0,3,0,0,0.0,0
22,10,12,1,0,0,2,0,0,0.0,0
29,18,11,1,2,0,3,0,0,0.0,0
128,25,103,4,10,2,5,0,0,0.016,1
25,11,14,1,1,0,3,0,0,0.0,0
22,20,2,3,0,16,1,0,0,0.727,1
12,7,5,1,0,0,1,0,0,0.0,0
20,17,3,1,0,0,1,0,0,0.0,0
26,19,7,4,0,15,1,0,0,0.577,1
22,20,2,3,0,16,1,0,0,0.727,1
22,20,2,3,0,16,1,0,0,0.727,1
20,18,2,3,0,14,1,0,0,0.7,1
37,26,11,4,0,3,1,0,0,0.081,1
19,17,2,3,0,13,1,0,0,0.684,1
21,19,2,3,0,15,1,0,0,0.714,1
30,11,19,1,0,0,3,0,0,0.0,0
17,9,8,1,0,0,2,0,0,0.0,0
91,25,66,4,1,5,5,0,0,0.055,1
30,17,13,1,0,0,2,0,0,0.0,0
56,19,37,2,4,19,1,0,0,0.339,1
33,12,21,4,0,10,3,0,1,0.303,1
18,11,7,3,0,12,1,0,1,0.667,1
27,20,7,4,0,16,1,0,0,0.593,1
21,19,2,3,0,15,1,0,0,0.714,1
40,15,25,1,0,0,3,0,0,0.0,0
59,7,52,1,4,0,4,0,0,0.0,0
63,9,54,2,1,0,7,0,0,0.0,0
11,6,5,1,0,0,1,0,0,0.0,0
25,18,7,4,0,14,1,0,0,0.56,1
16,11,5,1,0,0,1,0,0,0.0,0
23,10,13,1,1,0,2,0,0,0.0,0
60,7,53,1,4,8,5,0,0,0.133,0
16,11,5,1,0,0,2,0,0,0.0,0
55,12,43,3,1,1,5,0,0,0.018,0
57,12,45,1,0,2,5,0,0,0.035,0
90,11,79,1,9,10,5,0,0,0.111,0
64,27,37,2,4,24,1,0,0,0.375,1
32,17,15,1,1,0,1,0,0,0.0,0
31,17,14,1,0,4,2,0,0,0.129,1
23,21,2,3,0,17,1,0,0,0.739,1
22,9,13,1,0,0,2,0,0,0.0,0
25,18,7,4,0,14,1,0,0,0.56,1
40,10,30,1,1,0,3,0,0,0.0,0
22,12,10,2,0,0,1,0,0,0.0,1
47,41,6,3,2,1,1,0,0,0.021,1
43,9,34,2,0,0,3,0,0,0.0,0
23,13,10,4,0,10,2,0,1,0.435,1
20,18,2,3,0,14,1,0,0,0.7,1
21,6,15,1,1,4,3,0,0,0.19,0
35,6,29,1,2,0,2,0,0,0.0,0
23,12,11,1,1,0,2,0,0,0.0,0
26,6,20,1,1,0,2,0,0,0.0,0
26,11,15,1,1,0,3,0,0,0.0,0
29,17,12,2,0,3,2,0,0,0.103,1
15,11,4,1,0,0,2,0,0,0.0,0
22,20,2,3,0,16,1,0,0,0.727,1
73,7,66,2,5,6,5,0,0,0.082,0
35,9,26,1,1,0,2,0,0,0.0,0
28,21,7,4,0,17,1,0,0,0.607,1
101,25,76,4,2,5,5,0,0,0.05,1
44,11,33,1,5,0,3,0,0,0.0,0
20,17,3,1,0,0,1,0,0,0.0,0
20,13,7,1,0,0,1,0,0,0.0,0
21,11,10,1,0,0,1,0,0,0.0,0
46,36,10,6,0,11,1,0,0,0.239,1
39,20,19,1,2,0,3,0,0,0.0,0
41,10,31,1,2,0,2,0,0,0.0,0
36,9,27,2,0,4,3,0,0,0.111,0
31,12,19,3,0,9,2,0,1,0.29,1
27,12,15,4,0,14,2,0,1,0.519,1
70,26,44,2,4,23,1,0,0,0.329,1
118,25,93,4,2,2,5,0,0,0.017,1
27,19,8,1,0,0,2,0,0,0.0,0
17,9,8,2,0,0,2,0,0,0.0,0
28,21,7,4,0,17,1,0,0,0.607,1
41,10,31,1,1,0,3,0,0,0.0,0
52,9,43,1,5,0,2,0,0,0.0,0
26,19,7,4,0,15,1,0,0,0.577,1
39,11,28,1,3,0,4,0,0,0.0,0
18,11,7,3,0,14,1,0,1,0.778,1
111,25,86,4,3,6,6,0,0,0.054,1
24,10,14,1,0,0,2,0,0,0.0,0
29,11,18,1,1,0,3,0,0,0.0,0
30,11,19,1,0,0,4,0,0,0.0,0
20,12,8,4,0,10,1,0,1,0.5,1
24,15,9,4,0,12,1,0,1,0.5,1
95,25,70,4,5,2,5,0,0,0.021,1
65,22,43,3,4,19,2,0,0,0.292,1
26,19,7,4,0,15,1,0,0,0.577,1
68,7,61,1,5,0,4,0,0,0.0,0
58,6,52,1,4,0,3,0,0,0.0,0
15,11,4,1,0,0,2,0,0,0.0,0
90,25,65,4,5,2,5,0,0,0.022,1
25,11,14,1,0,0,3,0,0,0.0,0
38,13,25,4,0,10,2,0,1,0.263,1
91,25,66,4,2,6,5,0,0,0.066,1
42,14,28,1,1,0,3,0,0,0.0,0
21,19,2,3,0,15,1,0,0,0.714,1
30,15,15,4,0,12,2,0,1,0.4,1
30,12,18,1,0,4,1,0,0,0.133,1
23,13,10,3,0,11,2,0,1,0.478,1
20,10,10,1,0,0,1,0,0,0.0,0
44,10,34,1,2,0,3,0,0,0.0,0
23,21,2,3,0,17,1,0,0,0.739,1
17,11,6,3,0,8,1,0,1,0.471,1
19,15,4,3,0,12,1,0,1,0.632,1
66,29,37,2,4,21,1,0,0,0.318,1
56,19,37,2,4,20,1,0,0,0.357,1
36,15,21,1,1,0,3,0,0,0.0,0
51,11,40,1,2,0,5,0,0,0.0,0
46,11,35,1,2,0,3,0,0,0.0,0
28,13,15,4,0,11,2,0,1,0.393,1
79,25,54,4,3,2,5,0,0,0.025,1
135,25,110,4,8,5,8,0,0,0.037,1
28,11,17,1,0,0,2,0,0,0.0,0
18,13,5,1,0,0,1,0,0,0.0,0
107,25,82,4,6,5,5,0,0,0.047,1
25,18,7,4,0,14,1,0,0,0.56,1
22,15,7,1,0,0,2,0,0,0.0,0
14,6,8,1,1,0,1,0,0,0.0,0
25,9,16,1,0,0,2,0,0,0.0,0
20,18,2,3,0,14,1,0,0,0.7,1
25,13,12,4,0,10,1,0,1,0.4,1
101,25,76,4,0,5,8,0,0,0.05,1
55,7,48,2,2,0,3,0,0,0.0,0
19,11,8,1,0,0,1,0,0,0.0,0
79,10,69,1,7,0,3,0,0,0.0,0
58,13,45,4,0,11,2,0,1,0.19,1
39,12,27,1,1,0,3,0,0,0.0,0
108,25,83,4,0,5,5,0,0,0.046,1
28,15,13,2,0,0,1,0,0,0.0,1
47,6,41,2,2,0,3,0,0,0.0,0
38,12,26,2,0,0,3,0,0,0.0,0
27,7,20,1,0,0,2,0,0,0.0,0
40,11,29,1,0,5,2,0,0,0.125,0
42,11,31,1,0,6,2,0,0,0.143,0
67,23,44,2,4,26,1,0,0,0.388,1
65,11,54,3,2,7,4,0,0,0.108,0
20,11,9,3,0,8,2,0,1,0.4,1
40,11,29,1,0,0,3,0,0,0.0,0
19,12,7,3,0,12,1,0,1,0.632,1
18,11,7,3,0,10,1,0,1,0.556,1
37,10,27,1,1,0,2,0,0,0.0,0
26,11,15,1,0,0,2,0,0,0.0,0
39,12,27,1,0,0,2,0,0,0.0,0
65,11,54,3,2,9,4,0,0,0.138,0
55,49,6,3,2,3,1,0,0,0.055,1
21,19,2,3,0,15,1,0,0,0.714,1
36,9,27,1,0,0,4,0,0,0.0,0
45,16,29,1,2,0,3,0,0,0.0,0
32,10,22,1,1,0,3,0,0,0.0,0
48,11,37,2,1,5,4,0,0,0.104,0
20,12,8,3,0,12,2,0,1,0.6,1
100,25,75,4,0,4,5,0,0,0.04,1
24,17,7,4,0,13,1,0,0,0.542,1
52,7,45,2,2,0,3,0,0,0.0,0
66,29,37,2,4,18,1,0,0,0.273,1
15,12,3,3,0,9,1,0,1,0.6,1
20,7,13,1,0,5,4,0,0,0.25,0
57,20,37,2,4,20,1,0,0,0.351,1
18,15,3,1,0,0,1,0,0,0.0,0
31,11,20,1,1,0,4,0,0,0.0,0
24,12,12,1,0,0,2,0,0,0.0,0
22,20,2,3,0,16,1,0,0,0.727,1
35,14,21,4,0,25,2,0,1,0.714,1
26,19,7,4,0,15,1,0,0,0.577,1
40,10,30,1,1,0,3,0,0,0.0,0
57,14,43,1,2,0,4,0,0,0.0,0
39,15,24,1,0,0,3,0,0,0.0,0
50,12,38,2,0,13,4,0,0,0.26,0
23,11,12,1,0,0,2,0,0,0.0,0
104,25,79,5,5,7,5,0,0,0.067,1
24,17,7,4,0,15,1,0,0,0.625,1
22,20,2,3,0,16,1,0,0,0.727,1
18,15,3,1,0,0,1,0,0,0.0,0
31,10,21,1,1,0,2,0,0,0.0,0
32,7,25,2,0,0,3,0,0,0.0,0
143,11,132,5,3,23,8,0,0,0.161,0
27,8,19,1,2,0,1,0,0,0.0,0
20,18,2,3,0,14,1,0,0,0.7,1
90,25,65,5,2,3,5,0,0,0.033,1
15,7,8,1,0,0,1,0,0,0.0,0
42,11,31,3,0,2,2,0,0,0.048,0
52,9,43,3,1,1,5,0,0,0.019,0
48,41,7,3,2,1,2,0,0,0.021,1
21,19,2,3,0,15,1,0,0,0.714,1
31,21,10,3,0,4,1,0,0,0.129,1
21,19,2,3,0,15,1,0,0,0.714,1
23,15,8,1,0,0,1,0,0,0.0,0
27,20,7,4,0,16,1,0,0,0.593,1
13,7,6,1,0,0,1,0,0,0.0,0
26,19,7,4,0,15,1,0,0,0.577,1
15,11,4,1,0,0,2,0,0,0.0,0
87,25,62,5,1,7,6,0,0,0.08,1
25,18,7,4,0,14,1,0,0,0.56,1
86,25,61,5,3,6,5,0,0,0.07,1
21,19,2,3,0,15,1,0,0,0.714,1
22,20,2,3,0,16,1,0,0,0.727,1
105,25,80,4,1,5,6,0,0,0.048,1
60,9,51,1,1,0,4,0,0,0.0,0
96,25,71,4,1,5,5,0,0,0.052,1
39,11,28,1,0,0,5,0,0,0.0,0
88,9,79,2,3,4,8,0,0,0.045,0
26,19,7,4,0,15,1,0,0,0.577,1
75,7,68,1,5,0,4,0,0,0.0,0
19,9,10,1,0,0,3,0,0,0.0,0
29,11,18,2,2,4,1,0,0,0.138,0
107,9,98,2,10,9,4,0,0,0.084,0
18,8,10,1,0,0,1,0,0,0.0,0
26,19,7,4,0,15,1,0,0,0.577,1
37,11,26,1,1,0,3,0,0,0.0,0
43,17,26,2,0,16,2,0,0,0.372,1
23,10,13,2,0,5,1,0,0,0.217,1
35,12,23,1,3,2,2,0,0,0.057,0
22,20,2,3,0,16,1,0,0,0.727,1
31,10,21,2,0,0,2,0,0,0.0,1
23,21,2,3,0,17,1,0,0,0.739,1
17,11,6,1,0,0,1,0,0,0.0,0
74,14,60,3,0,17,7,0,0,0.23,0
79,25,54,4,0,2,5,0,0,0.025,1
27,9,18,1,0,0,2,0,0,0.0,0
19,12,7,3,0,11,1,0,1,0.579,1
19,8,11,1,0,0,1,0,0,0.0,0
29,9,20,1,2,0,2,0,0,0.0,0
25,13,12,4,0,11,1,0,1,0.44,1
29,14,15,1,1,0,2,0,0,0.0,0
38,9,29,1,1,0,2,0,0,0.0,0
64,20,44,2,4,27,1,0,0,0.422,1
22,20,2,3,0,16,1,0,0,0.727,1
39,13,26,4,0,10,2,0,1,0.256,1
19,10,9,1,0,0,1,0,0,0.0,0
17,10,7,1,0,0,1,0,0,0.0,0
61,13,48,4,1,27,3,0,1,0.443,1
80,25,55,4,3,5,5,0,0,0.062,1
22,20,2,3,0,16,1,0,0,0.727,1
30,10,20,1,1,0,2,0,0,0.0,0
61,7,54,2,3,6,5,0,0,0.098,0
41,11,30,1,0,3,2,0,0,0.073,0
12,8,4,1,0,0,1,0,0,0.0,0
40,12,28,4,0,27,2,0,1,0.675,1
101,25,76,4,4,4,5,0,0,0.04,1
52,10,42,2,5,6,3,0,0,0.115,0
18,11,7,1,0,0,1,0,0,0.0,0
111,25,86,4,5,3,5,0,0,0.027,1
18,11,7,3,0,11,1,0,1,0.611,1
80,25,55,4,2,5,6,0,0,0.062,1
34,12,22,1,0,0,2,0,0,0.0,0
33,15,18,1,1,0,2,0,0,0.0,0
38,10,28,1,3,14,2,0,0,0.368,0
70,9,61,2,1,11,6,0,0,0.157,0
54,17,37,4,4,15,1,0,0,0.278,1
24,13,11,3,0,10,2,0,1,0.417,1
40,14,26,3,0,1,2,0,0,0.025,0
24,11,13,1,0,0,3,0,0,0.0,0
31,12,19,1,0,0,2,0,0,0.0,0
45,16,29,1,2,0,3,0,0,0.0,0
35,9,26,1,1,0,2,0,0,0.0,0
179,13,166,6,3,42,1,0,1,0.235,1
23,8,15,1,0,0,1,0,0,0.0,0
28,13,15,2,0,6,1,0,0,0.214,1
71,7,64,2,5,4,5,0,0,0.056,0
26,19,7,4,0,15,1,0,0,0.577,1
26,19,7,4,0,15,1,0,0,0.577,1
56,11,45,1,5,0,4,0,0,0.0,0
32,14,18,4,0,11,2,0,1,0.344,1
23,21,2,3,0,17,1,0,0,0.739,1
15,11,4,1,0,0,2,0,0,0.0,0
25,18,7,4,0,14,1,0,0,0.56,1
89,25,64,4,0,5,5,0,0,0.056,1
33,11,22,2,0,2,1,0,0,0.061,1
23,13,10,1,1,0,1,0,0,0.0,0
18,11,7,3,0,12,1,0,1,0.667,1
21,19,2,3,0,15,1,0,0,0.714,1
62,16,46,3,1,13,4,0,0,0.21,0
46,7,39,1,2,0,4,0,0,0.0,0
36,10,26,1,1,0,3,0,0,0.0,0
16,11,5,1,0,0,2,0,0,0.0,0
176,25,151,4,5,5,6,0,0,0.028,1
40,9,31,3,0,0,5,0,0,0.0,0
23,21,2,3,0,17,1,0,0,0.739,1
32,17,15,2,0,4,2,0,0,0.125,1
25,18,7,4,0,14,1,0,0,0.56,1
122,25,97,7,3,3,7,0,0,0.025,1
125,11,114,1,9,6,5,0,0,0.048,0
26,18,8,2,1,1,1,0,0,0.038,1
28,19,9,1,0,0,1,0,0,0.0,0
71,10,61,2,0,24,4,0,0,0.338,0
118,7,111,5,5,18,4,0,0,0.153,0
17,13,4,3,0,11,1,0,1,0.647,1
36,15,21,1,0,0,2,0,0,0.0,0
41,15,26,1,2,0,2,0,0,0.0,0
25,18,7,4,0,14,1,0,0,0.56,1
29,7,22,1,0,0,4,0,0,0.0,0
15,8,7,1,0,0,1,0,0,0.0,0
25,14,11,1,0,0,2,0,0,0.0,0
61,13,48,4,1,31,3,0,1,0.508,1
66,9,57,1,1,0,4,0,0,0.0,0
19,11,8,1,0,0,1,0,0,0.0,0
19,14,5,3,0,11,1,0,1,0.579,1
25,14,11,4,0,11,1,0,1,0.44,1
108,11,97,2,6,28,3,0,0,0.259,0
35,11,24,1,1,0,4,0,0,0.0,0
106,25,81,5,4,3,6,0,0,0.028,1
18,13,5,4,0,10,1,0,1,0.556,1
37,13,24,4,0,10,2,0,1,0.27,1
57,20,37,2,4,17,1,0,0,0.298,1
23,21,2,3,0,17,1,0,0,0.739,1
26,19,7,4,0,15,1,0,0,0.577,1
22,10,12,1,0,0,2,0,0,0.0,0
26,19,7,4,0,15,1,0,0,0.577,1
107,25,82,4,3,2,6,0,0,0.019,1
32,15,17,4,0,12,2,0,1,0.375,1
33,12,21,1,0,0,4,0,0,0.0,0
48,17,31,2,0,2,2,0,0,0.042,1
22,20,2,3,0,16,1,0,0,0.727,1
19,15,4,3,0,13,1,0,1,0.684,1
23,21,2,3,0,17,1,0,0,0.739,1
19,12,7,3,0,13,1,0,1,0.684,1
40,15,25,1,0,0,3,0,0,0.0,0
27,20,7,4,0,16,1,0,0,0.593,1
38,10,28,1,3,13,2,0,0,0.342,0
26,13,13,5,2,12,1,0,1,0.462,1
98,11,87,2,5,30,3,0,0,0.306,0
28,21,7,4,0,17,1,0,0,0.607,1
25,12,13,1,1,0,2,0,0,0.0,0
23,21,2,3,0,17,1,0,0,0.739,1
31,18,13,1,2,0,3,0,0,0.0,0
20,18,2,3,0,14,1,0,0,0.7,1
34,7,27,1,1,0,3,0,0,0.0,0
25,11,14,1,1,0,2,0,0,0.0,0
29,11,18,1,0,0,3,0,0,0.0,0
127,25,102,5,2,5,11,0,0,0.039,1
19,14,5,3,0,11,1,0,1,0.579,1
26,19,7,4,0,15,1,0,0,0.577,1
19,6,13,1,0,0,2,0,0,0.0,0
19,12,7,3,0,11,1,0,1,0.579,1
21,14,7,3,0,15,1,0,1,0.714,1
42,6,36,2,1,2,3,0,0,0.048,0
111,25,86,4,3,2,6,0,0,0.018,1
36,9,27,1,1,0,2,0,0,0.0,0
35,12,23,5,0,9,2,0,1,0.257,1
33,9,24,1,2,0,2,0,0,0.0,0
33,17,16,2,0,2,2,0,0,0.061,1
25,18,7,3,0,14,1,0,0,0.56,1
43,6,37,2,2,2,3,0,0,0.047,0
21,14,7,3,0,11,1,0,1,0.524,1
65,11,54,3,2,10,4,0,0,0.154,0
18,12,6,1,0,0,2,0,0,0.0,0
24,17,7,1,0,0,1,0,0,0.0,0
20,18,2,3,0,14,1,0,0,0.7,1
37,14,23,1,1,0,3,0,0,0.0,0
44,6,38,1,2,1,4,0,0,0.023,0
43,10,33,1,2,0,4,0,0,0.0,0
22,20,2,3,0,16,1,0,0,0.727,1
65,11,54,2,3,0,4,0,0,0.0,0
31,11,20,1,2,0,1,0,0,0.0,0
36,15,21,1,0,0,2,0,0,0.0,0
35,13,22,4,0,13,2,0,1,0.371,1
23,21,2,3,0,17,1,0,0,0.739,1
40,15,25,1,2,3,3,0,0,0.075,0
50,15,35,1,0,0,3,0,0,0.0,0
26,20,6,2,0,0,1,0,0,0.0,1
24,11,13,1,0,1,3,0,0,0.042,0
27,16,11,4,0,16,1,0,0,0.593,1
40,14,26,3,0,1,2,0,0,0.025,0
22,15,7,1,0,0,1,0,0,0.0,0
37,6,31,2,2,0,2,0,0,0.0,0
19,12,7,3,0,12,1,0,1,0.632,1
64,27,37,2,4,24,1,0,0,0.375,1
54,7,47,2,2,0,5,0,0,0.0,0
15,11,4,1,0,0,2,0,0,0.0,0
84,25,59,5,1,6,6,0,0,0.071,1
24,14,10,3,0,11,1,0,1,0.458,1
22,13,9,1,0,0,1,0,0,0.0,0
26,19,7,4,0,15,1,0,0,0.577,1
41,9,32,1,2,0,2,0,0,0.0,0
78,16,62,2,1,7,6,0,0,0.09,1
73,10,63,2,4,12,4,0,0,0.164,0
37,10,27,2,0,0,2,0,0,0.0,1
40,11,29,1,0,3,2,0,0,0.075,0
97,25,72,5,5,8,5,0,0,0.082,1
27,20,7,4,0,16,1,0,0,0.593,1
98,7,91,1,11,8,6,0,0,0.082,0
21,19,2,3,0,15,1,0,0,0.714,1
22,9,13,1,0,0,2,0,0,0.0,0
78,11,67,1,3,6,5,0,0,0.077,0
63,19,44,2,4,22,1,0,0,0.349,1
17,7,10,1,0,0,1,0,0,0.0,0
94,25,69,4,1,5,5,0,0,0.053,1
47,12,35,2,3,19,3,0,0,0.404,0
29,11,18,1,0,0,4,0,0,0.0,0
36,14,22,1,2,0,2,0,0,0.0,0
61,13,48,4,1,31,3,0,1,0.508,1
22,9,13,1,1,0,2,0,0,0.0,0
25,18,7,4,0,14,1,0,0,0.56,1
27,20,7,4,0,16,1,0,0,0.593,1
21,19,2,3,0,15,1,0,0,0.714,1
22,20,2,3,0,16,1,0,0,0.727,1
28,21,7,4,0,17,1,0,0,0.607,1
101,15,86,1,7,6,6,0,0,0.059,0
23,11,12,1,0,0,3,0,0,0.0,0
40,12,28,1,1,0,2,0,0,0.0,0
42,6,36,2,1,0,3,0,0,0.0,0
18,15,3,1,0,0,1,0,0,0.0,0
40,11,29,1,0,4,2,0,0,0.1,0
40,21,19,3,2,0,2,0,0,0.0,1
25,18,7,4,0,14,1,0,0,0.56,1
82,25,57,4,2,5,5,0,0,0.061,1
27,20,7,4,0,16,1,0,0,0.593,1
19,17,2,3,0,13,1,0,0,0.684,1
19,15,4,3,0,12,1,0,1,0.632,1
20,18,2,3,0,14,1,0,0,0.7,1
26,13,13,4,0,10,1,0,1,0.385,1
64,20,44,2,4,21,1,0,0,0.328,1
20,18,2,3,0,14,1,0,0,0.7,1
42,20,22,1,3,3,3,0,0,0.071,0
20,15,5,3,0,12,1,0,1,0.6,1
44,11,33,1,3,0,4,0,0,0.0,0
25,14,11,2,0,1,2,0,0,0.04,1
36,10,26,1,0,0,3,0,0,0.0,0
27,20,7,4,0,16,1,0,0,0.593,1
102,25,77,4,2,5,5,0,0,0.049,1
19,12,7,1,0,0,1,0,0,0.0,0
26,19,7,4,0,15,1,0,0,0.577,1
27,20,7,4,0,16,1,0,0,0.593,1
61,14,47,4,0,13,2,0,1,0.213,1
31,9,22,2,0,2,2,0,0,0.065,0
42,7,35,2,1,0,3,0,0,0.0,0
23,11,12,1,0,0,1,0,0,0.0,0
130,25,105,5,8,3,5,0,0,0.023,1
90,25,65,4,0,2,7,0,0,0.022,1
60,7,53,1,5,0,4,0,0,0.0,0
23,11,12,1,0,0,3,0,0,0.0,0
60,6,54,3,4,7,3,0,0,0.117,0
44,7,37,2,2,0,4,0,0,0.0,0
21,16,5,3,0,13,1,0,0,0.619,1
18,9,9,1,0,0,2,0,0,0.0,0
47,6,41,2,1,0,3,0,0,0.0,0
21,10,11,2,0,0,2,0,0,0.0,0
19,7,12,2,0,0,1,0,0,0.0,0
16,10,6,1,0,0,2,0,0,0.0,0
34,9,25,1,1,0,2,0,0,0.0,0
32,17,15,2,0,2,2,0,0,0.062,1
27,9,18,1,0,0,3,0,0,0.0,0
32,10,22,1,1,0,2,0,0,0.0,0
25,13,12,5,2,12,1,0,1,0.48,1
38,15,23,1,2,3,3,0,0,0.079,0
40,11,29,1,0,6,2,0,0,0.15,0
30,10,20,1,2,0,3,0,0,0.0,0
25,18,7,4,0,14,1,0,0,0.56,1
21,19,2,3,0,15,1,0,0,0.714,1
46,9,37,2,0,3,4,0,0,0.065,0
100,25,75,5,2,3,6,0,0,0.03,1
110,25,85,4,5,6,5,0,0,0.055,1
21,11,10,1,0,0,2,0,0,0.0,0
70,25,45,4,2,6,5,0,0,0.086,1
27,16,11,1,0,0,2,0,0,0.0,0
28,15,13,2,0,6,2,0,0,0.214,1
16,10,6,1,0,0,1,0,0,0.0,0
61,13,48,4,1,28,3,0,1,0.459,1
60,11,49,2,3,2,4,0,0,0.033,0
25,18,7,4,0,14,1,0,0,0.56,1
104,25,79,4,2,5,5,0,0,0.048,1
29,6,23,1,1,0,2,0,0,0.0,0
56,19,37,2,4,21,1,0,0,0.375,1
22,20,2,3,0,16,1,0,0,0.727,1
31,11,20,1,0,0,4,0,0,0.0,0
151,25,126,4,11,6,5,0,0,0.04,1
23,21,2,3,0,17,1,0,0,0.739,1
86,25,61,4,2,2,5,0,0,0.023,1
101,7,94,1,11,8,6,0,0,0.079,0
32,6,26,1,1,0,3,0,0,0.0,0
20,18,2,3,0,14,1,0,0,0.7,1
97,15,82,1,7,0,4,0,0,0.0,0
32,12,20,4,0,11,2,0,1,0.344,1
38,10,28,1,3,14,2,0,0,0.368,0
22,20,2,3,0,16,1,0,0,0.727,1
81,25,56,5,0,5,5,0,0,0.062,1
113,25,88,4,3,2,8,0,0,0.018,1
32,14,18,1,1,0,2,0,0,0.0,0
29,18,11,1,2,0,3,0,0,0.0,0
15,11,4,1,0,0,2,0,0,0.0,0
40,11,29,1,0,5,2,0,0,0.125,0
23,21,2,3,0,17,1,0,0,0.739,1
22,20,2,3,0,16,1,0,0,0.727,1
20,18,2,3,0,14,1,0,0,0.7,1
97,25,72,4,5,5,6,0,0,0.052,1
88,25,63,4,1,5,5,0,0,0.057,1
19,10,9,1,0,0,1,0,0,0.0,0
33,6,27,1,2,0,2,0,0,0.0,0
21,12,9,1,0,0,1,0,0,0.0,0
18,15,3,1,0,0,1,0,0,0.0,0
98,25,73,5,2,7,6,0,0,0.071,1
20,7,13,1,0,5,4,0,0,0.25,0
87,9,78,2,1,8,7,0,0,0.092,1
121,25,96,5,7,3,5,0,0,0.025,1
28,21,7,4,0,17,1,0,0,0.607,1
22,12,10,3,0,9,1,0,1,0.409,1
145,11,134,5,3,22,8,0,0,0.152,0
32,17,15,2,0,3,2,0,0,0.094,1
32,15,17,1,0,0,2,0,0,0.0,0
31,15,16,3,0,13,2,0,1,0.419,1
114,9,105,5,1,22,5,0,0,0.193,0
48,10,38,2,3,6,2,0,0,0.125,0
28,21,7,4,0,17,1,0,0,0.607,1
43,12,31,1,2,0,3,0,0,0.0,0
58,21,37,2,4,22,1,0,0,0.379,1
9,6,3,1,0,0,1,0,0,0.0,0
37,14,23,1,1,0,3,0,0,0.0,0
43,12,31,2,4,19,3,0,0,0.442,0
19,10,9,1,0,0,1,0,0,0.0,0
103,25,78,4,7,5,5,0,0,0.049,1
48,11,37,2,0,5,4,0,0,0.104,0
101,25,76,4,3,5,5,0,0,0.05,1
29,15,14,1,1,0,1,0,0,0.0,0
15,10,5,1,0,0,1,0,0,0.0,0
28,11,17,1,0,0,3,0,0,0.0,0
28,10,18,2,2,0,1,0,0,0.0,0
65,11,54,3,2,7,4,0,0,0.108,0
26,10,16,1,1,0,1,0,0,0.0,0
28,21,7,4,0,17,1,0,0,0.607,1
35,20,15,4,0,18,2,0,0,0.514,1
46,13,33,4,0,25,2,0,1,0.543,1
76,25,51,4,1,2,6,0,0,0.026,1
35,15,20,2,1,1,1,0,0,0.029,1
46,17,29,2,0,4,2,0,0,0.087,1
21,19,2,3,0,15,1,0,0,0.714,1
26,19,7,4,0,15,1,0,0,0.577,1
31,8,23,1,1,0,1,0,0,0.0,0
54,9,45,1,1,0,4,0,0,0.0,0
35,9,26,1,1,0,2,0,0,0.0,0
45,17,28,1,2,0,2,0,0,0.0,0
16,8,8,1,0,0,1,0,0,0.0,0
57,12,45,3,1,0,6,0,0,0.0,0
19,9,10,1,0,0,2,0,0,0.0,0
62,55,7,3,3,8,2,0,0,0.129,1
97,25,72,5,6,4,5,0,0,0.041,1
21,19,2,3,0,15,1,0,0,0.714,1
21,19,2,3,0,15,1,0,0,0.714,1
90,25,65,4,5,7,5,0,0,0.078,1
34,7,27,1,2,0,2,0,0,0.0,0
11,4,7,1,0,0,1,0,0,0.0,0
21,7,14,1,0,0,2,0,0,0.0,0
21,19,2,3,0,15,1,0,0,0.714,1
43,11,32,1,1,0,4,0,0,0.0,0
40,11,29,1,0,2,2,0,0,0.05,0
38,10,28,1,3,14,2,0,0,0.368,0
48,11,37,2,0,6,4,0,0,0.125,0
107,25,82,4,2,3,5,0,0,0.028,1
58,10,48,2,1,4,5,0,0,0.069,0
60,11,49,1,2,6,4,0,0,0.1,0
36,10,26,1,1,0,3,0,0,0.0,0
42,12,30,4,0,27,2,0,1,0.643,1
25,13,12,4,0,10,1,0,1,0.4,1
48,11,37,1,2,0,5,0,0,0.0,0
78,7,71,1,6,8,6,0,0,0.103,0
15,11,4,1,0,0,2,0,0,0.0,0
110,25,85,4,4,5,5,0,0,0.045,1
26,19,7,4,0,15,1,0,0,0.577,1
18,11,7,1,1,0,2,0,0,0.0,0
24,17,7,3,0,15,1,0,0,0.625,1
110,25,85,4,4,5,5,0,0,0.045,1
22,20,2,3,0,16,1,0,0,0.727,1
17,11,6,1,0,0,1,0,0,0.0,0
15,11,4,1,0,0,2,0,0,0.0,0
56,19,37,2,4,23,1,0,0,0.411,1
43,11,32,1,3,0,4,0,0,0.0,0
23,21,2,3,0,17,1,0,0,0.739,1
64,20,44,2,4,23,1,0,0,0.359,1
117,25,92,4,4,9,5,0,0,0.077,1
19,12,7,3,0,14,1,0,1,0.737,1
15,7,8,1,0,0,1,0,0,0.0,0
41,15,26,1,1,0,3,0,0,0.0,0
29,10,19,1,0,0,3,0,0,0.0,0
31,11,20,1,0,0,3,0,0,0.0,0
24,10,14,1,1,0,2,0,0,0.0,0
27,20,7,4,0,16,1,0,0,0.593,1
85,25,60,4,0,5,5,0,0,0.059,1
11,8,3,1,0,2,1,0,0,0.182,0
28,10,18,2,0,0,2,0,0,0.0,0
20,11,9,1,0,0,2,0,0,0.0,0
23,13,10,4,0,12,1,0,1,0.522,1
32,11,21,1,0,0,4,0,0,0.0,0
21,10,11,1,0,0,1,0,0,0.0,0
25,18,7,4,0,14,1,0,0,0.56,1
33,10,23,1,0,0,3,0,0,0.0,0
28,15,13,1,1,0,1,0,0,0.0,0
110,25,85,4,4,2,6,0,0,0.018,1
17,11,6,1,0,0,2,0,0,0.0,0
26,19,7,4,0,15,1,0,0,0.577,1
102,25,77,4,1,3,9,0,0,0.029,1
110,25,85,4,5,5,5,0,0,0.045,1
41,10,31,1,0,0,3,0,0,0.0,0
22,20,2,3,0,16,1,0,0,0.727,1
64,13,51,4,0,17,2,0,1,0.266,1
28,13,15,4,0,10,2,0,1,0.357,1
62,6,56,1,4,5,4,0,0,0.081,0
82,25,57,4,3,2,5,0,0,0.024,1
36,10,26,1,2,0,2,0,0,0.0,0
24,11,13,1,0,0,3,0,0,0.0,0
42,24,18,4,1,1,2,0,0,0.024,1
15,9,6,1,0,0,1,0,0,0.0,0
37,13,24,4,0,10,2,0,1,0.27,1
74,25,49,5,1,7,5,0,0,0.095,1
98,25,73,4,2,5,5,0,0,0.051,1
30,6,24,1,1,0,2,0,0,0.0,0
26,19,7,4,0,15,1,0,0,0.577,1
25,7,18,2,0,0,2,0,0,0.0,0
29,10,19,2,0,0,2,0,0,0.0,0
64,7,57,1,4,8,6,0,0,0.125,0
18,15,3,1,0,0,1,0,0,0.0,0
21,11,10,1,0,0,1,0,0,0.0,0
73,25,48,4,2,3,6,0,0,0.041,1
26,15,11,1,0,0,1,0,0,0.0,0
42,10,32,1,2,0,2,0,0,0.0,0
62,25,37,2,4,21,1,0,0,0.339,1
50,11,39,1,1,0,3,0,0,0.0,0
26,19,7,4,0,15,1,0,0,0.577,1
107,25,82,4,3,2,7,0,0,0.019,1
67,11,56,3,2,10,4,0,0,0.149,0
35,15,20,1,1,0,3,0,0,0.0,0
27,14,13,1,1,0,2,0,0,0.0,0
40,7,33,1,2,0,4,0,0,0.0,0
19,14,5,3,0,12,1,0,1,0.632,1
20,9,11,1,1,0,2,0,0,0.0,0
19,14,5,3,0,12,1,0,1,0.632,1
23,15,8,1,0,0,1,0,0,0.0,0
37,10,27,1,1,0,3,0,0,0.0,0
48,11,37,2,0,5,4,0,0,0.104,0
27,10,17,2,0,0,1,0,0,0.0,0
19,12,7,3,0,14,1,0,1,0.737,1
61,13,48,4,1,31,3,0,1,0.508,1
46,8,38,2,0,11,4,0,0,0.239,0
21,9,12,2,0,0,2,0,0,0.0,0
40,11,29,1,0,4,2,0,0,0.1,0
14,10,4,1,0,0,1,0,0,0.0,0
31,11,20,1,0,0,4,0,0,0.0,0
48,11,37,2,0,5,4,0,0,0.104,0
57,20,37,2,4,27,1,0,0,0.474,1
42,11,31,1,1,0,4,0,0,0.0,0
102,25,77,5,4,7,5,0,0,0.069,1
20,18,2,3,0,14,1,0,0,0.7,1
18,14,4,3,0,11,1,0,1,0.611,1
56,6,50,2,3,5,3,0,0,0.089,0
62,25,37,2,4,24,1,0,0,0.387,1
33,15,18,1,0,0,3,0,0,0.0,0
22,20,2,3,0,16,1,0,0,0.727,1
18,11,7,1,1,0,2,0,0,0.0,0
29,17,12,4,0,13,1,0,0,0.448,1
32,6,26,1,1,0,3,0,0,0.0,0
33,14,19,1,0,0,3,0,0,0.0,0
65,21,44,2,4,26,1,0,0,0.4,1
24,12,12,4,0,10,1,0,1,0.417,1
28,10,18,2,0,2,2,0,0,0.071,0
69,11,58,2,3,5,4,0,0,0.072,0
46,10,36,2,3,4,2,0,0,0.087,0
97,25,72,4,2,2,5,0,0,0.021,1
33,10,23,1,0,0,3,0,0,0.0,0
40,11,29,1,0,3,2,0,0,0.075,0
55,9,46,3,1,11,4,0,0,0.2,0
21,19,2,3,0,15,1,0,0,0.714,1
45,7,38,2,2,0,3,0,0,0.0,0
22,10,12,1,0,0,3,0,0,0.0,0
18,15,3,1,0,0,1,0,0,0.0,0
125,25,100,6,7,5,6,0,0,0.04,1
27,20,7,4,0,16,1,0,0,0.593,1
34,26,8,3,1,7,1,0,0,0.206,1
58,21,37,2,4,30,1,0,0,0.517,1
27,20,7,4,0,16,1,0,0,0.593,1
28,19,9,4,0,15,1,0,0,0.536,1
24,13,11,4,0,11,2,0,1,0.458,1
18,13,5,4,0,10,1,0,1,0.556,1
64,11,53,2,3,1,4,0,0,0.016,0
69,11,58,3,2,10,4,0,0,0.145,0
26,14,12,3,0,15,1,0,1,0.577,1
36,9,27,1,1,0,2,0,0,0.0,0
34,10,24,1,1,0,2,0,0,0.0,0
11,7,4,1,0,0,2,0,0,0.0,0
136,25,111,5,4,6,9,0,0,0.044,1
22,15,7,1,0,0,1,0,0,0.0,0
154,25,129,4,13,9,5,0,0,0.058,1
60,12,48,1,1,0,4,0,0,0.0,0
27,9,18,1,2,0,1,0,0,0.0,0
111,17,94,1,9,0,3,0,0,0.0,0
19,9,10,1,0,0,1,0,0,0.0,0
22,20,2,3,0,16,1,0,0,0.727,1
48,11,37,2,1,6,4,0,0,0.125,0
30,9,21,2,2,0,1,0,0,0.0,0
97,25,72,4,3,6,5,0,0,0.062,1
19,10,9,1,0,0,1,0,0,0.0,0
24,12,12,1,1,0,2,0,0,0.0,0
22,20,2,3,0,16,1,0,0,0.727,1
27,20,7,4,0,16,1,0,0,0.593,1
17,11,6,1,0,0,1,0,0,0.0,0
24,17,7,4,0,13,1,0,0,0.542,1
61,55,6,3,3,8,1,0,0,0.131,1
49,11,38,1,4,0,4,0,0,0.0,0
43,11,32,1,5,0,3,0,0,0.0,0
69,16,53,1,4,3,3,0,0,0.043,0
18,9,9,1,0,0,1,0,0,0.0,0
58,13,45,4,0,27,2,0,1,0.466,1
20,12,8,1,0,0,2,0,0,0.0,0
19,9,10,1,0,0,1,0,0,0.0,0
72,12,60,1,3,0,4,0,0,0.0,0
45,17,28,2,0,18,2,0,0,0.4,1
97,11,86,2,3,34,5,0,0,0.351,0
27,20,7,4,0,16,1,0,0,0.593,1
22,20,2,3,0,16,1,0,0,0.727,1
37,10,27,1,2,0,2,0,0,0.0,0
36,9,27,2,0,1,3,0,0,0.028,0
16,9,7,1,0,0,2,0,0,0.0,0
40,11,29,1,0,6,2,0,0,0.15,0
17,10,7,1,0,0,2,0,0,0.0,0
24,10,14,2,0,0,1,0,0,0.0,0
24,13,11,4,0,10,1,0,1,0.417,1
34,6,28,1,0,1,3,0,0,0.029,0
31,8,23,1,1,0,1,0,0,0.0,0
26,13,13,4,0,10,1,0,1,0.385,1
28,12,16,4,0,9,2,0,1,0.321,1
21,19,2,3,0,15,1,0,0,0.714,1
22,20,2,3,0,16,1,0,0,0.727,1
26,19,7,4,0,15,1,0,0,0.577,1
27,10,17,1,1,0,2,0,0,0.0,0
30,15,15,1,2,0,1,0,0,0.0,0
27,10,17,1,0,0,3,0,0,0.0,0
31,17,14,2,0,2,2,0,0,0.065,1
53,11,42,2,2,3,2,0,0,0.057,0
16,7,9,1,0,0,2,0,0,0.0,0
20,11,9,1,0,0,1,0,0,0.0,0
104,10,94,3,4,6,6,0,0,0.058,1
21,8,13,1,0,0,1,0,0,0.0,0
28,9,19,1,0,0,4,0,0,0.0,0
78,25,53,4,0,6,6,0,0,0.077,1
130,25,105,4,2,3,8,0,0,0.023,1
102,10,92,5,1,20,4,0,0,0.196,0
19,12,7,3,0,13,1,0,1,0.684,1
39,15,24,1,0,0,4,0,0,0.0,0
22,20,2,3,0,16,1,0,0,0.727,1
27,20,7,4,0,16,1,0,0,0.593,1
29,10,19,1,0,0,2,0,0,0.0,0
57,20,37,2,4,24,1,0,0,0.421,1
23,10,13,1,0,0,2,0,0,0.0,0
38,12,26,1,0,0,4,0,0,0.0,0
50,6,44,2,1,1,3,0,0,0.02,0
33,23,10,1,0,1,2,0,0,0.03,1
46,12,34,1,2,0,3,0,0,0.0,0
47,16,31,2,1,4,3,0,0,0.085,0
17,7,10,1,1,0,2,0,0,0.0,0
38,17,21,2,0,2,2,0,0,0.053,1
26,19,7,4,0,15,1,0,0,0.577,1
20,18,2,3,0,14,1,0,0,0.7,1
26,19,7,4,0,15,1,0,0,0.577,1
21,19,2,3,0,15,1,0,0,0.714,1
23,21,2,3,0,17,1,0,0,0.739,1
37,14,23,5,0,11,2,0,1,0.297,1
22,20,2,3,0,16,1,0,0,0.727,1
56,9,47,2,2,0,3,0,0,0.0,0
27,9,18,1,1,0,2,0,0,0.0,0
50,15,35,1,2,0,3,0,0,0.0,0
19,12,7,3,0,13,1,0,1,0.684,1
27,11,16,1,1,0,3,0,0,0.0,0
95,25,70,4,2,3,5,0,0,0.032,1
119,25,94,5,3,7,5,0,0,0.059,1
26,10,16,1,1,0,2,0,0,0.0,0
56,19,37,2,4,20,1,0,0,0.357,1
37,11,26,1,1,0,4,0,0,0.0,0
65,21,44,2,4,17,1,0,0,0.262,1
22,13,9,3,0,13,1,0,1,0.591,1
110,25,85,4,2,4,5,0,0,0.036,1
21,19,2,3,0,15,1,0,0,0.714,1
24,11,13,1,1,0,1,0,0,0.0,0
30,12,18,3,0,9,2,0,1,0.3,1
22,20,2,3,0,16,1,0,0,0.727,1
48,11,37,2,0,7,4,0,0,0.146,0
40,11,29,1,0,0,5,0,0,0.0,0
21,19,2,3,0,15,1,0,0,0.714,1
37,25,12,2,0,5,1,0,0,0.135,1
21,19,2,3,0,15,1,0,0,0.714,1
75,25,50,4,2,4,5,0,0,0.053,1
40,10,30,1,0,0,3,0,0,0.0,0
27,20,7,4,0,16,1,0,0,0.593,1
22,13,9,3,0,10,2,0,1,0.455,1
23,21,2,3,0,17,1,0,0,0.739,1
61,55,6,3,3,8,1,0,0,0.131,1
149,11,138,5,4,20,10,0,0,0.134,0
75,25,50,4,2,3,5,0,0,0.04,1
20,18,2,3,0,14,1,0,0,0.7,1
20,18,2,3,0,14,1,0,0,0.7,1
20,10,10,1,0,0,1,0,0,0.0,0
93,25,68,4,2,6,5,0,0,0.065,1
104,25,79,6,2,9,5,0,0,0.087,1
61,55,6,3,3,8,1,0,0,0.131,1
21,15,6,1,0,0,1,0,0,0.0,0
19,12,7,3,0,10,1,0,1,0.526,1
21,10,11,1,1,0,1,0,0,0.0,0
21,9,12,1,0,0,1,0,0,0.0,0
57,13,44,1,4,0,2,0,0,0.0,0
26,13,13,1,0,0,2,0,0,0.0,0
26,19,7,4,0,15,1,0,0,0.577,1
26,19,7,4,0,15,1,0,0,0.577,1
22,20,2,3,0,16,1,0,0,0.727,1
65,21,44,2,4,28,1,0,0,0.431,1
93,25,68,4,2,7,5,0,0,0.075,1
30,9,21,1,0,0,2,0,0,0.0,0
26,19,7,4,0,15,1,0,0,0.577,1
31,11,20,1,1,0,4,0,0,0.0,0
86,25,61,4,1,5,5,0,0,0.058,1
90,25,65,4,4,5,7,0,0,0.056,1
23,21,2,3,0,17,1,0,0,0.739,1
102,9,93,3,3,43,2,0,0,0.422,0
67,11,56,3,2,11,4,0,0,0.164,0
18,9,9,1,1,0,2,0,0,0.0,0
21,8,13,1,0,0,1,0,0,0.0,0
19,6,13,1,0,0,2,0,0,0.0,0
17,13,4,3,0,10,1,0,1,0.588,1
100,25,75,5,1,5,5,0,0,0.05,1
35,7,28,2,0,0,3,0,0,0.0,0
22,20,2,3,0,16,1,0,0,0.727,1
29,18,11,1,2,0,3,0,0,0.0,0
43,12,31,3,0,0,5,0,0,0.0,0
18,14,4,3,0,12,1,0,1,0.667,1
37,13,24,3,1,0,2,0,0,0.0,1
94,16,78,3,4,22,4,0,0,0.234,1
100,25,75,4,1,5,7,0,0,0.05,1
46,20,26,1,1,0,4,0,0,0.0,0
35,15,20,1,0,0,2,0,0,0.0,0
40,11,29,1,0,7,2,0,0,0.175,0
19,14,5,3,0,12,1,0,1,0.632,1
20,11,9,1,0,0,1,0,0,0.0,0
21,10,11,1,0,0,2,0,0,0.0,0
26,10,16,1,0,0,2,0,0,0.0,0
34,9,25,1,2,0,3,0,0,0.0,0
64,6,58,1,4,0,5,0,0,0.0,0
25,9,16,1,2,0,2,0,0,0.0,0
38,13,25,4,0,12,2,0,1,0.316,1
72,25,47,5,0,7,5,0,0,0.097,1
26,12,14,1,0,5,2,0,0,0.192,0
20,18,2,3,0,14,1,0,0,0.7,1
48,9,39,1,0,0,5,0,0,0.0,0
31,14,17,3,0,18,1,0,1,0.581,1
85,25,60,5,2,3,6,0,0,0.035,1
35,14,21,1,0,0,3,0,0,0.0,0
26,14,12,2,0,0,1,0,0,0.0,0
21,12,9,1,0,0,2,0,0,0.0,0
32,17,15,2,0,2,2,0,0,0.062,1
20,18,2,3,0,14,1,0,0,0.7,1
28,10,18,1,0,0,2,0,0,0.0,0
17,11,6,1,0,1,1,0,0,0.059,0
57,9,48,2,1,0,6,0,0,0.0,0
26,19,7,4,0,15,1,0,0,0.577,1
20,7,13,1,0,5,4,0,0,0.25,0
20,7,13,1,0,5,4,0,0,0.25,0
23,13,10,4,0,11,1,0,1,0.478,1
25,18,7,4,0,14,1,0,0,0.56,1
61,13,48,4,1,27,3,0,1,0.443,1
21,9,12,1,0,0,2,0,0,0.0,0
44,12,32,3,0,13,2,0,1,0.295,1
58,13,45,4,0,31,2,0,1,0.534,1
22,20,2,3,0,16,1,0,0,0.727,1
22,20,2,3,0,16,1,0,0,0.727,1
94,25,69,4,2,5,5,0,0,0.053,1
52,10,42,1,3,0,3,0,0,0.0,0
41,12,29,4,0,27,2,0,1,0.659,1
26,19,7,4,0,15,1,0,0,0.577,1
143,9,134,5,4,26,6,0,0,0.182,0
26,19,7,4,0,15,1,0,0,0.577,1
48,11,37,2,1,6,4,0,0,0.125,0
62,18,44,2,4,21,1,0,0,0.339,1
20,15,5,3,0,12,1,0,1,0.6,1
21,11,10,1,0,0,2,0,0,0.0,0
61,24,37,2,4,21,1,0,0,0.344,1
30,12,18,1,0,0,2,0,0,0.0,0
20,7,13,1,1,0,2,0,0,0.0,0
45,7,38,2,2,6,2,0,0,0.133,0
37,15,22,1,0,0,3,0,0,0.0,0
18,9,9,1,0,0,1,0,0,0.0,0
26,18,8,3,1,1,1,0,0,0.038,1
27,20,7,4,0,16,1,0,0,0.593,1
45,7,38,2,0,0,5,0,0,0.0,0
25,18,7,4,0,14,1,0,0,0.56,1
27,20,7,4,0,16,1,0,0,0.593,1
28,21,7,4,0,17,1,0,0,0.607,1
23,13,10,3,0,10,2,0,1,0.435,1
25,15,10,1,0,0,2,0,0,0.0,0
26,19,7,4,0,15,1,0,0,0.577,1
21,19,2,3,0,15,1,0,0,0.714,1
112,6,106,4,5,5,6,0,0,0.045,0
22,20,2,3,0,16,1,0,0,0.727,1
36,17,19,2,0,2,2,0,0,0.056,1
42,6,36,2,1,1,3,0,0,0.024,0
21,19,2,3,0,15,1,0,0,0.714,1
27,20,7,4,0,16,1,0,0,0.593,1
23,14,9,3,0,13,2,0,1,0.565,1
27,13,14,1,0,0,1,0,0,0.0,0
28,11,17,1,0,0,3,0,0,0.0,0
129,25,104,4,3,8,5,0,0,0.062,1
27,20,7,4,0,16,1,0,0,0.593,1
18,14,4,3,0,11,1,0,1,0.611,1
93,25,68,4,2,2,5,0,0,0.022,1
70,33,37,2,4,21,1,0,0,0.3,1
31,19,12,1,0,0,2,0,0,0.0,0
26,10,16,1,0,0,2,0,0,0.0,0
25,10,15,1,1,0,1,0,0,0.0,0
49,9,40,2,0,0,6,0,0,0.0,0
32,12,20,4,0,13,2,0,1,0.406,1
25,12,13,1,0,0,2,0,0,0.0,0
59,9,50,1,3,0,3,0,0,0.0,0
79,9,70,2,5,9,4,0,0,0.114,0
48,6,42,1,1,1,3,0,0,0.021,0
116,25,91,5,5,5,5,0,0,0.043,1
19,17,2,3,0,13,1,0,0,0.684,1
35,17,18,2,0,2,2,0,0,0.057,1
127,25,102,5,6,5,6,0,0,0.039,1
37,10,27,1,1,0,2,0,0,0.0,0
88,25,63,4,0,2,5,0,0,0.023,1
29,17,12,2,0,2,1,0,0,0.069,1
106,25,81,4,1,2,6,0,0,0.019,1
19,10,9,1,0,0,1,0,0,0.0,0
144,25,119,4,2,5,7,0,0,0.035,1
59,10,49,1,3,0,4,0,0,0.0,0
48,11,37,4,0,4,4,0,0,0.083,0
42,11,31,1,3,0,4,0,0,0.0,0
21,19,2,3,0,15,1,0,0,0.714,1
27,19,8,1,0,0,1,0,0,0.0,0
24,11,13,1,0,3,2,0,0,0.125,1
52,6,46,2,2,0,3,0,0,0.0,0
19,12,7,3,0,14,1,0,1,0.737,1
112,25,87,4,2,7,6,0,0,0.062,1
25,10,15,1,1,0,1,0,0,0.0,0
46,15,31,1,0,0,4,0,0,0.0,0
20,6,14,1,0,0,2,0,0,0.0,0
16,11,5,1,0,0,2,0,0,0.0,0
22,20,2,3,0,16,1,0,0,0.727,1
64,10,54,3,0,1,7,0,0,0.016,1
37,10,27,2,1,4,2,0,0,0.108,0
55,10,45,2,1,4,5,0,0,0.073,0
26,7,19,1,0,0,3,0,0,0.0,0
86,25,61,4,0,2,5,0,0,0.023,1
15,10,5,1,0,0,1,0,0,0.0,0
23,21,2,3,0,17,1,0,0,0.739,1
85,25,60,4,2,2,5,0,0,0.024,1
130,25,105,4,9,9,5,0,0,0.069,1
62,25,37,2,4,19,1,0,0,0.306,1
27,20,7,4,0,16,1,0,0,0.593,1
54,17,37,2,4,25,1,0,0,0.463,1
25,10,15,2,0,0,1,0,0,0.0,0
22,9,13,1,0,0,4,0,0,0.0,0
92,25,67,5,2,6,6,0,0,0.065,1
36,13,23,5,0,10,2,0,1,0.278,1
109,6,103,4,5,5,6,0,0,0.046,0
39,17,22,2,0,2,2,0,0,0.051,1
39,12,27,1,0,0,3,0,0,0.0,0
19,12,7,1,0,0,2,0,0,0.0,0
27,13,14,3,0,1,2,0,0,0.037,1
21,19,2,3,0,15,1,0,0,0.714,1
66,6,60,1,4,0,5,0,0,0.0,0
20,18,2,3,0,14,1,0,0,0.7,1
22,20,2,3,0,16,1,0,0,0.727,1
29,12,17,4,0,10,3,0,1,0.345,1
45,12,33,3,0,9,2,0,1,0.2,1
26,19,7,4,0,15,1,0,0,0.577,1
51,16,35,4,0,5,3,0,0,0.098,0
26,19,7,4,0,15,1,0,0,0.577,1
32,11,21,2,0,0,2,0,0,0.0,0
29,13,16,4,0,10,2,0,1,0.345,1
48,10,38,1,1,0,4,0,0,0.0,0
62,15,47,1,2,0,5,0,0,0.0,0
40,17,23,2,0,4,2,0,0,0.1,1
28,10,18,2,0,3,2,0,0,0.107,0
24,15,9,1,0,0,2,0,0,0.0,0
23,21,2,3,0,17,1,0,0,0.739,1
151,25,126,4,11,4,6,0,0,0.026,1
25,17,8,1,0,0,1,0,0,0.0,0
36,10,26,1,0,0,5,0,0,0.0,0
48,10,38,2,3,6,2,0,0,0.125,0
20,13,7,3,0,14,1,0,1,0.7,1
25,14,11,1,1,0,2,0,0,0.0,0
26,12,14,3,0,11,1,0,1,0.423,1
32,14,18,4,0,11,2,0,1,0.344,1
29,15,14,1,0,0,2,0,0,0.0,0
113,25,88,4,2,8,5,0,0,0.071,1
32,14,18,4,0,11,1,0,1,0.344,1
53,7,46,1,2,0,4,0,0,0.0,0
20,11,9,3,0,10,2,0,1,0.5,1
48,11,37,2,0,4,4,0,0,0.083,0
53,11,42,1,0,0,4,0,0,0.0,0
19,14,5,3,0,11,1,0,1,0.579,1
20,18,2,3,0,14,1,0,0,0.7,1
91,25,66,4,4,6,5,0,0,0.066,1
32,11,21,2,3,0,1,0,0,0.0,0
32,9,23,1,2,0,1,0,0,0.0,0
54,15,39,4,0,12,3,0,1,0.222,1
28,10,18,2,1,1,2,0,0,0.036,0
19,12,7,3,0,12,1,0,1,0.632,1
61,13,48,4,1,32,3,0,1,0.525,1
86,25,61,4,2,7,5,0,0,0.081,1
30,13,17,3,0,1,2,0,0,0.033,1
49,11,38,1,2,0,4,0,0,0.0,0
27,16,11,4,0,12,1,0,0,0.444,1
27,13,14,4,0,15,2,0,1,0.556,1
27,20,7,4,0,16,1,0,0,0.593,1
18,11,7,3,0,13,1,0,1,0.722,1
19,12,7,3,0,14,1,0,1,0.737,1
76,9,67,2,5,9,4,0,0,0.118,0
61,14,47,1,3,0,4,0,0,0.0,0
17,12,5,1,0,0,1,0,0,0.0,0
30,12,18,1,0,0,3,0,0,0.0,0
67,11,56,3,2,13,4,0,0,0.194,0
28,9,19,2,0,0,4,0,0,0.0,0
109,25,84,4,2,2,5,0,0,0.018,1
19,12,7,3,0,11,1,0,1,0.579,1
32,10,22,1,0,0,3,0,0,0.0,0
33,10,23,1,1,0,2,0,0,0.0,0
18,11,7,3,0,12,1,0,1,0.667,1
104,25,79,5,5,5,7,0,0,0.048,1
20,18,2,3,0,14,1,0,0,0.7,1
41,10,31,2,3,9,2,0,0,0.22,0
26,19,7,4,0,15,1,0,0,0.577,1
48,11,37,3,0,7,4,0,0,0.146,0
25,18,7,4,0,14,1,0,0,0.56,1
23,14,9,3,0,12,2,0,1,0.522,1
27,10,17,1,1,0,2,0,0,0.0,0
50,12,38,2,0,11,4,0,0,0.22,0
58,10,48,1,4,0,2,0,0,0.0,0
21,19,2,3,0,15,1,0,0,0.714,1
39,14,25,1,0,0,3,0,0,0.0,0
25,18,7,4,0,14,1,0,0,0.56,1
23,21,2,3,0,17,1,0,0,0.739,1
26,12,14,2,1,0,1,0,0,0.0,1
18,11,7,3,0,14,1,0,1,0.778,1
18,7,11,1,0,0,2,0,0,0.0,0
67,23,44,2,4,24,1,0,0,0.358,1
36,11,25,1,1,0,3,0,0,0.0,0
15,11,4,1,0,0,2,0,0,0.0,0
28,21,7,4,0,17,1,0,0,0.607,1
31,10,21,1,1,0,2,0,0,0.0,0
18,9,9,1,0,0,1,0,0,0.0,0
25,15,10,3,0,14,2,0,1,0.56,1
31,10,21,2,0,0,2,0,0,0.0,0
33,11,22,1,2,0,2,0,0,0.0,0
92,25,67,4,0,4,7,0,0,0.043,1
31,6,25,1,1,0,2,0,0,0.0,0
37,10,27,2,1,4,2,0,0,0.108,0
66,22,44,2,4,24,1,0,0,0.364,1
42,9,33,1,0,0,5,0,0,0.0,0
61,55,6,3,3,8,1,0,0,0.131,1
92,25,67,4,2,4,5,0,0,0.043,1
58,13,45,4,0,30,2,0,1,0.517,1
44,9,35,1,2,0,2,0,0,0.0,0
65,28,37,2,4,19,1,0,0,0.292,1
36,13,23,4,0,11,2,0,1,0.306,1
26,19,7,4,0,15,1,0,0,0.577,1
27,11,16,1,1,0,1,0,0,0.0,0
20,12,8,1,0,0,1,0,0,0.0,0
18,11,7,3,0,11,1,0,1,0.611,1
48,10,38,2,0,9,4,0,0,0.188,0
61,7,54,2,3,0,3,0,0,0.0,0
25,10,15,1,1,0,2,0,0,0.0,0
18,15,3,1,0,0,1,0,0,0.0,0
21,10,11,1,0,0,2,0,0,0.0,0
34,9,25,1,2,0,3,0,0,0.0,0
68,11,57,2,3,0,4,0,0,0.0,0
48,11,37,3,1,4,4,0,0,0.083,0
35,10,25,1,1,0,3,0,0,0.0,0
21,19,2,3,0,15,1,0,0,0.714,1
20,18,2,3,0,14,1,0,0,0.7,1
20,15,5,3,0,13,1,0,1,0.65,1
28,6,22,1,3,0,2,0,0,0.0,0
20,12,8,1,0,0,2,0,0,0.0,0
34,15,19,1,0,0,3,0,0,0.0,0
19,14,5,3,0,11,1,0,1,0.579,1
39,10,29,1,1,0,2,0,0,0.0,0
22,20,2,3,0,16,1,0,0,0.727,1
86,25,61,4,3,2,7,0,0,0.023,1
28,10,18,2,0,2,2,0,0,0.071,0
35,6,29,1,0,0,3,0,0,0.0,0
37,13,24,1,1,0,2,0,0,0.0,0
25,18,7,4,0,14,1,0,0,0.56,1
30,15,15,1,0,0,3,0,0,0.0,0
40,9,31,1,0,0,5,0,0,0.0,0
56,14,42,1,3,0,4,0,0,0.0,0
59,12,47,1,2,0,4,0,0,0.0,0
17,6,11,1,0,4,2,0,0,0.235,1
11,7,4,1,0,0,2,0,0,0.0,0
28,6,22,1,1,4,2,0,0,0.143,0
52,6,46,3,1,12,4,0,0,0.231,0
66,14,52,2,1,0,4,0,0,0.0,0
98,9,89,3,4,4,6,0,0,0.041,0
19,14,5,3,0,12,1,0,1,0.632,1
48,17,31,1,2,0,2,0,0,0.0,0
66,6,60,1,2,0,5,0,0,0.0,0
61,55,6,3,3,8,1,0,0,0.131,1
18,10,8,1,0,0,1,0,0,0.0,0
19,17,2,3,0,13,1,0,0,0.684,1
90,25,65,4,2,2,7,0,0,0.022,1
18,11,7,1,0,0,1,0,0,0.0,0
23,21,2,3,0,17,1,0,0,0.739,1
26,19,7,4,0,15,1,0,0,0.577,1
27,20,7,4,0,16,1,0,0,0.593,1
19,17,2,3,0,13,1,0,0,0.684,1
165,25,140,4,13,8,5,0,0,0.048,1
40,11,29,1,0,0,4,0,0,0.0,0
34,12,22,4,0,13,2,0,1,0.382,1
23,21,2,3,0,17,1,0,0,0.739,1
22,14,8,4,0,11,1,0,1,0.5,1
36,10,26,1,2,0,3,0,0,0.0,0
47,15,32,1,1,0,3,0,0,0.0,0
89,25,64,4,0,6,6,0,0,0.067,1
26,19,7,4,0,15,1,0,0,0.577,1
28,10,18,2,0,0,2,0,0,0.0,0
33,10,23,1,0,0,2,0,0,0.0,0
30,9,21,1,2,0,1,0,0,0.0,0
111,65,46,5,0,26,3,0,0,0.234,1
103,16,87,1,8,0,5,0,0,0.0,0
18,14,4,3,0,12,1,0,1,0.667,1
88,16,72,3,2,4,6,0,0,0.045,0
58,21,37,2,4,26,1,0,0,0.448,1
23,13,10,3,0,11,2,0,1,0.478,1
16,9,7,1,0,0,2,0,0,0.0,0
95,25,70,5,4,7,5,0,0,0.074,1
22,13,9,4,0,10,1,0,1,0.455,1
23,7,16,2,0,1,2,0,0,0.043,0
20,15,5,3,0,12,1,0,1,0.6,1
19,12,7,3,0,12,1,0,1,0.632,1
29,11,18,1,2,0,1,0,0,0.0,0
33,11,22,1,0,0,3,0,0,0.0,0
55,44,11,4,2,0,1,0,0,0.0,1
20,18,2,3,0,14,1,0,0,0.7,1
23,21,2,3,0,17,1,0,0,0.739,1
64,20,44,2,4,25,1,0,0,0.391,1
84,25,59,4,1,2,5,0,0,0.024,1
49,6,43,2,2,0,3,0,0,0.0,0
28,11,17,1,0,0,3,0,0,0.0,0
24,15,9,1,0,0,2,0,0,0.0,0
17,12,5,3,0,10,1,0,1,0.588,1
55,43,12,3,1,21,1,0,0,0.382,1
24,14,10,1,0,0,2,0,0,0.0,0
23,14,9,1,0,0,2,0,0,0.0,0
22,11,11,1,0,0,1,0,0,0.0,0
53,7,46,1,3,0,4,0,0,0.0,0
43,11,32,1,0,0,3,0,0,0.0,0
31,10,21,1,2,0,1,0,0,0.0,0
25,18,7,4,0,14,1,0,0,0.56,1
33,10,23,1,1,0,2,0,0,0.0,0
31,10,21,1,1,0,2,0,0,0.0,0
97,9,88,2,4,0,8,0,0,0.0,0
24,17,7,4,0,13,1,0,0,0.542,1
90,25,65,4,5,5,5,0,0,0.056,1
15,11,4,1,0,0,2,0,0,0.0,0
22,20,2,3,0,16,1,0,0,0.727,1
174,14,160,4,0,50,3,0,1,0.287,1
22,20,2,3,0,16,1,0,0,0.727,1
15,11,4,1,0,0,2,0,0,0.0,0
51,11,40,1,2,0,5,0,0,0.0,0
26,9,17,1,1,0,1,0,0,0.0,0
18,7,11,1,0,0,1,0,0,0.0,0
41,10,31,2,2,0,2,0,0,0.0,0
26,19,7,4,0,15,1,0,0,0.577,1
49,15,34,1,3,0,2,0,0,0.0,0
23,7,16,1,0,0,2,0,0,0.0,0
153,11,142,5,3,15,10,0,0,0.098,0
19,12,7,3,0,13,1,0,1,0.684,1
33,12,21,4,0,10,3,0,1,0.303,1
22,13,9,1,0,0,1,0,0,0.0,0
15,11,4,1,0,0,2,0,0,0.0,0
29,8,21,2,0,0,1,0,0,0.0,0
23,10,13,1,0,0,2,0,0,0.0,0
20,15,5,3,0,13,1,0,1,0.65,1
21,19,2,3,0,15,1,0,0,0.714,1
19,10,9,1,0,0,2,0,0,0.0,0
22,20,2,3,0,16,1,0,0,0.727,1
25,18,7,4,0,14,1,0,0,0.56,1
37,14,23,5,0,11,2,0,1,0.297,1
19,15,4,1,0,0,1,0,0,0.0,0
19,12,7,3,0,12,1,0,1,0.632,1
25,17,8,1,0,0,1,0,0,0.0,0
35,12,23,5,0,9,2,0,1,0.257,1
25,16,9,3,0,1,1,0,0,0.04,1
24,17,7,4,0,13,1,0,0,0.542,1
27,20,7,4,0,16,1,0,0,0.593,1
23,14,9,1,0,0,2,0,0,0.0,0
22,14,8,4,0,11,1,0,1,0.5,1
21,19,2,3,0,15,1,0,0,0.714,1
104,25,79,4,3,5,7,0,0,0.048,1
27,11,16,1,1,0,1,0,0,0.0,0
21,9,12,1,1,0,2,0,0,0.0,0
26,11,15,1,1,0,1,0,0,0.0,0
62,55,7,3,3,8,2,0,0,0.129,1
27,20,7,4,0,16,1,0,0,0.593,1
68,24,44,2,4,24,1,0,0,0.353,1
22,11,11,1,0,0,1,0,0,0.0,0
61,13,48,4,1,33,3,0,1,0.541,1
32,12,20,1,0,0,2,0,0,0.0,0
32,10,22,2,0,1,2,0,0,0.031,1
34,11,23,1,1,0,4,0,0,0.0,0
48,11,37,1,3,0,3,0,0,0.0,0
20,18,2,3,0,14,1,0,0,0.7,1
48,11,37,4,0,4,4,0,0,0.083,0
114,11,103,2,11,13,5,0,0,0.114,0
61,13,48,4,1,29,3,0,1,0.475,1
16,8,8,1,0,0,1,0,0,0.0,0
16,11,5,1,0,0,2,0,0,0.0,0
44,12,32,4,0,13,2,0,1,0.295,1
28,9,19,1,0,0,2,0,0,0.0,0
23,11,12,1,0,0,3,0,0,0.0,0
32,10,22,3,0,0,2,0,0,0.0,0
26,19,7,4,0,15,1,0,0,0.577,1
26,19,7,4,0,15,1,0,0,0.577,1
16,11,5,1,0,0,2,0,0,0.0,0
66,22,44,2,4,23,1,0,0,0.348,1
85,25,60,4,0,2,6,0,0,0.024,1
20,18,2,3,0,14,1,0,0,0.7,1
24,9,15,2,0,0,2,0,0,0.0,0
42,10,32,3,0,13,1,0,0,0.31,0
20,12,8,1,0,0,1,0,0,0.0,0
26,19,7,1,0,0,2,0,0,0.0,0
45,10,35,2,1,1,3,0,0,0.022,0
106,25,81,4,1,5,8,0,0,0.047,1
24,18,6,3,0,14,1,0,0,0.583,1
20,12,8,1,0,0,1,0,0,0.0,0
53,9,44,2,3,0,3,0,0,0.0,0
16,10,6,1,0,0,1,0,0,0.0,0
15,8,7,1,0,0,1,0,0,0.0,0
45,7,38,2,2,1,3,0,0,0.022,0
25,13,12,1,0,0,1,0,0,0.0,0
23,15,8,1,0,0,1,0,0,0.0,0
83,25,58,4,1,2,6,0,0,0.024,1
36,10,26,1,0,0,3,0,0,0.0,0
66,6,60,1,2,0,5,0,0,0.0,0
125,25,100,4,5,6,6,0,0,0.048,1
20,7,13,1,0,5,4,0,0,0.25,0
116,7,109,5,4,21,4,0,0,0.181,0
22,20,2,3,0,16,1,0,0,0.727,1
23,11,12,4,0,9,1,0,1,0.391,1
49,6,43,2,2,1,3,0,0,0.02,0
41,26,15,3,1,6,1,0,0,0.146,1
28,10,18,2,0,1,2,0,0,0.036,0
18,9,9,1,0,0,1,0,0,0.0,0
23,13,10,3,0,11,2,0,1,0.478,1
32,15,17,1,0,0,3,0,0,0.0,0
19,17,2,3,0,13,1,0,0,0.684,1
21,19,2,3,0,15,1,0,0,0.714,1
29,15,14,1,0,0,2,0,0,0.0,0
127,25,102,4,2,5,8,0,0,0.039,1
65,21,44,2,4,19,1,0,0,0.292,1
40,11,29,1,0,3,2,0,0,0.075,0
51,17,34,2,0,4,2,0,0,0.078,1
39,10,29,1,3,0,3,0,0,0.0,0
26,19,7,4,0,15,1,0,0,0.577,1
23,11,12,4,0,9,1,0,1,0.391,1
26,19,7,4,0,15,1,0,0,0.577,1
21,6,15,1,0,0,2,0,0,0.0,0
108,25,83,4,2,4,5,0,0,0.037,1
39,26,13,4,0,7,2,0,0,0.179,1
107,25,82,5,2,6,6,0,0,0.056,1
21,9,12,1,0,0,2,0,0,0.0,0
34,10,24,1,1,0,3,0,0,0.0,0
20,9,11,1,1,0,2,0,0,0.0,0
14,9,5,2,0,0,1,0,0,0.0,0
34,17,17,2,0,2,2,0,0,0.059,1
29,18,11,1,2,0,3,0,0,0.0,0
24,16,8,4,0,13,1,0,0,0.542,1
17,12,5,3,0,10,1,0,1,0.588,1
44,6,38,2,1,1,3,0,0,0.023,0
26,19,7,4,0,15,1,0,0,0.577,1
58,13,45,4,0,10,2,0,1,0.172,1
21,19,2,3,0,15,1,0,0,0.714,1
21,19,2,3,0,15,1,0,0,0.714,1
19,9,10,1,1,0,1,0,0,0.0,0
38,9,29,1,0,0,4,0,0,0.0,0
44,12,32,4,0,13,2,0,1,0.295,1
32,11,21,1,2,0,1,0,0,0.0,0
28,18,10,3,0,1,1,0,0,0.036,1
28,9,19,2,0,0,4,0,0,0.0,0
19,12,7,1,0,1,2,0,0,0.053,1
19,12,7,3,0,14,1,0,1,0.737,1
108,25,83,4,0,6,8,0,0,0.056,1
25,13,12,4,0,12,1,0,1,0.48,1
79,25,54,4,1,2,6,0,0,0.025,1
47,12,35,1,1,0,3,0,0,0.0,0
18,11,7,3,0,12,1,0,1,0.667,1
38,11,27,1,3,0,3,0,0,0.0,0
82,25,57,4,3,5,5,0,0,0.061,1
15,11,4,1,0,0,2,0,0,0.0,0
190,25,165,4,8,7,7,0,0,0.037,1
28,10,18,2,0,3,2,0,0,0.107,0
24,17,7,4,0,13,1,0,0,0.542,1
65,21,44,2,4,24,1,0,0,0.369,1
33,11,22,1,1,0,3,0,0,0.0,0
44,11,33,1,3,0,4,0,0,0.0,0
25,8,17,1,1,0,1,0,0,0.0,0
21,19,2,3,0,15,1,0,0,0.714,1
30,11,19,1,1,0,3,0,0,0.0,0
119,25,94,4,3,6,6,0,0,0.05,1
19,12,7,3,0,14,1,0,1,0.737,1
22,12,10,1,0,0,2,0,0,0.0,0
72,10,62,1,7,0,2,0,0,0.0,0
17,12,5,3,0,10,1,0,1,0.588,1
101,9,92,5,3,20,4,0,0,0.198,0
79,25,54,4,5,6,5,0,0,0.076,1
19,12,7,3,0,12,1,0,1,0.632,1
28,11,17,1,0,0,4,0,0,0.0,0
21,7,14,1,1,0,1,0,0,0.0,0
26,12,14,1,0,5,2,0,0,0.192,0
71,7,64,1,7,8,5,0,0,0.113,0
22,20,2,3,0,16,1,0,0,0.727,1
30,15,15,1,0,0,3,0,0,0.0,0
27,20,7,4,0,16,1,0,0,0.593,1
25,18,7,4,0,14,1,0,0,0.56,1
30,14,16,1,0,0,3,0,0,0.0,0
29,17,12,1,0,0,1,0,0,0.0,0
29,10,19,1,2,0,1,0,0,0.0,0
20,18,2,3,0,14,1,0,0,0.7,1
107,11,96,3,1,0,9,0,0,0.0,0
27,20,7,4,0,16,1,0,0,0.593,1
72,28,44,2,4,20,1,0,0,0.278,1
17,12,5,3,0,9,1,0,1,0.529,1
52,16,36,1,3,0,3,0,0,0.0,0
33,14,19,4,0,17,2,0,1,0.515,1
19,15,4,3,0,14,1,0,1,0.737,1
47,6,41,2,2,1,3,0,0,0.021,0
48,11,37,2,0,5,4,0,0,0.104,0
33,12,21,1,0,0,2,0,0,0.0,0
38,11,27,1,1,0,3,0,0,0.0,0
143,25,118,4,9,3,5,0,0,0.021,1
27,13,14,4,0,13,2,0,1,0.481,1
33,12,21,1,0,0,2,0,0,0.0,0
28,16,12,2,0,0,1,0,0,0.0,0
28,14,14,1,0,0,2,0,0,0.0,0
31,11,20,1,1,0,1,0,0,0.0,0
62,55,7,3,3,8,2,0,0,0.129,1
26,19,7,4,0,15,1,0,0,0.577,1
26,19,7,4,0,15,1,0,0,0.577,1
58,6,52,1,2,0,5,0,0,0.0,0
46,11,35,1,3,0,3,0,0,0.0,0
65,28,37,2,4,22,1,0,0,0.338,1
110,25,85,4,5,2,5,0,0,0.018,1
17,9,8,1,0,0,1,0,0,0.0,0
38,13,25,4,0,24,2,0,1,0.632,1
67,14,53,1,5,0,4,0,0,0.0,0
25,18,7,4,0,14,1,0,0,0.56,1
87,25,62,4,5,2,5,0,0,0.023,1
126,25,101,4,9,2,5,0,0,0.016,1
15,10,5,1,0,0,1,0,0,0.0,0
16,11,5,1,0,0,2,0,0,0.0,0
101,25,76,5,4,6,5,0,0,0.059,1
27,20,7,4,0,16,1,0,0,0.593,1
13,9,4,1,0,0,1,0,0,0.0,0
20,9,11,1,0,0,1,0,0,0.0,0
21,10,11,1,0,0,1,0,0,0.0,0
24,15,9,1,0,0,2,0,0,0.0,0
25,18,7,4,0,14,1,0,0,0.56,1
11,7,4,1,0,0,2,0,0,0.0,0
31,9,22,1,1,0,2,0,0,0.0,0
21,19,2,3,0,15,1,0,0,0.714,1
96,25,71,4,3,5,5,0,0,0.052,1
58,10,48,1,3,0,4,0,0,0.0,0
25,10,15,1,0,0,2,0,0,0.0,0
61,13,48,4,1,28,3,0,1,0.459,1
59,7,52,1,0,3,2,0,0,0.051,1
23,16,7,4,0,12,1,0,0,0.522,1
30,6,24,1,2,0,2,0,0,0.0,0
25,11,14,1,0,0,2,0,0,0.0,0
19,12,7,3,0,15,1,0,1,0.789,1
61,55,6,3,3,8,1,0,0,0.131,1
62,16,46,3,1,9,4,0,0,0.145,0
19,14,5,4,0,12,1,0,1,0.632,1
48,9,39,2,0,0,3,0,0,0.0,0
30,10,20,1,0,0,3,0,0,0.0,0
19,12,7,3,0,14,1,0,1,0.737,1
65,43,22,4,1,20,1,0,0,0.308,1
44,7,37,2,2,0,3,0,0,0.0,0
64,20,44,2,4,22,1,0,0,0.344,1
75,18,57,3,0,17,5,0,0,0.227,1
22,14,8,1,0,0,2,0,0,0.0,0
30,10,20,1,1,0,2,0,0,0.0,0
29,18,11,1,2,0,3,0,0,0.0,0
76,25,51,4,1,2,5,0,0,0.026,1
113,25,88,4,7,2,5,0,0,0.018,1
82,25,57,4,1,6,5,0,0,0.073,1
20,11,9,1,0,0,2,0,0,0.0,0
37,15,22,1,0,0,3,0,0,0.0,0
120,25,95,4,3,2,5,0,0,0.017,1
71,27,44,2,4,26,1,0,0,0.366,1
97,25,72,5,3,5,7,0,0,0.052,1
20,18,2,3,0,14,1,0,0,0.7,1
18,11,7,3,0,13,1,0,1,0.722,1
26,19,7,4,0,15,1,0,0,0.577,1
44,17,27,1,0,0,2,0,0,0.0,0
17,13,4,3,0,10,1,0,1,0.588,1
71,25,46,4,2,2,5,0,0,0.028,1
99,25,74,5,4,5,5,0,0,0.051,1
26,12,14,1,1,0,2,0,0,0.0,0
41,10,31,1,1,0,3,0,0,0.0,0
27,17,10,2,0,2,1,0,0,0.074,1
18,15,3,1,0,0,1,0,0,0.0,0
21,19,2,3,0,15,1,0,0,0.714,1
45,20,25,1,3,3,3,0,0,0.067,0
63,19,44,2,4,26,1,0,0,0.413,1
43,10,33,1,1,0,2,0,0,0.0,0
60,23,37,2,4,18,1,0,0,0.3,1
49,7,42,2,3,0,3,0,0,0.0,0
72,16,56,2,0,7,1,0,0,0.097,1
26,11,15,4,0,9,3,0,1,0.346,1
60,23,37,2,4,25,1,0,0,0.417,1
71,7,64,2,5,4,5,0,0,0.056,0
121,25,96,4,3,5,6,0,0,0.041,1
21,19,2,3,0,15,1,0,0,0.714,1
30,17,13,2,0,3,2,0,0,0.1,1
42,11,31,1,0,6,2,0,0,0.143,0
15,11,4,1,0,0,2,0,0,0.0,0
101,11,90,1,4,6,5,0,0,0.059,0
28,9,19,2,0,0,4,0,0,0.0,0
20,7,13,1,0,5,4,0,0,0.25,0
22,15,7,1,0,0,2,0,0,0.0,0
61,13,48,4,1,29,3,0,1,0.475,1
51,6,45,2,2,0,3,0,0,0.0,0
26,12,14,1,0,0,2,0,0,0.0,0
27,13,14,4,0,10,2,0,1,0.37,1
24,17,7,4,0,13,1,0,0,0.542,1
23,9,14,1,2,0,2,0,0,0.0,0
39,12,27,4,0,27,2,0,1,0.692,1
112,25,87,6,7,7,5,0,0,0.062,1
43,12,31,2,4,19,3,0,0,0.442,0
22,12,10,1,1,0,2,0,0,0.0,0
24,17,7,4,0,13,1,0,0,0.542,1
31,10,21,1,1,0,2,0,0,0.0,0
15,11,4,1,0,0,2,0,0,0.0,0
41,11,30,1,0,3,2,0,0,0.073,0
42,14,28,1,2,0,3,0,0,0.0,0
28,21,7,4,0,17,1,0,0,0.607,1
114,6,108,4,5,5,6,0,0,0.044,0
26,19,7,4,0,15,1,0,0,0.577,1
62,55,7,3,3,8,2,0,0,0.129,1
36,9,27,2,0,3,3,0,0,0.083,0
24,17,7,4,0,13,1,0,0,0.542,1
89,25,64,4,1,5,5,0,0,0.056,1
60,23,37,2,4,23,1,0,0,0.383,1
21,15,6,1,0,0,1,0,0,0.0,0
25,18,7,4,0,14,1,0,0,0.56,1
27,20,7,4,0,16,1,0,0,0.593,1
21,19,2,3,0,15,1,0,0,0.714,1
20,18,2,3,0,14,1,0,0,0.7,1
21,19,2,3,0,15,1,0,0,0.714,1
127,25,102,4,7,4,6,0,0,0.031,1
21,19,2,3,0,15,1,0,0,0.714,1
44,15,29,1,1,0,3,0,0,0.0,0
37,15,22,1,1,1,3,0,0,0.027,0
38,16,22,2,0,0,2,0,0,0.0,0
123,16,107,1,11,4,5,0,0,0.033,0
75,25,50,4,0,6,5,0,0,0.08,1
30,12,18,1,0,0,2,0,0,0.0,0
20,6,14,1,0,0,2,0,0,0.0,0
22,20,2,3,0,16,1,0,0,0.727,1
20,7,13,1,0,5,4,0,0,0.25,0
62,12,50,2,0,1,4,0,0,0.016,0
66,22,44,2,4,24,1,0,0,0.364,1
20,18,2,3,0,14,1,0,0,0.7,1
38,20,18,2,0,0,2,0,0,0.0,1
20,18,2,3,0,14,1,0,0,0.7,1
105,25,80,5,4,3,5,0,0,0.029,1
48,14,34,5,0,11,2,0,1,0.229,1
19,17,2,3,0,13,1,0,0,0.684,1
23,21,2,3,0,17,1,0,0,0.739,1
163,15,148,7,7,21,1,0,1,0.129,1
63,19,44,2,4,26,1,0,0,0.413,1
10,6,4,1,0,0,2,0,0,0.0,0
95,25,70,5,1,7,5,0,0,0.074,1
43,17,26,2,0,16,2,0,0,0.372,1
136,25,111,4,6,2,5,0,0,0.015,1
61,55,6,3,3,8,1,0,0,0.131,1
26,12,14,4,0,12,2,0,1,0.462,1
20,15,5,3,0,13,1,0,1,0.65,1
21,19,2,3,0,15,1,0,0,0.714,1
23,8,15,1,1,0,1,0,0,0.0,0
61,24,37,2,4,21,1,0,0,0.344,1
49,7,42,2,1,0,3,0,0,0.0,0
19,12,7,3,0,13,1,0,1,0.684,1
15,11,4,1,0,0,1,0,0,0.0,0
21,9,12,1,1,0,2,0,0,0.0,0
26,19,7,4,0,15,1,0,0,0.577,1
40,13,27,3,0,16,1,0,0,0.4,1
29,11,18,1,0,0,3,0,0,0.0,0
45,16,29,1,3,0,3,0,0,0.0,0
23,11,12,1,0,0,3,0,0,0.0,0
28,10,18,2,0,1,2,0,0,0.036,0
56,7,49,1,3,0,4,0,0,0.0,0
26,12,14,4,0,11,2,0,1,0.423,1
28,9,19,2,0,0,4,0,0,0.0,0
21,19,2,3,0,15,1,0,0,0.714,1
115,25,90,5,9,6,5,0,0,0.052,1
28,6,22,1,0,0,3,0,0,0.0,0
42,14,28,1,2,0,3,0,0,0.0,0
56,14,42,1,3,0,4,0,0,0.0,0
61,13,48,4,1,30,3,0,1,0.492,1
53,14,39,1,2,0,4,0,0,0.0,0
66,22,44,2,4,25,1,0,0,0.379,1
18,10,8,1,0,0,1,0,0,0.0,0
23,21,2,3,0,17,1,0,0,0.739,1
50,7,43,1,2,0,4,0,0,0.0,0
36,14,22,4,0,12,2,0,1,0.333,1
20,18,2,3,0,14,1,0,0,0.7,1
79,25,54,4,1,7,5,0,0,0.089,1
75,31,44,2,4,21,1,0,0,0.28,1
21,13,8,3,0,10,1,0,1,0.476,1
15,8,7,1,0,0,1,0,0,0.0,0
83,25,58,4,2,2,5,0,0,0.024,1
20,9,11,1,1,0,1,0,0,0.0,0
26,19,7,4,0,15,1,0,0,0.577,1
22,17,5,1,0,0,1,0,0,0.0,0
108,25,83,4,3,2,8,0,0,0.019,1
76,9,67,2,1,0,7,0,0,0.0,0
23,11,12,1,1,0,1,0,0,0.0,0
38,15,23,1,1,0,3,0,0,0.0,0
57,20,37,2,4,22,1,0,0,0.386,1
12,8,4,1,0,0,1,0,0,0.0,0
24,10,14,1,0,0,2,0,0,0.0,0
39,9,30,2,0,0,5,0,0,0.0,0
35,11,24,1,2,0,2,0,0,0.0,0
32,20,12,2,2,5,1,0,0,0.156,1
48,13,35,4,0,10,2,0,1,0.208,1
24,10,14,1,0,0,2,0,0,0.0,0
26,19,7,4,0,15,1,0,0,0.577,1
20,10,10,1,0,0,1,0,0,0.0,0
127,10,117,4,5,0,6,0,0,0.0,1
30,9,21,1,1,0,2,0,0,0.0,0
27,13,14,1,1,0,1,0,0,0.0,0
20,12,8,1,0,0,1,0,0,0.0,0
65,21,44,2,4,19,1,0,0,0.292,1
27,13,14,4,0,12,1,0,1,0.444,1
19,12,7,3,0,13,1,0,1,0.684,1
35,17,18,2,0,4,1,0,0,0.114,1
68,24,44,2,4,22,1,0,0,0.324,1
51,10,41,1,1,0,4,0,0,0.0,0
18,15,3,1,0,0,1,0,0,0.0,0
25,13,12,3,0,14,2,0,1,0.56,1
82,10,72,2,2,24,2,0,0,0.293,0
35,10,25,1,1,0,2,0,0,0.0,0
29,10,19,1,0,0,2,0,0,0.0,0
16,11,5,1,0,0,1,0,0,0.0,0
27,15,12,1,0,0,2,0,0,0.0,0
27,20,7,4,0,16,1,0,0,0.593,1
25,18,7,4,0,14,1,0,0,0.56,1
27,7,20,1,1,0,2,0,0,0.0,0
27,20,7,4,0,16,1,0,0,0.593,1
21,9,12,1,1,0,2,0,0,0.0,0
17,9,8,1,0,0,1,0,0,0.0,0
14,8,6,1,0,0,1,0,0,0.0,0
16,6,10,1,0,0,1,0,0,0.0,0
85,25,60,4,1,5,5,0,0,0.059,1
30,12,18,2,1,4,1,0,0,0.133,0
19,12,7,3,0,15,1,0,1,0.789,1
19,12,7,3,0,13,1,0,1,0.684,1
32,10,22,1,1,0,2,0,0,0.0,0
18,15,3,1,0,0,1,0,0,0.0,0
39,9,30,1,2,4,3,0,0,0.103,0
19,7,12,1,0,0,1,0,0,0.0,0
44,11,33,1,0,0,3,0,0,0.0,0
95,10,85,1,0,43,1,0,0,0.453,1
22,20,2,3,0,16,1,0,0,0.727,1
22,20,2,3,0,16,1,0,0,0.727,1
30,9,21,2,0,0,3,0,0,0.0,0
29,15,14,1,0,0,2,0,0,0.0,0
53,12,41,3,0,0,6,0,0,0.0,0
18,10,8,1,0,1,2,0,0,0.056,0
45,10,35,1,2,0,4,0,0,0.0,0
22,12,10,1,0,0,1,0,0,0.0,0
26,19,7,4,0,15,1,0,0,0.577,1
154,15,139,1,19,6,5,0,0,0.039,0
113,25,88,4,7,3,5,0,0,0.027,1
97,25,72,5,5,5,5,0,0,0.052,1
28,21,7,4,0,17,1,0,0,0.607,1
35,11,24,1,1,0,4,0,0,0.0,0
33,15,18,1,1,0,2,0,0,0.0,0
59,10,49,1,3,0,3,0,0,0.0,0
28,21,7,4,0,17,1,0,0,0.607,1
31,7,24,1,2,0,2,0,0,0.0,0
48,11,37,2,0,3,4,0,0,0.062,0
25,13,12,3,0,10,2,0,1,0.4,1
125,11,114,5,1,20,6,0,0,0.16,0
68,24,44,2,4,26,1,0,0,0.382,1
61,13,48,4,1,26,3,0,1,0.426,1
19,12,7,3,0,14,1,0,1,0.737,1
23,21,2,3,0,17,1,0,0,0.739,1
31,12,19,1,0,0,2,0,0,0.0,0
147,11,136,5,3,23,10,0,0,0.156,0
24,11,13,1,0,0,3,0,0,0.0,0
110,11,99,2,5,27,3,0,0,0.245,0
23,10,13,1,0,0,2,0,0,0.0,0
52,10,42,2,0,16,4,0,0,0.308,0
35,17,18,1,0,0,2,0,0,0.0,0
16,9,7,1,1,0,1,0,0,0.0,0
31,10,21,2,0,0,2,0,0,0.0,1
37,13,24,3,1,10,2,0,1,0.27,1
33,15,18,1,0,0,3,0,0,0.0,0
27,20,7,4,0,16,1,0,0,0.593,1
44,14,30,1,2,0,3,0,0,0.0,0
23,14,9,3,0,11,1,0,1,0.478,1
61,13,48,4,1,29,3,0,1,0.475,1
31,15,16,1,0,0,3,0,0,0.0,0
22,20,2,3,0,16,1,0,0,0.727,1
55,18,37,2,4,17,1,0,0,0.309,1
38,10,28,1,3,14,2,0,0,0.368,0
114,25,89,5,6,2,5,0,0,0.018,1
19,12,7,3,0,12,1,0,1,0.632,1
36,13,23,2,1,0,2,0,0,0.0,1
97,25,72,4,2,5,6,0,0,0.052,1
26,18,8,2,1,2,1,0,0,0.077,1
24,9,15,1,3,0,2,0,0,0.0,0
111,10,101,3,1,36,4,0,0,0.324,0
42,15,27,1,1,0,3,0,0,0.0,0
54,6,48,1,1,0,4,0,0,0.0,0
49,17,32,1,0,4,2,0,0,0.082,1
116,25,91,4,3,2,5,0,0,0.017,1
43,20,23,1,3,3,3,0,0,0.07,0
66,9,57,3,1,1,6,0,0,0.015,0
25,6,19,1,1,0,2,0,0,0.0,0
21,19,2,3,0,15,1,0,0,0.714,1
142,25,117,5,8,9,7,0,0,0.063,1
82,25,57,4,0,5,7,0,0,0.061,1
21,12,9,1,0,0,2,0,0,0.0,0
53,13,40,1,2,0,2,0,0,0.0,0
31,12,19,3,0,13,2,0,1,0.419,1
39,7,32,1,0,0,3,0,0,0.0,0
38,10,28,1,3,14,2,0,0,0.368,0
46,7,39,1,3,0,4,0,0,0.0,0
28,21,7,4,0,17,1,0,0,0.607,1
18,11,7,3,0,11,1,0,1,0.611,1
26,13,13,1,0,0,1,0,0,0.0,0
21,19,2,3,0,15,1,0,0,0.714,1
52,11,41,1,2,0,5,0,0,0.0,0
153,11,142,5,3,22,10,0,0,0.144,0
62,6,56,1,3,0,5,0,0,0.0,0
24,16,8,3,0,0,1,0,0,0.0,1
24,11,13,1,1,0,3,0,0,0.0,0
24,13,11,4,0,11,2,0,1,0.458,1
49,7,42,1,3,8,6,0,0,0.163,0
15,9,6,1,0,0,2,0,0,0.0,0
20,18,2,3,0,14,1,0,0,0.7,1
84,25,59,4,1,4,5,0,0,0.048,1
60,10,50,1,3,0,4,0,0,0.0,0
33,7,26,2,1,0,2,0,0,0.0,0
26,18,8,1,1,0,2,0,0,0.0,0
28,21,7,4,0,17,1,0,0,0.607,1
21,10,11,1,1,0,2,0,0,0.0,0
21,19,2,3,0,15,1,0,0,0.714,1
31,11,20,1,0,0,3,0,0,0.0,0
168,25,143,6,16,9,7,0,0,0.054,1
115,15,100,6,7,12,1,0,1,0.104,1
27,20,7,4,0,16,1,0,0,0.593,1
22,20,2,3,0,16,1,0,0,0.727,1
41,10,31,2,3,0,1,0,0,0.0,0
22,20,2,3,0,16,1,0,0,0.727,1
20,7,13,1,0,5,4,0,0,0.25,0
64,9,55,2,0,0,7,0,0,0.0,0
41,15,26,1,1,0,3,0,0,0.0,0
28,11,17,1,1,0,1,0,0,0.0,0
22,20,2,3,0,16,1,0,0,0.727,1
40,28,12,2,0,5,1,0,0,0.125,1
77,11,66,1,3,0,4,0,0,0.0,0
77,12,65,2,3,1,6,0,0,0.013,0
18,15,3,1,0,0,1,0,0,0.0,0
34,24,10,3,0,0,2,0,0,0.0,1
20,18,2,3,0,14,1,0,0,0.7,1
24,14,10,2,0,0,1,0,0,0.0,0
106,25,81,5,3,6,5,0,0,0.057,1
90,25,65,4,0,4,5,0,0,0.044,1
31,11,20,1,0,0,3,0,0,0.0,0
62,25,37,2,5,22,1,0,0,0.355,1
99,25,74,4,2,2,6,0,0,0.02,1
36,15,21,1,0,0,3,0,0,0.0,0
98,25,73,4,4,4,5,0,0,0.041,1
40,15,25,3,0,7,1,0,0,0.175,1
58,13,45,4,0,31,2,0,1,0.534,1
24,11,13,1,0,0,3,0,0,0.0,0
32,6,26,1,2,0,2,0,0,0.0,0
68,9,59,2,3,0,6,0,0,0.0,0
126,25,101,4,1,6,7,0,0,0.048,1
26,19,7,4,0,15,1,0,0,0.577,1
36,10,26,1,1,0,2,0,0,0.0,0
22,8,14,1,0,0,1,0,0,0.0,0
69,25,44,2,4,27,1,0,0,0.391,1
37,14,23,4,0,11,2,0,1,0.297,1
41,10,31,1,2,0,2,0,0,0.0,0
15,11,4,1,0,0,1,0,0,0.0,0
16,10,6,2,0,0,1,0,0,0.0,0
23,14,9,2,0,0,1,0,0,0.0,0
90,25,65,4,3,4,5,0,0,0.044,1
107,10,97,5,1,21,4,0,0,0.196,0
27,12,15,4,0,11,2,0,1,0.407,1
88,11,77,1,3,6,5,0,0,0.068,0
23,21,2,3,0,17,1,0,0,0.739,1
34,12,22,1,0,0,3,0,0,0.0,0
41,7,34,1,1,0,3,0,0,0.0,0
34,7,27,1,0,0,3,0,0,0.0,0
19,10,9,1,0,0,1,0,0,0.0,0
18,8,10,1,0,0,1,0,0,0.0,0
45,21,24,1,0,0,5,0,0,0.0,0
115,25,90,4,3,4,5,0,0,0.035,1
47,13,34,5,0,10,2,0,1,0.213,1
30,14,16,4,0,10,2,0,0,0.333,1
109,25,84,4,1,2,5,0,0,0.018,1
23,14,9,3,0,11,2,0,1,0.478,1
27,20,7,4,0,16,1,0,0,0.593,1
142,25,117,4,10,5,5,0,0,0.035,1
11,7,4,1,0,0,2,0,0,0.0,0
120,25,95,4,3,6,5,0,0,0.05,1
29,10,19,1,0,0,2,0,0,0.0,0
44,12,32,4,0,13,2,0,1,0.295,1
61,13,48,4,1,28,3,0,1,0.459,1
14,6,8,1,1,0,1,0,0,0.0,0
102,10,92,3,3,8,6,0,0,0.078,1
27,20,7,4,0,16,1,0,0,0.593,1
49,10,39,2,3,0,2,0,0,0.0,0
18,10,8,1,0,0,1,0,0,0.0,0
31,15,16,1,0,0,3,0,0,0.0,0
107,25,82,4,5,5,5,0,0,0.047,1
21,11,10,2,0,0,1,0,0,0.0,0
19,7,12,1,0,0,2,0,0,0.0,0
32,9,23,1,0,0,4,0,0,0.0,0
17,9,8,1,0,0,2,0,0,0.0,0
17,10,7,1,0,0,1,0,0,0.0,0
79,25,54,4,2,5,5,0,0,0.063,1
30,15,15,1,1,0,2,0,0,0.0,0
24,12,12,4,0,10,1,0,1,0.417,1
29,10,19,1,0,0,2,0,0,0.0,0
18,11,7,3,0,12,1,0,1,0.667,1
36,11,25,1,1,0,5,0,0,0.0,0
31,10,21,1,0,0,3,0,0,0.0,0
24,9,15,1,0,0,2,0,0,0.0,0
22,20,2,3,0,16,1,0,0,0.727,1
26,11,15,1,1,0,2,0,0,0.0,0
41,11,30,1,0,4,2,0,0,0.098,0
72,16,56,2,3,8,1,0,0,0.111,1
17,7,10,1,0,0,1,0,0,0.0,0
22,20,2,3,0,16,1,0,0,0.727,1
20,18,2,3,0,14,1,0,0,0.7,1
66,7,59,1,4,0,4,0,0,0.0,0
90,25,65,4,0,2,6,0,0,0.022,1
23,9,14,2,0,0,2,0,0,0.0,0
14,9,5,1,0,0,1,0,0,0.0,0
57,20,37,2,4,22,1,0,0,0.386,1
17,12,5,1,0,0,1,0,0,0.0,0
20,18,2,3,0,14,1,0,0,0.7,1
20,7,13,1,0,5,4,0,0,0.25,0
30,15,15,1,0,0,3,0,0,0.0,0
107,25,82,4,1,6,8,0,0,0.056,1
20,7,13,1,0,5,4,0,0,0.25,0
106,25,81,4,5,2,5,0,0,0.019,1
20,13,7,3,0,14,1,0,1,0.7,1
122,11,111,1,12,15,5,0,0,0.123,0
22,12,10,4,0,9,1,0,1,0.409,1
26,10,16,1,1,0,3,0,0,0.0,0
19,17,2,3,0,13,1,0,0,0.684,1
37,7,30,2,1,0,3,0,0,0.0,0
76,25,51,4,1,12,5,0,0,0.158,1
25,18,7,4,0,14,1,0,0,0.56,1
18,15,3,1,0,0,1,0,0,0.0,0
19,12,7,3,0,12,1,0,1,0.632,1
92,25,67,4,2,17,5,0,0,0.185,1
97,25,72,4,2,6,5,0,0,0.062,1
18,12,6,1,0,0,1,0,0,0.0,0
22,20,2,3,0,16,1,0,0,0.727,1
46,13,33,4,0,23,2,0,1,0.5,1
20,14,6,4,0,11,1,0,1,0.55,1
21,19,2,3,0,15,1,0,0,0.714,1
92,25,67,4,0,5,5,0,0,0.054,1
46,10,36,2,3,4,2,0,0,0.087,0
69,25,44,4,1,6,5,0,0,0.087,1
25,9,16,1,1,0,1,0,0,0.0,0
27,20,7,4,0,16,1,0,0,0.593,1
21,19,2,3,0,15,1,0,0,0.714,1
111,25,86,4,5,5,6,0,0,0.045,1
41,10,31,1,1,0,3,0,0,0.0,0
19,12,7,3,0,13,1,0,1,0.684,1
45,11,34,1,1,0,4,0,0,0.0,0
18,11,7,1,1,0,2,0,0,0.0,0
80,25,55,4,0,3,5,0,0,0.037,1
64,27,37,2,4,21,1,0,0,0.328,1
78,9,69,2,4,0,6,0,0,0.0,0
26,16,10,2,0,0,1,0,0,0.0,1
19,12,7,3,0,12,1,0,1,0.632,1
19,12,7,3,0,14,1,0,1,0.737,1
25,12,13,3,0,13,2,0,1,0.52,1
20,11,9,1,0,1,1,0,0,0.05,0
77,33,44,2,4,21,1,0,0,0.273,1
31,11,20,1,1,0,1,0,0,0.0,0
27,10,17,1,0,0,2,0,0,0.0,0
24,14,10,3,0,12,2,0,1,0.5,1
19,10,9,1,0,0,1,0,0,0.0,0
19,14,5,3,0,12,1,0,1,0.632,1
34,13,21,1,0,1,3,0,0,0.029,0
65,6,59,1,6,2,4,0,0,0.031,0
19,12,7,3,0,14,1,0,1,0.737,1
36,15,21,1,1,0,3,0,0,0.0,0
38,18,20,2,0,0,1,0,0,0.0,1
116,25,91,5,7,3,6,0,0,0.026,1
121,25,96,5,9,6,5,0,0,0.05,1
43,15,28,2,0,0,3,0,0,0.0,0
110,25,85,4,5,2,8,0,0,0.018,1
23,21,2,3,0,17,1,0,0,0.739,1
38,13,25,4,0,13,2,0,1,0.342,1
20,18,2,3,0,14,1,0,0,0.7,1
15,11,4,1,0,0,2,0,0,0.0,0
50,18,32,4,1,0,3,0,0,0.0,0
27,20,7,4,0,16,1,0,0,0.593,1
38,17,21,2,0,4,2,0,0,0.105,1
23,21,2,3,0,17,1,0,0,0.739,1
59,11,48,1,2,0,4,0,0,0.0,0
113,25,88,4,2,5,6,0,0,0.044,1
64,20,44,2,4,29,1,0,0,0.453,1
91,25,66,2,4,22,6,0,0,0.242,1
44,10,34,1,1,0,4,0,0,0.0,0
75,31,44,2,4,18,1,0,0,0.24,1
49,15,34,1,1,0,3,0,0,0.0,0
15,11,4,1,0,0,2,0,0,0.0,0
25,12,13,1,1,0,2,0,0,0.0,0
21,9,12,2,0,0,1,0,0,0.0,0
32,9,23,1,2,0,2,0,0,0.0,0
61,13,48,4,1,27,3,0,1,0.443,1
19,10,9,1,0,0,1,0,0,0.0,0
45,12,33,3,0,11,2,0,1,0.244,1
17,7,10,2,0,0,1,0,0,0.0,0
70,33,37,2,4,24,1,0,0,0.343,1
28,11,17,1,0,0,3,0,0,0.0,0
18,9,9,1,0,0,1,0,0,0.0,0
61,13,48,4,1,30,3,0,1,0.492,1
25,18,7,4,0,14,1,0,0,0.56,1
31,14,17,1,1,0,3,0,0,0.0,0
22,20,2,3,0,16,1,0,0,0.727,1
117,25,92,4,3,6,5,0,0,0.051,1
20,18,2,3,0,14,1,0,0,0.7,1
48,14,34,5,0,11,2,0,1,0.229,1
33,12,21,1,1,0,2,0,0,0.0,0
17,11,6,1,0,0,1,0,0,0.0,0
62,25,37,2,4,24,1,0,0,0.387,1
30,11,19,1,1,0,4,0,0,0.0,0
12,4,8,1,0,0,1,0,0,0.0,0
56,19,37,2,4,18,1,0,0,0.321,1
23,14,9,3,0,13,2,0,1,0.565,1
27,20,7,4,0,16,1,0,0,0.593,1
36,9,27,2,0,5,3,0,0,0.139,0
23,21,2,3,0,17,1,0,0,0.739,1
20,18,2,3,0,14,1,0,0,0.7,1
21,19,2,3,0,15,1,0,0,0.714,1
20,18,2,3,0,14,1,0,0,0.7,1
19,12,7,3,0,12,1,0,1,0.632,1
22,12,10,4,0,10,1,0,1,0.455,1
31,10,21,2,0,0,2,0,0,0.0,0
61,14,47,1,2,0,4,0,0,0.0,0
10,6,4,1,0,0,2,0,0,0.0,0
28,10,18,2,0,0,2,0,0,0.0,0
21,19,2,3,0,15,1,0,0,0.714,1
38,9,29,1,1,0,2,0,0,0.0,0
50,12,38,2,0,7,4,0,0,0.14,0
17,9,8,1,0,0,2,0,0,0.0,0
26,19,7,4,0,15,1,0,0,0.577,1
40,10,30,1,2,0,2,0,0,0.0,0
19,12,7,3,0,11,1,0,1,0.579,1
18,7,11,1,0,0,2,0,0,0.0,0
21,19,2,3,0,15,1,0,0,0.714,1
21,12,9,1,0,0,1,0,0,0.0,0
21,19,2,3,0,15,1,0,0,0.714,1
26,12,14,1,0,0,2,0,0,0.0,0
161,9,152,5,2,20,12,0,0,0.124,0
28,10,18,2,0,0,2,0,0,0.0,0
144,25,119,4,5,8,5,0,0,0.056,1
47,16,31,2,1,4,3,0,0,0.085,0
164,25,139,4,10,11,11,0,0,0.067,1
26,10,16,1,0,0,2,0,0,0.0,0
20,10,10,1,0,0,2,0,0,0.0,0
43,10,33,1,2,0,3,0,0,0.0,0
67,23,44,2,4,24,1,0,0,0.358,1
26,19,7,4,0,15,1,0,0,0.577,1
45,11,34,1,1,0,4,0,0,0.0,0
64,20,44,2,4,26,1,0,0,0.406,1
125,25,100,5,6,7,5,0,0,0.056,1
15,7,8,1,0,0,1,0,0,0.0,0
59,22,37,2,4,20,1,0,0,0.339,1
17,9,8,1,0,0,2,0,0,0.0,0
30,16,14,2,0,0,1,0,0,0.0,0
29,15,14,1,0,0,1,0,0,0.0,0
92,7,85,1,7,8,6,0,0,0.087,0
116,25,91,6,5,13,5,0,0,0.112,1
30,16,14,1,1,0,1,0,0,0.0,0
66,25,41,4,2,2,5,0,0,0.03,1
18,9,9,1,0,0,2,0,0,0.0,0
48,7,41,1,3,0,3,0,0,0.0,0
30,12,18,4,0,11,2,0,1,0.367,1
21,19,2,3,0,15,1,0,0,0.714,1
35,10,25,1,1,0,2,0,0,0.0,0
24,12,12,4,0,11,1,0,1,0.458,1
19,17,2,3,0,13,1,0,0,0.684,1
21,11,10,1,0,0,1,0,0,0.0,0
20,18,2,3,0,14,1,0,0,0.7,1
22,20,2,3,0,16,1,0,0,0.727,1
43,6,37,2,2,0,3,0,0,0.0,0
17,5,12,2,1,0,1,0,0,0.0,0
19,11,8,1,0,0,1,0,0,0.0,0
113,11,102,2,10,13,5,0,0,0.115,0
51,10,41,2,4,2,3,0,0,0.039,0
15,11,4,1,0,0,2,0,0,0.0,0
37,25,12,2,2,1,1,0,0,0.027,1
99,11,88,2,9,9,5,0,0,0.091,0
109,25,84,4,2,12,5,0,0,0.11,1
18,15,3,1,0,0,1,0,0,0.0,0
79,25,54,4,2,2,5,0,0,0.025,1
32,18,14,4,0,14,1,0,0,0.438,1
17,7,10,2,0,0,1,0,0,0.0,0
25,18,7,4,0,14,1,0,0,0.56,1
35,11,24,1,1,0,3,0,0,0.0,0
24,17,7,4,0,13,1,0,0,0.542,1
111,10,101,3,3,38,3,0,0,0.342,0
28,11,17,1,0,0,2,0,0,0.0,0
33,11,22,1,0,0,4,0,0,0.0,0
19,17,2,3,0,13,1,0,0,0.684,1
19,11,8,1,0,0,1,0,0,0.0,0
32,11,21,1,2,0,2,0,0,0.0,0
25,14,11,3,0,11,2,0,1,0.44,1
61,10,51,1,3,0,3,0,0,0.0,0
38,10,28,1,3,14,2,0,0,0.368,0
14,10,4,1,0,0,1,0,0,0.0,0
65,28,37,2,4,23,1,0,0,0.354,1
29,15,14,2,0,0,1,0,0,0.0,1
26,19,7,4,0,15,1,0,0,0.577,1
63,9,54,2,3,0,6,0,0,0.0,0
25,18,7,4,0,14,1,0,0,0.56,1
25,24,1,1,1,0,1,0,0,0.0,1
81,25,56,4,3,3,5,0,0,0.037,1
20,12,8,1,0,0,1,0,0,0.0,0
20,18,2,3,0,14,1,0,0,0.7,1
19,12,7,1,0,0,1,0,0,0.0,0
76,25,51,4,2,2,5,0,0,0.026,1
41,10,31,1,2,0,2,0,0,0.0,0
31,12,19,4,0,11,2,0,1,0.355,1
64,27,37,2,4,19,1,0,0,0.297,1
55,6,49,1,1,0,5,0,0,0.0,0
26,13,13,4,0,12,1,0,1,0.462,1
35,10,25,1,1,0,2,0,0,0.0,0
27,20,7,4,0,16,1,0,0,0.593,1
35,10,25,2,0,0,2,0,0,0.0,0
97,25,72,4,4,5,5,0,0,0.052,1
25,18,7,4,0,14,1,0,0,0.56,1
18,11,7,3,0,13,1,0,1,0.722,1
107,6,101,4,4,5,6,0,0,0.047,0
42,7,35,1,1,0,2,0,0,0.0,0
132,9,123,2,13,12,4,0,0,0.091,0
54,16,38,2,0,14,4,0,0,0.259,0
109,6,103,4,5,5,6,0,0,0.046,0
20,12,8,3,0,10,1,0,1,0.5,1
26,19,7,4,0,15,1,0,0,0.577,1
20,12,8,1,0,0,1,0,0,0.0,0
37,11,26,1,1,0,3,0,0,0.0,0
27,11,16,1,0,0,3,0,0,0.0,0
28,15,13,1,0,0,3,0,0,0.0,0
18,11,7,3,0,11,1,0,1,0.611,1
32,13,19,3,0,10,2,0,1,0.312,1
22,20,2,3,0,16,1,0,0,0.727,1
27,17,10,2,0,3,2,0,0,0.111,1
19,12,7,3,0,12,1,0,1,0.632,1
56,19,37,2,4,21,1,0,0,0.375,1
144,25,119,4,5,5,5,0,0,0.035,1
28,12,16,2,0,0,2,0,0,0.0,0
27,20,7,4,0,16,1,0,0,0.593,1
99,25,74,4,5,5,5,0,0,0.051,1
22,20,2,3,0,16,1,0,0,0.727,1
28,21,7,4,0,17,1,0,0,0.607,1
42,7,35,1,1,0,4,0,0,0.0,0
23,21,2,3,0,17,1,0,0,0.739,1
79,10,69,1,2,0,6,0,0,0.0,1
33,12,21,1,0,0,2,0,0,0.0,0
15,11,4,1,0,0,2,0,0,0.0,0
115,6,109,4,5,5,6,0,0,0.043,0
79,25,54,4,0,2,5,0,0,0.025,1
18,10,8,1,0,0,1,0,0,0.0,0
48,11,37,2,0,5,4,0,0,0.104,0
19,7,12,1,1,0,1,0,0,0.0,0
21,9,12,1,0,0,3,0,0,0.0,0
25,15,10,1,0,1,3,0,0,0.04,0
98,25,73,5,2,6,5,0,0,0.061,1
18,8,10,1,0,0,1,0,0,0.0,0
29,15,14,1,1,0,1,0,0,0.0,0
18,9,9,1,0,0,1,0,0,0.0,0
40,9,31,1,2,0,2,0,0,0.0,0
116,11,105,2,11,13,5,0,0,0.112,0
64,20,44,2,4,23,1,0,0,0.359,1
110,25,85,4,1,4,5,0,0,0.036,1
21,12,9,4,0,9,1,0,1,0.429,1
30,12,18,4,0,12,2,0,1,0.4,1
38,10,28,1,3,14,2,0,0,0.368,0
144,25,119,4,7,5,5,0,0,0.035,1
37,14,23,5,0,11,2,0,1,0.297,1
91,14,77,3,3,1,7,0,0,0.011,0
31,12,19,2,0,0,2,0,0,0.0,0
138,25,113,4,9,2,5,0,0,0.014,1
26,19,7,4,0,15,1,0,0,0.577,1
17,11,6,1,0,0,1,0,0,0.0,0
21,19,2,3,0,15,1,0,0,0.714,1
100,25,75,4,3,2,5,0,0,0.02,1
25,18,7,4,0,14,1,0,0,0.56,1
21,19,2,3,0,15,1,0,0,0.714,1
35,12,23,5,0,9,2,0,1,0.257,1
43,16,27,1,1,0,3,0,0,0.0,0
18,14,4,3,0,12,1,0,1,0.667,1
29,7,22,1,0,0,2,0,0,0.0,0
28,21,7,4,0,17,1,0,0,0.607,1
19,14,5,3,0,11,1,0,1,0.579,1
19,12,7,3,0,12,1,0,1,0.632,1
77,25,52,4,0,3,6,0,0,0.039,1
29,10,19,1,1,0,2,0,0,0.0,0
26,19,7,4,0,15,1,0,0,0.577,1
72,16,56,2,0,3,1,0,0,0.042,1
18,9,9,1,0,0,1,0,0,0.0,0
70,25,45,4,0,5,5,0,0,0.071,1
19,9,10,1,1,0,1,0,0,0.0,0
47,9,38,2,0,0,4,0,0,0.0,0
34,11,23,1,0,0,5,0,0,0.0,0
46,10,36,1,3,0,3,0,0,0.0,0
58,13,45,4,0,26,2,0,1,0.448,1
99,25,74,4,2,6,5,0,0,0.061,1
32,7,25,1,0,0,3,0,0,0.0,0
28,12,16,4,0,13,2,0,1,0.464,1
41,12,29,1,1,3,3,0,0,0.073,0
160,25,135,4,15,2,5,0,0,0.013,1
27,20,7,4,0,16,1,0,0,0.593,1
19,13,6,3,0,12,1,0,1,0.632,1
21,19,2,3,0,15,1,0,0,0.714,1
69,7,62,1,6,8,5,0,0,0.116,0
25,18,7,4,0,14,1,0,0,0.56,1
49,10,39,2,1,0,4,0,0,0.0,0
66,29,37,2,4,24,1,0,0,0.364,1
34,9,25,1,1,0,2,0,0,0.0,0
25,18,7,4,0,14,1,0,0,0.56,1
18,11,7,3,0,9,1,0,1,0.5,1
56,10,46,2,1,4,5,0,0,0.071,0
24,17,7,4,0,13,1,0,0,0.542,1
24,10,14,1,1,0,2,0,0,0.0,0
54,16,38,2,0,9,4,0,0,0.167,0
35,17,18,2,0,2,2,0,0,0.057,1
55,9,46,3,1,5,4,0,0,0.091,0
26,15,11,1,0,0,2,0,0,0.0,0
51,14,37,1,2,0,3,0,0,0.0,0
27,20,7,4,0,16,1,0,0,0.593,1
18,15,3,1,0,0,1,0,0,0.0,0
29,13,16,4,0,10,2,0,1,0.345,1
32,21,11,3,0,2,1,0,0,0.062,1
18,11,7,1,1,0,2,0,0,0.0,0
62,11,51,3,1,9,4,0,0,0.145,0
36,11,25,1,1,0,5,0,0,0.0,0
20,15,5,3,0,12,1,0,1,0.6,1
26,19,7,4,0,15,1,0,0,0.577,1
65,28,37,2,4,20,1,0,0,0.308,1
37,7,30,2,0,0,3,0,0,0.0,0
29,17,12,2,0,3,2,0,0,0.103,1
37,11,26,2,0,0,2,0,0,0.0,0
18,14,4,2,0,0,1,0,0,0.0,1
17,12,5,3,0,10,1,0,1,0.588,1
13,6,7,1,0,2,2,0,0,0.154,1
109,25,84,4,3,6,6,0,0,0.055,1
24,12,12,1,2,0,1,0,0,0.0,0
29,18,11,1,2,0,3,0,0,0.0,0
32,15,17,4,0,12,2,0,1,0.375,1
38,10,28,1,3,13,2,0,0,0.342,0
48,11,37,2,0,5,4,0,0,0.104,0
31,11,20,1,0,0,4,0,0,0.0,0
34,9,25,2,1,0,3,0,0,0.0,0
73,25,48,4,3,2,5,0,0,0.027,1
47,11,36,1,3,0,4,0,0,0.0,0
38,10,28,1,0,0,3,0,0,0.0,0
96,25,71,4,2,6,6,0,0,0.062,1
28,10,18,2,0,1,2,0,0,0.036,0
37,11,26,1,0,0,4,0,0,0.0,0
31,9,22,1,2,0,3,0,0,0.0,0
28,9,19,1,0,0,3,0,0,0.0,0
29,12,17,1,0,0,3,0,0,0.0,0
32,13,19,4,0,14,2,0,1,0.438,1
32,12,20,1,0,0,2,0,0,0.0,0
20,8,12,1,0,0,1,0,0,0.0,0
64,27,37,2,4,23,1,0,0,0.359,1
26,19,7,4,0,15,1,0,0,0.577,1
28,6,22,1,1,0,2,0,0,0.0,0
20,15,5,3,0,14,1,0,1,0.7,1
21,19,2,3,0,15,1,0,0,0.714,1
14,11,3,1,0,0,1,0,0,0.0,0
27,16,11,3,0,2,1,0,0,0.074,1
19,7,12,2,0,0,1,0,0,0.0,0
22,13,9,1,0,0,1,0,0,0.0,0
88,25,63,4,2,8,5,0,0,0.091,1
24,11,13,1,1,0,2,0,0,0.0,0
26,16,10,1,0,0,2,0,0,0.0,0
16,11,5,1,0,0,2,0,0,0.0,0
20,18,2,3,0,14,1,0,0,0.7,1
29,15,14,1,0,0,3,0,0,0.0,0
22,20,2,3,0,16,1,0,0,0.727,1
83,25,58,4,2,7,5,0,0,0.084,1
20,11,9,1,0,0,2,0,0,0.0,0
21,11,10,1,0,0,1,0,0,0.0,0
113,25,88,5,7,3,5,0,0,0.027,1
59,7,52,2,3,4,5,0,0,0.068,0
17,12,5,3,0,10,1,0,1,0.588,1
36,9,27,3,0,0,2,0,0,0.0,0
25,9,16,1,1,0,1,0,0,0.0,0
19,12,7,3,0,14,1,0,1,0.737,1
22,20,2,3,0,16,1,0,0,0.727,1
31,10,21,1,1,0,2,0,0,0.0,0
69,9,60,1,5,8,4,0,0,0.116,0
37,13,24,1,1,0,2,0,0,0.0,0
27,20,7,4,0,16,1,0,0,0.593,1
70,26,44,2,4,22,1,0,0,0.314,1
43,7,36,1,1,0,3,0,0,0.0,0
108,25,83,5,2,6,5,0,0,0.056,1
27,9,18,1,0,0,2,0,0,0.0,0
126,9,117,5,0,25,10,0,0,0.198,0
15,11,4,1,0,0,2,0,0,0.0,0
41,10,31,1,1,0,2,0,0,0.0,0
36,13,23,1,2,0,1,0,0,0.0,0
23,21,2,3,0,17,1,0,0,0.739,1
21,19,2,3,0,15,1,0,0,0.714,1
122,25,97,4,1,4,7,0,0,0.033,1
27,19,8,1,0,0,1,0,0,0.0,0
15,11,4,1,0,0,2,0,0,0.0,0
26,19,7,4,0,16,1,0,0,0.615,1
90,25,65,4,2,2,5,0,0,0.022,1
20,18,2,3,0,14,1,0,0,0.7,1
48,11,37,2,1,3,4,0,0,0.062,0
30,10,20,2,1,0,2,0,0,0.0,0
29,9,20,1,0,0,2,0,0,0.0,0
21,19,2,3,0,15,1,0,0,0.714,1
28,10,18,1,0,0,3,0,0,0.0,0
46,8,38,3,0,5,2,0,0,0.109,0
142,25,117,5,7,6,7,0,0,0.042,1
56,19,37,2,4,21,1,0,0,0.375,1
26,11,15,1,1,0,2,0,0,0.0,0
25,13,12,4,0,14,1,0,1,0.56,1
26,19,7,4,0,15,1,0,0,0.577,1
29,13,16,4,0,12,2,0,1,0.414,1
54,14,40,2,3,5,3,0,0,0.093,0
26,10,16,1,1,0,2,0,0,0.0,0
22,20,2,3,0,16,1,0,0,0.727,1
38,12,26,4,0,11,2,0,1,0.289,1
41,10,31,1,2,0,3,0,0,0.0,0
41,11,30,1,1,0,3,0,0,0.0,0
36,10,26,1,1,0,3,0,0,0.0,0
39,7,32,1,2,0,2,0,0,0.0,0
61,13,48,4,1,30,3,0,1,0.492,1
30,10,20,1,1,0,2,0,0,0.0,0
49,13,36,3,1,3,2,0,0,0.061,1
27,16,11,2,0,2,2,0,0,0.074,1
33,13,20,1,1,0,1,0,0,0.0,0
31,9,22,1,0,0,2,0,0,0.0,0
32,9,23,1,1,0,2,0,0,0.0,0
81,25,56,4,1,5,5,0,0,0.062,1
175,11,164,1,20,11,5,0,0,0.063,0
88,11,77,1,9,8,5,0,0,0.091,0
14,9,5,1,1,0,2,0,0,0.0,0
21,19,2,3,0,15,1,0,0,0.714,1
23,13,10,3,0,10,2,0,1,0.435,1
181,7,174,4,4,13,12,0,0,0.072,0
35,11,24,1,1,0,3,0,0,0.0,0
31,11,20,1,1,0,1,0,0,0.0,0
120,25,95,5,6,7,7,0,0,0.058,1
104,11,93,2,3,22,5,0,0,0.212,0
54,16,38,2,0,6,4,0,0,0.111,0
27,20,7,4,0,16,1,0,0,0.593,1
68,24,44,2,4,18,1,0,0,0.265,1
49,7,42,1,1,0,4,0,0,0.0,0
29,15,14,1,0,0,2,0,0,0.0,0
21,12,9,4,0,11,1,0,1,0.524,1
22,13,9,1,0,0,1,0,0,0.0,0
33,20,13,2,2,0,1,0,0,0.0,1
21,19,2,3,0,15,1,0,0,0.714,1
21,19,2,3,0,15,1,0,0,0.714,1
42,9,33,1,2,0,3,0,0,0.0,0
35,11,24,1,1,0,3,0,0,0.0,0
25,18,7,4,0,14,1,0,0,0.56,1
35,13,22,4,0,12,2,0,1,0.343,1
40,13,27,2,0,4,4,0,0,0.1,0
28,13,15,4,0,15,2,0,1,0.536,1
106,25,81,4,7,18,5,0,0,0.17,1
28,10,18,2,0,1,2,0,0,0.036,0
100,25,75,4,3,5,6,0,0,0.05,1
49,11,38,2,1,6,4,0,0,0.122,0
36,9,27,2,0,6,3,0,0,0.167,0
20,18,2,3,0,14,1,0,0,0.7,1
22,10,12,2,1,0,1,0,0,0.0,0
41,15,26,1,0,0,2,0,0,0.0,0
91,25,66,4,1,4,5,0,0,0.044,1
23,13,10,2,0,0,1,0,0,0.0,1
23,9,14,2,0,0,2,0,0,0.0,0
17,6,11,1,0,0,1,0,0,0.0,0
101,25,76,4,4,2,5,0,0,0.02,1
37,14,23,5,0,11,2,0,1,0.297,1
65,21,44,2,4,27,1,0,0,0.415,1
45,17,28,1,1,0,2,0,0,0.0,0
36,11,25,2,0,7,2,0,0,0.194,1
29,9,20,1,0,0,2,0,0,0.0,0
18,11,7,3,0,11,1,0,1,0.611,1
52,14,38,1,2,0,4,0,0,0.0,0
96,25,71,6,3,5,5,0,0,0.052,1
13,6,7,1,0,1,2,0,0,0.077,0
50,30,20,2,0,0,2,0,0,0.0,1
80,25,55,4,3,2,5,0,0,0.025,1
29,18,11,1,2,0,3,0,0,0.0,0
92,25,67,5,2,4,6,0,0,0.043,1
15,9,6,1,0,0,1,0,0,0.0,0
27,12,15,4,0,11,2,0,1,0.407,1
42,9,33,2,0,6,4,0,0,0.143,0
36,11,25,1,1,0,3,0,0,0.0,0
62,18,44,2,4,22,1,0,0,0.355,1
102,25,77,5,3,7,8,0,0,0.069,1
22,13,9,4,0,10,1,0,1,0.455,1
20,18,2,3,0,14,1,0,0,0.7,1
41,19,22,1,2,0,2,0,0,0.0,0
104,25,79,4,2,5,5,0,0,0.048,1
26,19,7,4,0,15,1,0,0,0.577,1
25,18,7,4,0,14,1,0,0,0.56,1
40,21,19,2,0,0,3,0,0,0.0,0
19,10,9,1,0,0,2,0,0,0.0,0
34,12,22,1,0,0,3,0,0,0.0,0
24,17,7,4,0,13,1,0,0,0.542,1
138,25,113,4,5,5,6,0,0,0.036,1
37,12,25,4,0,13,2,0,1,0.351,1
102,10,92,5,1,19,4,0,0,0.186,0
61,55,6,3,3,8,1,0,0,0.131,1
64,20,44,2,4,21,1,0,0,0.328,1
99,26,73,5,6,23,4,0,0,0.232,1
31,13,18,2,1,4,1,0,0,0.129,0
60,23,37,2,4,24,1,0,0,0.4,1
115,25,90,5,3,5,5,0,0,0.043,1
39,7,32,1,1,0,3,0,0,0.0,0
18,11,7,3,0,10,1,0,1,0.556,1
25,18,7,4,0,14,1,0,0,0.56,1
73,25,48,4,4,2,6,0,0,0.027,1
72,25,47,4,0,6,5,0,0,0.083,1
29,17,12,1,0,0,2,0,0,0.0,0
26,10,16,1,0,0,2,0,0,0.0,0
118,6,112,4,7,6,6,0,0,0.051,0
25,18,7,4,0,14,1,0,0,0.56,1
30,9,21,1,1,0,2,0,0,0.0,0
34,10,24,1,1,0,3,0,0,0.0,0
32,11,21,1,1,0,3,0,0,0.0,0
18,11,7,3,0,14,1,0,1,0.778,1
20,18,2,3,0,14,1,0,0,0.7,1
15,10,5,1,0,0,1,0,0,0.0,0
29,15,14,1,1,0,1,0,0,0.0,0
20,13,7,3,0,13,2,0,1,0.65,1
37,15,22,1,2,3,3,0,0,0.081,0
31,9,22,1,1,0,3,0,0,0.0,0
64,20,44,2,4,25,1,0,0,0.391,1
21,19,2,3,0,15,1,0,0,0.714,1
27,15,12,4,0,14,1,0,1,0.519,1
45,12,33,1,0,0,5,0,0,0.0,0
22,13,9,3,0,11,2,0,1,0.5,1
44,11,33,1,3,0,4,0,0,0.0,0
25,14,11,4,0,11,2,0,1,0.44,1
21,19,2,3,0,15,1,0,0,0.714,1
15,11,4,1,0,0,2,0,0,0.0,0
19,14,5,1,0,0,1,0,0,0.0,0
30,10,20,1,1,0,1,0,0,0.0,0
55,9,46,1,4,0,3,0,0,0.0,0
107,25,82,5,9,7,5,0,0,0.065,1
37,25,12,2,2,1,1,0,0,0.027,1
54,7,47,2,0,0,5,0,0,0.0,0
21,19,2,3,0,15,1,0,0,0.714,1
65,15,50,2,2,19,4,0,0,0.292,1
33,17,16,2,0,2,2,0,0,0.061,1
18,15,3,1,0,0,1,0,0,0.0,0
31,9,22,1,0,0,3,0,0,0.0,0
89,12,77,2,6,5,4,0,0,0.056,0
42,6,36,1,2,0,3,0,0,0.0,0
47,42,5,7,0,9,1,0,0,0.191,1
44,6,38,1,3,0,2,0,0,0.0,0
99,25,74,5,2,5,7,0,0,0.051,1
37,14,23,4,0,13,2,0,1,0.351,1
22,11,11,1,0,0,3,0,0,0.0,0
26,13,13,3,0,10,2,0,1,0.385,1
17,11,6,1,0,0,1,0,0,0.0,0
31,13,18,1,1,0,2,0,0,0.0,0
32,13,19,1,0,0,2,0,0,0.0,0
134,25,109,4,7,6,5,0,0,0.045,1
116,9,107,5,5,21,4,0,0,0.181,0
40,13,27,2,0,2,3,0,0,0.05,1
36,11,25,1,0,0,4,0,0,0.0,0
25,12,13,3,0,10,2,0,1,0.4,1
91,11,80,1,4,6,5,0,0,0.066,0
28,9,19,2,0,0,4,0,0,0.0,0
124,25,99,5,1,4,7,0,0,0.032,1
40,9,31,2,1,0,3,0,0,0.0,0
22,12,10,1,0,0,2,0,0,0.0,0
118,25,93,4,2,2,5,0,0,0.017,1
30,11,19,1,1,0,3,0,0,0.0,0
104,25,79,4,3,5,6,0,0,0.048,1
26,19,7,4,0,15,1,0,0,0.577,1
31,17,14,2,0,5,2,0,0,0.161,1
31,10,21,1,1,0,2,0,0,0.0,0
23,21,2,3,0,17,1,0,0,0.739,1
21,11,10,1,1,0,2,0,0,0.0,0
25,18,7,4,0,14,1,0,0,0.56,1
22,9,13,1,1,0,2,0,0,0.0,0
122,25,97,5,4,4,5,0,0,0.033,1
23,14,9,3,0,13,2,0,1,0.565,1
21,6,15,1,0,0,2,0,0,0.0,0
35,10,25,1,1,0,2,0,0,0.0,0
53,7,46,1,3,8,5,0,0,0.151,0
42,10,32,1,4,0,2,0,0,0.0,0
44,15,29,1,1,0,3,0,0,0.0,0
24,14,10,1,0,0,1,0,0,0.0,0
31,11,20,1,0,0,3,0,0,0.0,0
36,10,26,1,2,0,2,0,0,0.0,0
15,9,6,1,0,0,1,0,0,0.0,0
19,9,10,1,0,0,1,0,0,0.0,0
27,20,7,4,0,16,1,0,0,0.593,1
132,9,123,5,2,21,6,0,0,0.159,0
50,12,38,2,0,12,4,0,0,0.24,0
38,9,29,1,0,0,3,0,0,0.0,0
26,9,17,1,2,0,3,0,0,0.0,0
19,9,10,1,0,0,2,0,0,0.0,0
27,20,7,4,0,16,1,0,0,0.593,1
21,19,2,3,0,15,1,0,0,0.714,1
71,11,60,4,2,15,4,0,0,0.211,0
22,13,9,4,0,10,1,0,1,0.455,1
22,20,2,3,0,16,1,0,0,0.727,1
89,25,64,4,5,2,5,0,0,0.022,1
19,11,8,1,0,0,1,0,0,0.0,0
20,10,10,1,0,0,2,0,0,0.0,0
22,20,2,3,0,16,1,0,0,0.727,1
122,11,111,5,2,19,6,0,0,0.156,0
24,17,7,4,0,13,1,0,0,0.542,1
26,19,7,4,0,15,1,0,0,0.577,1
31,10,21,1,1,0,2,0,0,0.0,0
11,8,3,1,0,0,1,0,0,0.0,0
94,25,69,4,3,2,5,0,0,0.021,1
38,10,28,1,0,0,2,0,0,0.0,0
61,14,47,1,3,0,4,0,0,0.0,0
21,13,8,4,0,10,1,0,1,0.476,1
95,25,70,4,1,8,5,0,0,0.084,1
19,10,9,1,0,0,1,0,0,0.0,0
18,14,4,3,0,12,1,0,1,0.667,1
35,10,25,1,1,0,2,0,0,0.0,0
48,10,38,2,1,6,4,0,0,0.125,0
34,22,12,2,0,5,1,0,0,0.147,1
19,13,6,3,0,12,1,0,1,0.632,1
119,9,110,5,0,18,6,0,0,0.151,0
41,6,35,2,1,1,3,0,0,0.024,0
65,21,44,2,4,27,1,0,0,0.415,1
38,15,23,1,0,0,3,0,0,0.0,0
20,18,2,3,0,14,1,0,0,0.7,1
26,19,7,4,0,15,1,0,0,0.577,1
25,18,7,4,0,14,1,0,0,0.56,1
19,13,6,4,0,11,1,0,1,0.579,1
95,25,70,4,3,2,5,0,0,0.021,1
34,17,17,2,0,2,2,0,0,0.059,1
64,13,51,4,0,17,2,0,1,0.266,1
32,10,22,3,0,0,2,0,0,0.0,0
18,14,4,3,0,12,1,0,1,0.667,1
20,8,12,1,0,0,1,0,0,0.0,0
39,11,28,2,0,0,2,0,0,0.0,0
52,10,42,2,0,15,4,0,0,0.288,0
22,12,10,1,1,0,2,0,0,0.0,0
19,12,7,3,0,13,1,0,1,0.684,1
19,12,7,3,0,12,1,0,1,0.632,1
64,11,53,2,3,1,4,0,0,0.016,0
71,27,44,2,4,22,1,0,0,0.31,1
21,19,2,3,0,15,1,0,0,0.714,1
21,15,6,1,0,0,1,0,0,0.0,0
48,11,37,1,2,0,4,0,0,0.0,0
20,9,11,1,0,0,3,0,0,0.0,0
26,19,7,4,0,15,1,0,0,0.577,1
21,10,11,1,1,0,1,0,0,0.0,0
22,20,2,3,0,16,1,0,0,0.727,1
18,13,5,3,0,11,1,0,1,0.611,1
23,14,9,4,0,12,1,0,1,0.522,1
15,11,4,1,0,0,2,0,0,0.0,0
16,10,6,1,0,0,1,0,0,0.0,0
25,10,15,2,0,0,2,0,0,0.0,0
40,14,26,1,0,0,3,0,0,0.0,0
22,20,2,3,0,16,1,0,0,0.727,1
29,11,18,1,1,0,1,0,0,0.0,0
19,12,7,3,0,11,1,0,1,0.579,1
43,11,32,1,3,0,4,0,0,0.0,0
54,14,40,1,2,0,4,0,0,0.0,0
28,10,18,2,0,0,2,0,0,0.0,0
27,12,15,1,1,0,1,0,0,0.0,0
20,7,13,1,0,5,4,0,0,0.25,0
22,20,2,3,0,16,1,0,0,0.727,1
33,18,15,1,0,0,2,0,0,0.0,0
43,6,37,2,2,2,3,0,0,0.047,0
27,20,7,4,0,16,1,0,0,0.593,1
20,18,2,3,0,14,1,0,0,0.7,1
39,12,27,1,1,1,3,0,0,0.026,0
110,6,104,4,5,5,6,0,0,0.045,0
34,12,22,4,0,13,2,0,1,0.382,1
35,9,26,1,0,0,3,0,0,0.0,0
20,18,2,3,0,14,1,0,0,0.7,1
33,9,24,1,2,0,2,0,0,0.0,0
17,9,8,1,0,0,2,0,0,0.0,0
30,13,17,4,0,13,1,0,1,0.433,1
22,20,2,3,0,16,1,0,0,0.727,1
28,10,18,2,0,0,2,0,0,0.0,0
33,10,23,1,1,0,2,0,0,0.0,0
22,15,7,1,0,0,2,0,0,0.0,0
107,25,82,4,4,4,6,0,0,0.037,1
64,27,37,2,4,21,1,0,0,0.328,1
48,14,34,5,0,11,2,0,1,0.229,1
31,13,18,4,0,14,2,0,1,0.452,1
66,17,49,1,3,0,3,0,0,0.0,0
54,16,38,2,0,6,4,0,0,0.111,0
12,6,6,1,0,0,1,0,0,0.0,0
109,9,100,5,3,21,4,0,0,0.193,0
37,14,23,1,1,0,3,0,0,0.0,0
27,20,7,4,0,16,1,0,0,0.593,1
22,20,2,3,0,16,1,0,0,0.727,1
87,25,62,4,2,2,5,0,0,0.023,1
29,12,17,4,1,9,1,0,1,0.31,1
20,6,14,1,0,0,2,0,0,0.0,0
22,20,2,3,0,16,1,0,0,0.727,1
41,11,30,1,1,0,4,0,0,0.0,0
18,9,9,1,0,0,2,0,0,0.0,0
35,15,20,1,0,0,3,0,0,0.0,0
27,20,7,4,0,16,1,0,0,0.593,1
23,10,13,1,1,0,1,0,0,0.0,0
150,9,141,6,1,19,7,0,0,0.127,0
46,9,37,2,1,0,4,0,0,0.0,0
47,18,29,2,2,13,1,0,0,0.277,0
31,19,12,1,1,0,1,0,0,0.0,0
46,13,33,4,0,22,2,0,1,0.478,1
43,11,32,1,3,0,4,0,0,0.0,0
113,25,88,4,4,5,5,0,0,0.044,1
26,12,14,1,0,5,2,0,0,0.192,0
26,19,7,4,0,15,1,0,0,0.577,1
28,17,11,1,0,0,1,0,0,0.0,0
21,11,10,1,1,1,3,0,0,0.048,0
81,7,74,1,8,8,6,0,0,0.099,0
69,25,44,2,4,22,1,0,0,0.319,1
57,9,48,2,1,0,6,0,0,0.0,0
42,10,32,1,2,0,3,0,0,0.0,0
37,11,26,1,0,4,5,0,0,0.108,0
42,13,29,4,0,10,2,0,1,0.238,1
13,9,4,1,0,1,1,0,0,0.077,0
30,11,19,1,1,0,3,0,0,0.0,0
21,7,14,2,0,0,1,0,0,0.0,0
16,14,2,3,0,11,1,0,1,0.688,1
73,15,58,5,3,27,2,0,1,0.37,1
103,10,93,3,1,42,3,0,0,0.408,0
56,33,23,3,0,4,2,0,0,0.071,1
24,10,14,1,1,0,1,0,0,0.0,0
28,11,17,1,1,0,3,0,0,0.0,0
17,11,6,1,1,0,1,0,0,0.0,0
40,10,30,1,1,0,3,0,0,0.0,0
22,20,2,3,0,16,1,0,0,0.727,1
46,12,34,1,2,0,3,0,0,0.0,0
26,19,7,4,0,15,1,0,0,0.577,1
16,11,5,1,0,0,2,0,0,0.0,0
33,15,18,1,1,0,3,0,0,0.0,0
51,7,44,1,3,8,5,0,0,0.157,0
40,11,29,1,0,0,3,0,0,0.0,0
22,20,2,3,0,16,1,0,0,0.727,1
20,11,9,1,0,0,2,0,0,0.0,0
15,9,6,1,0,0,1,0,0,0.0,0
39,10,29,1,1,0,3,0,0,0.0,0
117,25,92,5,4,6,5,0,0,0.051,1
22,20,2,3,0,16,1,0,0,0.727,1
23,19,4,3,0,16,1,0,0,0.696,1
51,11,40,1,4,0,4,0,0,0.0,0
80,25,55,4,2,2,5,0,0,0.025,1
20,7,13,1,0,5,4,0,0,0.25,0
32,10,22,1,0,0,3,0,0,0.0,0
25,13,12,2,0,0,1,0,0,0.0,0
59,12,47,2,0,1,4,0,0,0.017,0
20,6,14,1,0,0,2,0,0,0.0,0
27,20,7,4,0,16,1,0,0,0.593,1
27,20,7,4,0,16,1,0,0,0.593,1
85,25,60,4,3,3,5,0,0,0.035,1
59,22,37,2,4,17,1,0,0,0.288,1
28,10,18,2,0,0,2,0,0,0.0,0
18,13,5,3,0,10,1,0,1,0.556,1
38,14,24,1,1,0,3,0,0,0.0,0
34,9,25,1,0,0,2,0,0,0.0,0
34,12,22,4,0,11,3,0,1,0.324,1
28,21,7,4,0,17,1,0,0,0.607,1
38,9,29,1,0,0,5,0,0,0.0,0
53,12,41,1,5,0,2,0,0,0.0,0
49,15,34,1,2,0,2,0,0,0.0,0
37,15,22,1,1,0,3,0,0,0.0,0
36,20,16,2,0,0,2,0,0,0.0,1
26,19,7,4,0,15,1,0,0,0.577,1
42,15,27,1,1,0,3,0,0,0.0,0
31,12,19,1,0,0,2,0,0,0.0,0
26,19,7,4,0,15,1,0,0,0.577,1
43,12,31,2,4,19,3,0,0,0.442,0
113,6,107,4,5,5,6,0,0,0.044,0
115,25,90,4,2,13,5,0,0,0.113,1
19,12,7,3,0,12,1,0,1,0.632,1
42,20,22,1,2,0,3,0,0,0.0,0
58,13,45,4,0,30,2,0,1,0.517,1
85,25,60,4,2,4,5,0,0,0.047,1
14,5,9,2,1,0,1,0,0,0.0,0
82,7,75,1,7,8,6,0,0,0.098,0
31,11,20,1,0,4,2,0,0,0.129,0
78,25,53,5,4,8,5,0,0,0.103,1
24,15,9,1,0,0,2,0,0,0.0,0
17,13,4,3,0,10,1,0,1,0.588,1
21,19,2,3,0,15,1,0,0,0.714,1
47,13,34,5,0,10,2,0,1,0.213,1
19,9,10,1,0,0,2,0,0,0.0,0
15,6,9,1,0,0,1,0,0,0.0,0
31,8,23,1,1,0,1,0,0,0.0,0
35,17,18,2,0,4,2,0,0,0.114,1
72,25,47,3,0,0,6,0,0,0.0,1
34,10,24,1,2,0,2,0,0,0.0,0
26,19,7,4,0,15,1,0,0,0.577,1
38,11,27,1,1,0,4,0,0,0.0,0
46,10,36,2,3,4,2,0,0,0.087,0
27,6,21,1,2,2,2,0,0,0.074,0
103,25,78,4,7,5,5,0,0,0.049,1
46,12,34,5,0,9,2,0,1,0.196,1
24,9,15,1,0,0,2,0,0,0.0,0
89,25,64,4,2,2,6,0,0,0.022,1
20,15,5,3,0,13,1,0,1,0.65,1
111,25,86,4,4,5,7,0,0,0.045,1
83,25,58,4,2,2,5,0,0,0.024,1
109,25,84,4,4,5,5,0,0,0.046,1
115,13,102,2,0,34,1,0,0,0.296,1
32,14,18,3,0,12,3,0,1,0.375,1
27,11,16,1,1,0,1,0,0,0.0,0
75,25,50,4,1,2,5,0,0,0.027,1
31,10,21,1,2,0,1,0,0,0.0,0
25,18,7,4,0,14,1,0,0,0.56,1
34,15,19,1,0,0,2,0,0,0.0,0
26,19,7,4,0,15,1,0,0,0.577,1
45,9,36,2,1,0,4,0,0,0.0,0
68,24,44,2,4,23,1,0,0,0.338,1
26,19,7,4,0,15,1,0,0,0.577,1
27,11,16,1,1,0,2,0,0,0.0,0
40,15,25,1,1,0,2,0,0,0.0,0
52,7,45,1,4,8,5,0,0,0.154,0
21,19,2,3,0,15,1,0,0,0.714,1
23,21,2,3,0,17,1,0,0,0.739,1
113,25,88,4,4,2,7,0,0,0.018,1
23,21,2,3,0,17,1,0,0,0.739,1
41,16,25,2,0,0,3,0,0,0.0,1
29,11,18,2,2,4,1,0,0,0.138,0
36,9,27,2,0,1,3,0,0,0.028,0
44,11,33,1,1,0,4,0,0,0.0,0
59,10,49,1,3,0,3,0,0,0.0,0
85,25,60,4,1,6,5,0,0,0.071,1
27,9,18,1,0,0,2,0,0,0.0,0
28,12,16,3,0,13,2,0,1,0.464,1
52,10,42,1,2,0,3,0,0,0.0,0
22,14,8,3,0,13,1,0,1,0.591,1
70,26,44,2,4,26,1,0,0,0.371,1
21,12,9,1,0,0,1,0,0,0.0,0
91,25,66,4,2,5,5,0,0,0.055,1
40,11,29,1,1,0,4,0,0,0.0,0
58,13,45,4,0,34,2,0,1,0.586,1
25,12,13,4,0,11,2,0,1,0.44,1
23,16,7,4,0,13,1,0,0,0.565,1
18,11,7,1,1,0,2,0,0,0.0,0
21,13,8,1,0,0,1,0,0,0.0,0
36,15,21,1,1,0,3,0,0,0.0,0
29,12,17,4,0,14,2,0,1,0.483,1
21,19,2,3,0,15,1,0,0,0.714,1
28,13,15,3,0,14,2,0,1,0.5,1
36,10,26,1,0,4,4,0,0,0.111,0
22,20,2,3,0,16,1,0,0,0.727,1
18,15,3,1,0,0,1,0,0,0.0,0
35,12,23,1,0,0,2,0,0,0.0,0
22,20,2,3,0,16,1,0,0,0.727,1
42,10,32,1,2,0,2,0,0,0.0,0
25,11,14,1,0,0,3,0,0,0.0,0
56,10,46,3,1,12,4,0,0,0.214,0
42,17,25,2,0,4,2,0,0,0.095,1
34,15,19,1,1,0,1,0,0,0.0,0
37,15,22,1,0,0,3,0,0,0.0,0
29,10,19,1,0,0,3,0,0,0.0,0
19,11,8,1,0,0,2,0,0,0.0,0
22,20,2,3,0,16,1,0,0,0.727,1
42,11,31,1,1,0,4,0,0,0.0,0
19,15,4,3,0,12,1,0,1,0.632,1
18,14,4,3,0,11,1,0,1,0.611,1
61,13,48,4,1,32,3,0,1,0.525,1
16,11,5,1,0,0,1,0,0,0.0,0
17,9,8,1,0,0,2,0,0,0.0,0
20,12,8,1,0,0,2,0,0,0.0,0
48,11,37,2,0,4,4,0,0,0.083,0
27,20,7,4,0,16,1,0,0,0.593,1
21,19,2,3,0,15,1,0,0,0.714,1
23,21,2,3,0,17,1,0,0,0.739,1
22,20,2,3,0,16,1,0,0,0.727,1
22,12,10,1,0,0,1,0,0,0.0,0
18,11,7,1,1,0,2,0,0,0.0,0
16,10,6,1,0,0,1,0,0,0.0,0
33,10,23,1,1,0,2,0,0,0.0,0
27,20,7,4,0,16,1,0,0,0.593,1
26,12,14,1,1,0,2,0,0,0.0,0
34,12,22,2,1,4,2,0,0,0.118,0
24,10,14,1,0,0,2,0,0,0.0,0
26,11,15,1,1,0,1,0,0,0.0,0
39,8,31,1,1,0,2,0,0,0.0,0
14,9,5,1,0,0,1,0,0,0.0,0
82,25,57,4,0,6,5,0,0,0.073,1
59,17,42,1,4,0,3,0,0,0.0,0
137,25,112,4,4,6,5,0,0,0.044,1
29,19,10,1,0,0,1,0,0,0.0,0
96,25,71,4,4,5,5,0,0,0.052,1
20,12,8,1,0,0,2,0,0,0.0,0
76,25,51,4,3,2,5,0,0,0.026,1
25,6,19,1,1,0,2,0,0,0.0,0
35,15,20,1,1,6,3,0,0,0.171,0
25,13,12,4,0,10,1,0,1,0.4,1
35,9,26,1,1,0,2,0,0,0.0,0
24,14,10,3,0,14,2,0,1,0.583,1
28,10,18,1,0,0,3,0,0,0.0,0
48,11,37,2,0,4,4,0,0,0.083,0
21,13,8,1,0,0,1,0,0,0.0,1
57,7,50,1,4,8,5,0,0,0.14,0
32,17,15,1,0,5,2,0,0,0.156,1
26,19,7,4,0,15,1,0,0,0.577,1
84,25,59,4,3,6,5,0,0,0.071,1
117,25,92,4,3,2,5,0,0,0.017,1
46,12,34,5,0,9,2,0,1,0.196,1
29,4,25,2,2,0,2,0,0,0.0,0
119,25,94,4,7,5,5,0,0,0.042,1
29,13,16,4,0,14,2,0,1,0.483,1
36,11,25,1,1,0,3,0,0,0.0,0
19,9,10,1,1,0,2,0,0,0.0,0
19,17,2,3,0,13,1,0,0,0.684,1
18,11,7,3,0,11,1,0,1,0.611,1
26,19,7,4,0,15,1,0,0,0.577,1
21,19,2,3,0,15,1,0,0,0.714,1
38,12,26,1,1,1,3,0,0,0.026,0
34,7,27,1,1,0,2,0,0,0.0,0
29,19,10,1,0,0,1,0,0,0.0,0
28,21,7,4,0,17,1,0,0,0.607,1
28,21,7,4,0,17,1,0,0,0.607,1
31,12,19,3,0,10,2,0,1,0.323,1
22,20,2,3,0,16,1,0,0,0.727,1
26,19,7,4,0,15,1,0,0,0.577,1
15,11,4,1,0,0,2,0,0,0.0,0
18,11,7,1,1,0,2,0,0,0.0,0
29,15,14,4,0,12,2,0,1,0.414,1
48,17,31,2,0,2,2,0,0,0.042,1
25,18,7,4,0,14,1,0,0,0.56,1
21,19,2,3,0,15,1,0,0,0.714,1
26,19,7,4,0,15,1,0,0,0.577,1
19,11,8,1,0,0,1,0,0,0.0,0
97,11,86,2,3,30,5,0,0,0.309,0
41,15,26,1,2,0,2,0,0,0.0,0
22,20,2,3,0,16,1,0,0,0.727,1
24,17,7,3,0,0,1,0,0,0.0,1
38,10,28,2,3,0,1,0,0,0.0,0
50,7,43,2,2,6,3,0,0,0.12,0
45,9,36,2,0,0,4,0,0,0.0,0
21,11,10,1,0,0,1,0,0,0.0,1
30,19,11,1,2,0,1,0,0,0.0,0
25,12,13,3,0,10,2,0,1,0.4,1
22,11,11,1,0,0,1,0,0,0.0,0
22,14,8,4,0,11,1,0,1,0.5,1
85,25,60,4,0,8,6,0,0,0.094,1
102,25,77,4,3,5,5,0,0,0.049,1
25,13,12,3,0,10,1,0,1,0.4,1
10,6,4,1,0,0,2,0,0,0.0,0
22,20,2,3,0,16,1,0,0,0.727,1
25,18,7,4,0,14,1,0,0,0.56,1
35,10,25,1,1,0,2,0,0,0.0,0
26,19,7,4,0,15,1,0,0,0.577,1
75,25,50,5,0,5,5,0,0,0.067,1
118,25,93,4,4,6,5,0,0,0.051,1
48,10,38,2,3,6,2,0,0,0.125,0
26,19,7,4,0,15,1,0,0,0.577,1
25,18,7,4,0,14,1,0,0,0.56,1
20,15,5,3,0,14,1,0,1,0.7,1
38,6,32,1,4,1,4,0,0,0.026,0
23,21,2,3,0,17,1,0,0,0.739,1
54,17,37,2,4,22,1,0,0,0.407,1
21,7,14,2,0,0,1,0,0,0.0,0
42,10,32,2,3,0,1,0,0,0.0,0
35,17,18,2,0,4,2,0,0,0.114,1
76,25,51,4,1,2,5,0,0,0.026,1
18,14,4,3,0,12,1,0,1,0.667,1
19,12,7,3,0,12,1,0,1,0.632,1
24,11,13,1,0,0,3,0,0,0.0,0
27,14,13,4,0,12,2,0,1,0.444,1
25,18,7,4,0,14,1,0,0,0.56,1
35,13,22,1,2,0,1,0,0,0.0,0
22,20,2,3,0,16,1,0,0,0.727,1
27,20,7,4,0,16,1,0,0,0.593,1
21,8,13,1,0,0,1,0,0,0.0,0
53,16,37,2,4,19,1,0,0,0.358,1
24,13,11,4,0,10,2,0,1,0.417,1
19,11,8,1,0,0,1,0,0,0.0,0
43,6,37,1,0,0,3,0,0,0.0,0
98,11,87,1,4,7,5,0,0,0.071,0
71,12,59,2,2,3,6,0,0,0.042,1
62,25,37,2,4,19,1,0,0,0.306,1
52,9,43,1,1,0,4,0,0,0.0,0
22,20,2,3,0,16,1,0,0,0.727,1
27,20,7,4,0,16,1,0,0,0.593,1
28,9,19,2,0,0,4,0,0,0.0,0
27,20,7,4,0,16,1,0,0,0.593,1
62,25,37,2,4,21,1,0,0,0.339,1
22,20,2,3,0,16,1,0,0,0.727,1
52,11,41,1,4,0,3,0,0,0.0,0
105,25,80,4,3,5,6,0,0,0.048,1
60,10,50,1,3,0,4,0,0,0.0,0
20,18,2,3,0,14,1,0,0,0.7,1
24,17,7,4,0,13,1,0,0,0.542,1
23,9,14,1,0,0,3,0,0,0.0,0
23,11,12,4,0,9,1,0,1,0.391,1
19,14,5,3,0,12,1,0,1,0.632,1
96,25,71,4,2,6,5,0,0,0.062,1
22,20,2,3,0,16,1,0,0,0.727,1
31,10,21,1,0,0,3,0,0,0.0,0
36,18,18,3,0,0,1,0,0,0.0,1
34,15,19,1,0,0,2,0,0,0.0,0
21,13,8,4,0,11,1,0,1,0.524,1
22,12,10,1,0,0,2,0,0,0.0,0
20,7,13,1,0,5,4,0,0,0.25,0
25,18,7,4,0,14,1,0,0,0.56,1
22,20,2,3,0,16,1,0,0,0.727,1
19,12,7,3,0,12,1,0,1,0.632,1
22,9,13,2,0,0,2,0,0,0.0,0
82,6,76,1,4,0,4,0,0,0.0,0
46,9,37,2,0,4,4,0,0,0.087,0
61,13,48,4,1,30,3,0,1,0.492,1
23,13,10,4,0,10,1,0,1,0.435,1
15,11,4,1,0,0,2,0,0,0.0,0
17,9,8,1,0,0,1,0,0,0.0,0
15,11,4,1,0,0,2,0,0,0.0,0
31,9,22,2,1,0,4,0,0,0.0,0
32,7,25,1,2,0,3,0,0,0.0,0
29,9,20,1,1,0,2,0,0,0.0,0
26,17,9,3,0,13,1,0,0,0.5,1
36,15,21,1,0,0,3,0,0,0.0,0
26,12,14,4,0,13,2,0,1,0.5,1
55,18,37,2,4,28,1,0,0,0.509,1
15,11,4,1,0,0,2,0,0,0.0,0
88,25,63,4,1,2,5,0,0,0.023,1
62,25,37,2,4,15,1,0,0,0.242,1
64,27,37,2,4,23,1,0,0,0.359,1
17,10,7,2,0,0,1,0,0,0.0,0
24,13,11,3,0,13,2,0,1,0.542,1
84,25,59,4,1,5,5,0,0,0.06,1
61,13,48,4,1,30,3,0,1,0.492,1
51,9,42,2,0,0,6,0,0,0.0,0
19,17,2,3,0,13,1,0,0,0.684,1
96,25,71,5,4,3,5,0,0,0.031,1
22,20,2,3,0,16,1,0,0,0.727,1
23,13,10,4,0,10,2,0,1,0.435,1
47,7,40,1,1,0,4,0,0,0.0,0
19,12,7,3,0,15,1,0,1,0.789,1
122,25,97,6,7,3,5,0,0,0.025,1
45,12,33,1,1,0,3,0,0,0.0,0
114,25,89,4,5,5,5,0,0,0.044,1
133,25,108,4,4,6,10,0,0,0.045,1
120,25,95,4,1,2,5,0,0,0.017,1
81,25,56,5,2,3,7,0,0,0.037,1
42,7,35,1,1,0,4,0,0,0.0,0
20,18,2,3,0,14,1,0,0,0.7,1
38,10,28,1,3,14,2,0,0,0.368,0
20,15,5,3,0,12,1,0,1,0.6,1
24,13,11,3,0,11,2,0,1,0.458,1
44,15,29,1,0,0,2,0,0,0.0,0
21,19,2,3,0,15,1,0,0,0.714,1
26,19,7,4,0,15,1,0,0,0.577,1
27,13,14,4,0,12,2,0,1,0.444,1
41,9,32,2,0,0,3,0,0,0.0,0
18,9,9,1,0,0,1,0,0,0.0,0
20,18,2,3,0,14,1,0,0,0.7,1
76,25,51,5,2,5,5,0,0,0.066,1
38,7,31,1,1,0,3,0,0,0.0,0
19,11,8,1,0,0,1,0,0,0.0,0
18,14,4,3,0,11,1,0,1,0.611,1
26,14,12,2,0,0,1,0,0,0.0,0
19,12,7,3,0,13,1,0,1,0.684,1
20,7,13,1,0,5,4,0,0,0.25,0
23,10,13,1,1,0,1,0,0,0.0,0
22,12,10,3,0,10,2,0,1,0.455,1
20,10,10,1,0,0,1,0,0,0.0,0
21,8,13,1,0,0,1,0,0,0.0,0
23,21,2,3,0,17,1,0,0,0.739,1
22,13,9,3,0,10,1,0,1,0.455,1
27,20,7,4,0,16,1,0,0,0.593,1
21,19,2,3,0,15,1,0,0,0.714,1
22,20,2,3,0,16,1,0,0,0.727,1
79,25,54,4,1,8,7,0,0,0.101,1
98,25,73,4,0,2,9,0,0,0.02,1
39,21,18,4,1,1,2,0,0,0.026,1
29,9,20,2,0,3,2,0,0,0.103,0
40,11,29,1,0,3,2,0,0,0.075,0
67,23,44,2,4,17,1,0,0,0.254,1
31,10,21,1,1,0,2,0,0,0.0,0
78,25,53,4,1,7,5,0,0,0.09,1
65,21,44,2,4,25,1,0,0,0.385,1
38,15,23,5,0,12,2,0,1,0.316,1
81,25,56,4,3,2,5,0,0,0.025,1
15,10,5,1,0,0,1,0,0,0.0,0
234,26,208,3,2,34,3,0,0,0.145,1
34,6,28,2,1,4,2,0,0,0.118,0
113,25,88,5,3,6,5,0,0,0.053,1
34,11,23,1,2,0,2,0,0,0.0,0
30,9,21,2,1,0,1,0,0,0.0,0
53,14,39,1,3,0,4,0,0,0.0,0
23,21,2,3,0,17,1,0,0,0.739,1
15,11,4,1,0,0,2,0,0,0.0,0
18,11,7,3,0,11,1,0,1,0.611,1
87,9,78,2,3,0,8,0,0,0.0,0
87,25,62,5,2,6,5,0,0,0.069,1
20,18,2,3,0,14,1,0,0,0.7,1
21,12,9,4,0,9,1,0,1,0.429,1
32,9,23,1,0,0,2,0,0,0.0,0
104,25,79,5,4,3,5,0,0,0.029,1
32,9,23,1,3,2,2,0,0,0.062,0
32,21,11,3,0,3,1,0,0,0.094,1
17,11,6,3,0,8,1,0,1,0.471,1
64,20,44,2,4,24,1,0,0,0.375,1
105,25,80,4,9,3,5,0,0,0.029,1
24,10,14,1,1,0,2,0,0,0.0,0
33,11,22,1,0,0,4,0,0,0.0,0
28,21,7,4,0,17,1,0,0,0.607,1
134,25,109,4,7,2,5,0,0,0.015,1
58,9,49,2,0,4,5,0,0,0.069,0
22,14,8,3,0,0,1,0,0,0.0,1
22,11,11,1,0,0,2,0,0,0.0,0
23,13,10,4,0,11,1,0,1,0.478,1
41,10,31,1,3,0,3,0,0,0.0,0
44,15,29,1,0,0,4,0,0,0.0,0
55,9,46,2,2,0,4,0,0,0.0,0
21,19,2,3,0,15,1,0,0,0.714,1
25,14,11,4,0,13,2,0,1,0.52,1
14,9,5,1,0,0,1,0,0,0.0,0
59,11,48,2,3,0,4,0,0,0.0,0
25,13,12,4,0,14,1,0,1,0.56,1
76,25,51,5,0,2,5,0,0,0.026,1
127,25,102,4,1,6,7,0,0,0.047,1
20,18,2,3,0,14,1,0,0,0.7,1
49,11,38,1,3,0,4,0,0,0.0,0
70,26,44,2,4,25,1,0,0,0.357,1
40,11,29,1,0,3,2,0,0,0.075,0
15,11,4,1,0,0,2,0,0,0.0,0
19,17,2,3,0,13,1,0,0,0.684,1
77,6,71,1,5,0,5,0,0,0.0,0
25,12,13,1,0,5,2,0,0,0.2,0
64,27,37,2,4,19,1,0,0,0.297,1
48,11,37,2,1,8,5,0,0,0.167,0
34,12,22,1,0,0,4,0,0,0.0,0
131,9,122,2,15,10,4,0,0,0.076,0
78,12,66,2,4,4,4,0,0,0.051,0
17,10,7,1,0,0,1,0,0,0.0,0
201,25,176,5,9,7,5,0,0,0.035,1
25,18,7,4,0,14,1,0,0,0.56,1
27,20,7,4,0,16,1,0,0,0.593,1
89,25,64,4,4,4,5,0,0,0.045,1
20,10,10,1,0,0,1,0,0,0.0,0
26,19,7,4,0,15,1,0,0,0.577,1
21,7,14,1,0,0,2,0,0,0.0,0
13,6,7,1,1,0,1,0,0,0.0,0
26,16,10,3,0,1,1,0,0,0.038,1
26,9,17,1,0,0,2,0,0,0.0,0
22,20,2,3,0,16,1,0,0,0.727,1
22,20,2,3,0,16,1,0,0,0.727,1
25,6,19,1,2,0,2,0,0,0.0,0
47,12,35,1,0,0,4,0,0,0.0,0
16,12,4,1,0,0,1,0,0,0.0,0
62,16,46,3,1,10,4,0,0,0.161,0
30,15,15,1,0,0,3,0,0,0.0,0
88,25,63,4,0,5,5,0,0,0.057,1
24,14,10,3,0,12,1,0,1,0.5,1
54,12,42,1,2,0,3,0,0,0.0,0
20,7,13,1,0,5,4,0,0,0.25,0
45,17,28,2,0,4,2,0,0,0.089,1
27,20,7,4,0,16,1,0,0,0.593,1
19,12,7,3,0,15,1,0,1,0.789,1
18,11,7,3,0,11,1,0,1,0.611,1
23,7,16,1,1,0,2,0,0,0.0,0
25,18,7,4,0,14,1,0,0,0.56,1
70,25,45,4,1,5,5,0,0,0.071,1
35,15,20,1,2,0,2,0,0,0.0,0
36,9,27,1,0,0,3,0,0,0.0,0
54,10,44,3,1,6,5,0,0,0.111,0
34,15,19,1,0,0,3,0,0,0.0,0
21,11,10,1,0,0,1,0,0,0.0,0
37,9,28,2,0,0,5,0,0,0.0,0
15,11,4,1,0,0,2,0,0,0.0,0
18,11,7,1,1,0,1,0,0,0.0,0
22,12,10,3,0,10,1,0,1,0.455,1
15,11,4,1,0,0,2,0,0,0.0,0
23,12,11,1,0,0,2,0,0,0.0,0
15,11,4,1,0,0,2,0,0,0.0,0
105,11,94,2,3,28,5,0,0,0.267,0
46,11,35,1,2,0,3,0,0,0.0,0
27,10,17,1,1,0,2,0,0,0.0,0
86,15,71,1,5,6,5,0,0,0.07,0
44,15,29,4,0,7,1,0,0,0.159,0
22,13,9,1,0,0,1,0,0,0.0,0
20,11,9,1,0,0,1,0,0,0.0,0
25,12,13,4,0,10,1,0,1,0.4,1
31,10,21,1,2,0,3,0,0,0.0,0
119,25,94,4,6,5,5,0,0,0.042,1
104,25,79,4,1,6,8,0,0,0.058,1
115,25,90,5,3,6,5,0,0,0.052,1
88,25,63,4,2,9,5,0,0,0.102,1
27,20,7,4,0,16,1,0,0,0.593,1
44,7,37,1,1,0,4,0,0,0.0,0
48,11,37,2,1,4,4,0,0,0.083,0
21,19,2,3,0,15,1,0,0,0.714,1
107,25,82,4,2,8,7,0,0,0.075,1
53,10,43,1,5,1,3,0,0,0.019,0
31,10,21,2,0,0,2,0,0,0.0,1
83,25,58,4,2,5,5,0,0,0.06,1
19,12,7,3,0,14,1,0,1,0.737,1
118,6,112,4,5,5,6,0,0,0.042,0
69,25,44,4,2,3,5,0,0,0.043,1
38,12,26,1,1,0,3,0,0,0.0,0
31,12,19,1,0,0,4,0,0,0.0,0
107,9,98,5,4,22,4,0,0,0.206,0
24,17,7,4,0,13,1,0,0,0.542,1
90,25,65,4,3,2,7,0,0,0.022,1
25,6,19,1,1,0,2,0,0,0.0,0
28,9,19,2,0,0,4,0,0,0.0,0
41,10,31,1,1,0,2,0,0,0.0,0
46,7,39,2,2,0,3,0,0,0.0,0
37,10,27,1,1,0,2,0,0,0.0,0
35,13,22,2,2,0,1,0,0,0.0,0
28,13,15,4,0,11,2,0,1,0.393,1
27,20,7,4,0,16,1,0,0,0.593,1
101,25,76,5,3,5,5,0,0,0.05,1
10,6,4,1,0,0,2,0,0,0.0,0
106,25,81,4,1,4,6,0,0,0.038,1
35,15,20,1,1,1,3,0,0,0.029,0
38,13,25,4,0,11,2,0,1,0.289,1
75,12,63,1,3,0,4,0,0,0.0,0
29,12,17,4,0,14,2,0,1,0.483,1
91,25,66,4,3,5,5,0,0,0.055,1
35,10,25,1,0,0,3,0,0,0.0,0
49,7,42,2,1,0,3,0,0,0.0,0
23,14,9,3,0,13,1,0,1,0.565,1
28,21,7,4,0,17,1,0,0,0.607,1
90,25,65,4,3,2,5,0,0,0.022,1
25,18,7,2,0,1,1,0,0,0.04,1
87,25,62,4,3,10,5,0,0,0.115,1
75,25,50,5,2,5,5,0,0,0.067,1
25,18,7,4,0,14,1,0,0,0.56,1
19,12,7,3,0,11,1,0,1,0.579,1
20,15,5,1,0,0,1,0,0,0.0,0
53,6,47,1,2,0,5,0,0,0.0,0
15,11,4,1,0,0,2,0,0,0.0,0
26,16,10,2,0,0,1,0,0,0.0,1
111,25,86,4,5,2,5,0,0,0.018,1
15,11,4,1,0,0,2,0,0,0.0,0
20,18,2,3,0,14,1,0,0,0.7,1
70,9,61,2,1,10,6,0,0,0.143,0
19,12,7,3,0,11,1,0,1,0.579,1
39,17,22,2,0,4,2,0,0,0.103,1
27,20,7,4,0,16,1,0,0,0.593,1
25,18,7,4,0,14,1,0,0,0.56,1
9,4,5,1,0,0,1,0,0,0.0,0
26,19,7,4,0,15,1,0,0,0.577,1
24,17,7,4,0,13,1,0,0,0.542,1
109,25,84,4,7,8,5,0,0,0.073,1
24,9,15,1,0,0,2,0,0,0.0,0
33,9,24,1,2,0,2,0,0,0.0,0
43,10,33,1,3,0,3,0,0,0.0,0
22,13,9,4,0,10,1,0,1,0.455,1
32,25,7,3,1,0,1,0,0,0.0,1
27,11,16,1,0,0,3,0,0,0.0,0
108,25,83,4,4,5,5,0,0,0.046,1
57,7,50,3,1,6,5,0,0,0.105,0
62,7,55,1,4,8,6,0,0,0.129,0
20,18,2,3,0,14,1,0,0,0.7,1
28,9,19,1,1,0,2,0,0,0.0,0
25,18,7,4,0,14,1,0,0,0.56,1
27,20,7,4,0,16,1,0,0,0.593,1
25,18,7,4,0,14,1,0,0,0.56,1
116,25,91,4,3,2,5,0,0,0.017,1
15,11,4,1,0,0,2,0,0,0.0,0
83,25,58,4,1,6,5,0,0,0.072,1
20,11,9,1,0,0,1,0,0,0.0,0
63,20,43,2,1,20,1,0,0,0.317,1
137,25,112,4,11,2,5,0,0,0.015,1
49,12,37,1,0,0,4,0,0,0.0,0
37,20,17,4,0,20,2,0,0,0.541,1
90,25,65,4,3,2,5,0,0,0.022,1
32,15,17,1,1,0,3,0,0,0.0,0
21,19,2,3,0,15,1,0,0,0.714,1
26,19,7,4,0,15,1,0,0,0.577,1
25,18,7,4,0,14,1,0,0,0.56,1
21,19,2,3,0,15,1,0,0,0.714,1
102,25,77,4,1,6,6,0,0,0.059,1
35,10,25,2,1,0,2,0,0,0.0,0
47,18,29,3,1,0,3,0,0,0.0,0
23,21,2,3,0,17,1,0,0,0.739,1
20,10,10,1,0,0,1,0,0,0.0,0
41,7,34,1,1,0,3,0,0,0.0,0
47,13,34,5,0,10,2,0,1,0.213,1
27,20,7,4,0,16,1,0,0,0.593,1
21,13,8,4,0,10,1,0,1,0.476,1
126,9,117,5,3,20,6,0,0,0.159,0
37,6,31,1,4,2,4,0,0,0.054,0
40,11,29,1,0,7,2,0,0,0.175,0
18,14,4,3,0,11,1,0,1,0.611,1
69,9,60,2,5,4,3,0,0,0.058,0
113,11,102,2,11,13,5,0,0,0.115,0
22,20,2,3,0,16,1,0,0,0.727,1
28,21,7,4,0,17,1,0,0,0.607,1
32,7,25,1,0,0,3,0,0,0.0,0
23,17,6,3,0,13,1,0,0,0.565,1
31,10,21,1,0,0,3,0,0,0.0,0
66,22,44,2,4,24,1,0,0,0.364,1
97,25,72,4,2,2,5,0,0,0.021,1
28,10,18,2,0,3,2,0,0,0.107,0
33,9,24,1,0,0,4,0,0,0.0,0
117,25,92,5,1,6,5,0,0,0.051,1
32,13,19,4,0,16,2,0,1,0.5,1
18,10,8,1,0,0,1,0,0,0.0,0
93,55,38,4,4,14,5,0,0,0.151,1
45,11,34,1,3,0,4,0,0,0.0,0
30,12,18,4,0,11,2,0,1,0.367,1
87,25,62,4,0,4,5,0,0,0.046,1
91,25,66,5,1,3,8,0,0,0.033,1
35,11,24,1,1,0,5,0,0,0.0,0
17,10,7,1,0,0,1,0,0,0.0,0
27,20,7,4,0,16,1,0,0,0.593,1
48,11,37,2,3,4,4,0,0,0.083,0
82,25,57,4,0,2,5,0,0,0.024,1
25,14,11,4,0,13,1,0,1,0.52,1
20,11,9,1,0,0,1,0,0,0.0,0
28,15,13,3,0,13,2,0,1,0.464,1
18,15,3,1,0,0,1,0,0,0.0,0
20,15,5,3,0,15,1,0,1,0.75,1
37,10,27,1,1,0,2,0,0,0.0,0
27,20,7,4,0,16,1,0,0,0.593,1
109,25,84,4,7,4,5,0,0,0.037,1
36,17,19,2,0,4,2,0,0,0.111,1
27,20,7,4,0,16,1,0,0,0.593,1
31,18,13,1,2,0,3,0,0,0.0,0
63,13,50,4,0,16,2,0,1,0.254,1
61,14,47,4,0,13,2,0,1,0.213,1
41,11,30,1,0,5,2,0,0,0.122,0
14,9,5,2,0,0,1,0,0,0.0,0
100,25,75,4,5,6,5,0,0,0.06,1
40,11,29,1,0,3,2,0,0,0.075,0
20,18,2,3,0,14,1,0,0,0.7,1
27,20,7,4,0,16,1,0,0,0.593,1
35,24,11,3,0,0,2,0,0,0.0,1
21,19,2,3,0,15,1,0,0,0.714,1
33,13,20,4,0,14,2,0,1,0.424,1
26,14,12,3,0,12,2,0,1,0.462,1
18,15,3,1,0,0,1,0,0,0.0,0
37,10,27,2,1,4,2,0,0,0.108,0
123,9,114,5,2,19,5,0,0,0.154,0
28,21,7,4,0,17,1,0,0,0.607,1
121,25,96,4,6,2,5,0,0,0.017,1
104,25,79,4,2,2,7,0,0,0.019,1
44,11,33,1,2,0,4,0,0,0.0,0
23,13,10,4,0,10,2,0,1,0.435,1
20,7,13,1,0,5,4,0,0,0.25,0
20,9,11,1,0,0,1,0,0,0.0,0
28,9,19,2,0,0,4,0,0,0.0,0
55,18,37,2,4,23,1,0,0,0.418,1
20,9,11,1,0,0,1,0,0,0.0,0
11,7,4,1,0,0,2,0,0,0.0,0
22,20,2,3,0,16,1,0,0,0.727,1
52,17,35,2,0,4,2,0,0,0.077,1
24,18,6,4,0,17,1,0,0,0.708,1
77,25,52,4,0,4,7,0,0,0.052,1
27,9,18,1,2,0,1,0,0,0.0,0
34,10,24,1,1,0,2,0,0,0.0,0
41,11,30,1,0,2,2,0,0,0.049,0
45,15,30,1,1,0,4,0,0,0.0,0
60,11,49,1,5,0,4,0,0,0.0,0
44,11,33,1,3,0,4,0,0,0.0,0
117,55,62,5,4,35,3,0,0,0.299,1
99,25,74,5,4,5,5,0,0,0.051,1
97,25,72,4,0,5,6,0,0,0.052,1
39,21,18,4,1,1,2,0,0,0.026,1
18,11,7,1,0,0,1,0,0,0.0,0
25,18,7,4,0,14,1,0,0,0.56,1
30,12,18,3,0,9,2,0,1,0.3,1
20,7,13,1,0,5,4,0,0,0.25,0
25,14,11,4,0,11,1,0,1,0.44,1
43,8,35,2,0,0,4,0,0,0.0,0
25,13,12,4,0,11,1,0,1,0.44,1
21,14,7,3,0,11,1,0,1,0.524,1
15,10,5,1,0,0,1,0,0,0.0,0
34,22,12,2,0,0,2,0,0,0.0,1
55,12,43,1,2,0,3,0,0,0.0,0
100,25,75,4,4,5,5,0,0,0.05,1
54,17,37,2,4,20,1,0,0,0.37,1
16,11,5,3,0,8,1,0,1,0.5,1
82,25,57,4,2,2,5,0,0,0.024,1
22,20,2,3,0,16,1,0,0,0.727,1
51,7,44,1,2,0,4,0,0,0.0,0
88,25,63,4,1,8,6,0,0,0.091,1
89,25,64,4,1,2,5,0,0,0.022,1
37,6,31,1,3,2,3,0,0,0.054,0
79,17,62,1,11,2,2,0,0,0.025,0
66,15,51,1,3,0,4,0,0,0.0,0
108,25,83,4,3,5,5,0,0,0.046,1
116,25,91,5,3,9,5,0,0,0.078,1
25,10,15,2,0,0,2,0,0,0.0,0
51,7,44,1,3,0,4,0,0,0.0,0
121,25,96,4,6,7,5,0,0,0.058,1
26,11,15,1,0,0,4,0,0,0.0,0
30,10,20,1,1,0,3,0,0,0.0,0
32,17,15,1,0,0,2,0,0,0.0,0
23,21,2,3,0,17,1,0,0,0.739,1
29,12,17,1,0,0,2,0,0,0.0,0
20,18,2,3,0,14,1,0,0,0.7,1
131,25,106,5,10,8,6,0,0,0.061,1
50,11,39,2,2,1,2,0,0,0.02,0
27,11,16,1,0,0,3,0,0,0.0,0
28,15,13,1,0,0,2,0,0,0.0,0
27,20,7,4,0,16,1,0,0,0.593,1
79,25,54,5,1,3,5,0,0,0.038,1
44,6,38,2,1,0,3,0,0,0.0,0
62,18,44,2,4,23,1,0,0,0.371,1
29,13,16,4,0,12,2,0,1,0.414,1
22,9,13,1,1,0,2,0,0,0.0,0
29,18,11,1,2,0,3,0,0,0.0,0
25,12,13,1,1,0,2,0,0,0.0,0
24,9,15,2,0,0,2,0,0,0.0,1
23,15,8,3,0,13,2,0,1,0.565,1
67,11,56,3,4,9,4,0,0,0.134,0
116,25,91,4,3,5,7,0,0,0.043,1
21,19,2,3,0,15,1,0,0,0.714,1
23,13,10,4,0,10,1,0,1,0.435,1
79,38,41,3,0,1,5,0,0,0.013,1
62,11,51,3,1,8,4,0,0,0.129,0
54,10,44,1,7,0,2,0,0,0.0,0
19,10,9,1,1,0,2,0,0,0.0,0
34,10,24,1,0,0,2,0,0,0.0,0
62,25,37,2,4,21,1,0,0,0.339,1
28,9,19,2,0,0,4,0,0,0.0,0
92,25,67,5,3,7,5,0,0,0.076,1
56,10,46,2,5,3,3,0,0,0.054,0
30,11,19,1,0,0,2,0,0,0.0,0
23,11,12,4,0,9,1,0,1,0.391,1
41,11,30,1,0,7,2,0,0,0.171,0
68,24,44,2,4,25,1,0,0,0.368,1
27,20,7,1,1,0,2,0,0,0.0,0
61,55,6,3,3,8,1,0,0,0.131,1
19,14,5,3,0,12,1,0,1,0.632,1
37,7,30,1,4,0,3,0,0,0.0,0
21,19,2,3,0,15,1,0,0,0.714,1
26,19,7,4,0,15,1,0,0,0.577,1
20,18,2,3,0,14,1,0,0,0.7,1
40,11,29,1,0,7,2,0,0,0.175,0
112,25,87,4,3,4,6,0,0,0.036,1
44,7,37,1,2,0,4,0,0,0.0,0
24,17,7,4,0,13,1,0,0,0.542,1
30,10,20,1,0,0,3,0,0,0.0,0
23,21,2,3,0,17,1,0,0,0.739,1
25,18,7,4,0,14,1,0,0,0.56,1
21,14,7,3,0,12,1,0,1,0.571,1
36,10,26,2,1,0,2,0,0,0.0,0
61,13,48,4,1,28,3,0,1,0.459,1
23,21,2,3,0,17,1,0,0,0.739,1
38,9,29,1,1,0,2,0,0,0.0,0
19,17,2,3,0,13,1,0,0,0.684,1
26,15,11,4,0,12,1,0,0,0.462,1
33,14,19,4,0,12,2,0,1,0.364,1
92,11,81,1,5,7,4,0,0,0.076,0
31,12,19,4,0,12,2,0,1,0.387,1
28,9,19,1,0,0,2,0,0,0.0,0
26,19,7,4,0,15,1,0,0,0.577,1
37,26,11,4,0,3,1,0,0,0.081,1
56,19,37,2,4,18,1,0,0,0.321,1
26,11,15,3,0,2,1,0,0,0.077,1
91,25,66,4,2,2,5,0,0,0.022,1
21,11,10,1,0,0,1,0,0,0.0,0
19,14,5,3,0,12,1,0,1,0.632,1
105,7,98,5,4,26,4,0,0,0.248,0
31,10,21,2,0,0,2,0,0,0.0,0
25,19,6,1,0,0,1,0,0,0.0,0
108,15,93,1,11,0,4,0,0,0.0,0
71,27,44,2,4,27,1,0,0,0.38,1
35,7,28,2,0,0,3,0,0,0.0,0
65,14,51,1,5,0,4,0,0,0.0,0
103,25,78,4,5,3,5,0,0,0.029,1
18,15,3,1,0,0,1,0,0,0.0,0
77,10,67,4,1,3,6,0,0,0.039,1
25,8,17,1,1,0,1,0,0,0.0,0
72,16,56,2,1,8,1,0,0,0.111,1
19,17,2,3,0,13,1,0,0,0.684,1
51,15,36,1,4,0,1,0,0,0.0,0
87,25,62,5,1,5,5,0,0,0.057,1
38,10,28,1,2,0,2,0,0,0.0,0
93,25,68,5,4,8,6,0,0,0.086,1
19,8,11,1,0,0,1,0,0,0.0,0
61,13,48,4,1,31,3,0,1,0.508,1
90,7,83,1,10,8,6,0,0,0.089,0
20,18,2,3,0,14,1,0,0,0.7,1
84,25,59,5,1,3,5,0,0,0.036,1
20,14,6,1,0,0,2,0,0,0.0,0
33,23,10,4,0,1,1,0,0,0.03,1
22,20,2,3,0,16,1,0,0,0.727,1
21,10,11,1,0,0,2,0,0,0.0,0
15,10,5,1,0,0,1,0,0,0.0,0
21,19,2,3,0,15,1,0,0,0.714,1
24,9,15,1,1,0,1,0,0,0.0,0
28,14,14,2,0,0,1,0,0,0.0,0
23,15,8,1,0,0,1,0,0,0.0,0
22,15,7,3,0,1,1,0,0,0.045,1
23,7,16,2,1,0,1,0,0,0.0,0
27,12,15,1,0,0,2,0,0,0.0,0
27,10,17,1,1,0,2,0,0,0.0,0
23,14,9,3,0,12,2,0,1,0.522,1
30,12,18,1,0,0,2,0,0,0.0,0
21,10,11,1,1,0,1,0,0,0.0,0
49,38,11,3,0,1,1,0,0,0.02,1
39,11,28,1,1,0,3,0,0,0.0,0
20,15,5,3,0,12,1,0,1,0.6,1
17,11,6,1,0,0,1,0,0,0.0,0
61,13,48,4,1,27,3,0,1,0.443,1
115,9,106,5,4,20,4,0,0,0.174,0
26,19,7,4,0,15,1,0,0,0.577,1
30,13,17,4,0,10,2,0,1,0.333,1
21,19,2,3,0,15,1,0,0,0.714,1
36,9,27,2,0,2,3,0,0,0.056,0
68,9,59,2,4,0,7,0,0,0.0,0
22,20,2,3,0,16,1,0,0,0.727,1
34,11,23,1,1,0,2,0,0,0.0,0
48,11,37,2,1,5,4,0,0,0.104,0
49,11,38,3,2,5,4,0,0,0.102,0
18,10,8,1,0,0,1,0,0,0.0,0
20,18,2,3,0,14,1,0,0,0.7,1
79,25,54,5,0,2,6,0,0,0.025,1
91,15,76,1,7,6,5,0,0,0.066,0
16,7,9,2,0,0,1,0,0,0.0,0
50,17,33,2,0,4,2,0,0,0.08,1
158,25,133,4,6,16,10,0,0,0.101,1
32,11,21,1,0,0,3,0,0,0.0,0
18,11,7,3,0,13,1,0,1,0.722,1
26,19,7,4,0,15,1,0,0,0.577,1
56,11,45,1,5,0,4,0,0,0.0,0
27,20,7,4,0,16,1,0,0,0.593,1
32,10,22,1,0,0,2,0,0,0.0,0
67,9,58,2,5,0,6,0,0,0.0,0
38,19,19,3,1,0,2,0,0,0.0,1
62,25,37,2,4,14,1,0,0,0.226,1
28,21,7,4,0,17,1,0,0,0.607,1
29,13,16,4,0,12,2,0,1,0.414,1
67,11,56,2,3,1,4,0,0,0.015,0
18,14,4,3,0,11,1,0,1,0.611,1
29,13,16,4,0,11,2,0,1,0.379,1
53,11,42,2,1,8,5,0,0,0.151,0
14,9,5,1,1,0,2,0,0,0.0,0
18,13,5,4,0,10,1,0,1,0.556,1
100,25,75,5,7,3,6,0,0,0.03,1
61,10,51,1,4,0,3,0,0,0.0,0
65,11,54,1,3,10,5,0,0,0.154,0
18,11,7,1,1,0,2,0,0,0.0,0
27,20,7,4,0,16,1,0,0,0.593,1
19,14,5,3,0,11,1,0,1,0.579,1
38,13,25,4,0,11,2,0,1,0.289,1
26,19,7,4,0,15,1,0,0,0.577,1
22,20,2,3,0,16,1,0,0,0.727,1
17,8,9,3,0,1,1,0,0,0.059,1
49,6,43,2,1,1,3,0,0,0.02,0
22,13,9,4,0,11,1,0,1,0.5,1
21,19,2,3,0,15,1,0,0,0.714,1
25,14,11,3,0,13,2,0,1,0.52,1
26,19,7,4,0,15,1,0,0,0.577,1
79,25,54,4,5,2,5,0,0,0.025,1
19,10,9,1,0,0,1,0,0,0.0,0
37,14,23,5,0,11,2,0,1,0.297,1
26,19,7,4,0,15,1,0,0,0.577,1
119,25,94,4,6,6,6,0,0,0.05,1
148,15,133,4,0,35,3,0,1,0.236,1
109,25,84,5,7,6,6,0,0,0.055,1
18,9,9,1,0,0,1,0,0,0.0,0
33,10,23,1,1,0,2,0,0,0.0,0
24,15,9,4,0,12,1,0,1,0.5,1
38,10,28,1,3,14,2,0,0,0.368,0
20,18,2,3,0,14,1,0,0,0.7,1
24,15,9,4,0,13,1,0,1,0.542,1
36,17,19,1,1,0,2,0,0,0.0,0
21,10,11,1,0,0,2,0,0,0.0,0
22,20,2,3,0,16,1,0,0,0.727,1
36,9,27,4,1,4,2,0,0,0.111,1
26,19,7,4,0,15,1,0,0,0.577,1
24,14,10,4,0,11,2,0,1,0.458,1
38,11,27,1,2,0,2,0,0,0.0,0
41,11,30,1,0,2,2,0,0,0.049,0
43,10,33,1,2,0,3,0,0,0.0,0
114,25,89,4,2,2,5,0,0,0.018,1
27,7,20,1,1,0,2,0,0,0.0,0
25,9,16,1,2,0,1,0,0,0.0,0
71,11,60,1,8,9,5,0,0,0.127,0
67,30,37,2,4,19,1,0,0,0.284,1
109,25,84,5,7,3,5,0,0,0.028,1
46,12,34,4,0,13,2,0,1,0.283,1
18,11,7,3,0,13,1,0,1,0.722,1
34,12,22,4,0,13,2,0,1,0.382,1
19,12,7,3,0,13,1,0,1,0.684,1
27,14,13,1,0,0,3,0,0,0.0,0
27,10,17,1,0,0,2,0,0,0.0,0
110,11,99,2,9,9,5,0,0,0.082,0
41,11,30,1,0,4,2,0,0,0.098,0
48,9,39,1,1,0,3,0,0,0.0,0
49,15,34,1,1,0,3,0,0,0.0,0
21,10,11,1,0,0,1,0,0,0.0,0
36,11,25,1,1,0,3,0,0,0.0,0
23,21,2,3,0,17,1,0,0,0.739,1
52,6,46,3,1,14,4,0,0,0.269,0
18,15,3,1,0,0,1,0,0,0.0,0
22,13,9,4,0,10,1,0,1,0.455,1
20,18,2,3,0,14,1,0,0,0.7,1
20,18,2,3,0,14,1,0,0,0.7,1
40,14,26,1,2,0,3,0,0,0.0,0
29,11,18,4,1,9,2,0,1,0.31,1
50,16,34,2,2,0,3,0,0,0.0,0
32,11,21,1,2,0,1,0,0,0.0,0
14,7,7,1,0,0,1,0,0,0.0,0
59,16,43,3,0,32,4,0,0,0.542,1
28,12,16,1,0,0,2,0,0,0.0,0
20,18,2,3,0,14,1,0,0,0.7,1
22,10,12,1,0,0,2,0,0,0.0,0
18,15,3,1,0,0,1,0,0,0.0,0
16,10,6,1,0,0,2,0,0,0.0,0
66,10,56,2,5,0,2,0,0,0.0,0
21,19,2,3,0,15,1,0,0,0.714,1
62,25,37,2,4,24,1,0,0,0.387,1
40,10,30,1,2,0,2,0,0,0.0,0
28,9,19,1,0,0,2,0,0,0.0,0
107,25,82,4,5,2,6,0,0,0.019,1
109,25,84,4,0,5,5,0,0,0.046,1
20,11,9,1,0,0,1,0,0,0.0,0
22,11,11,1,0,0,1,0,0,0.0,0
21,19,2,3,0,15,1,0,0,0.714,1
28,21,7,4,0,17,1,0,0,0.607,1
103,11,92,2,5,29,3,0,0,0.282,0
17,11,6,1,0,0,1,0,0,0.0,0
120,25,95,5,4,3,7,0,0,0.025,1
26,19,7,4,0,15,1,0,0,0.577,1
33,10,23,1,0,0,2,0,0,0.0,0
70,33,37,2,4,21,1,0,0,0.3,1
23,21,2,3,0,17,1,0,0,0.739,1
117,55,62,5,4,35,3,0,0,0.299,1
103,25,78,4,1,5,6,0,0,0.049,1
21,12,9,1,0,0,1,0,0,0.0,0
18,8,10,1,0,0,1,0,0,0.0,0
23,11,12,2,1,0,1,0,0,0.0,0
26,14,12,4,0,12,1,0,1,0.462,1
38,7,31,1,0,0,3,0,0,0.0,0
32,15,17,1,0,0,2,0,0,0.0,0
16,7,9,1,0,0,1,0,0,0.0,0
16,10,6,1,0,0,1,0,0,0.0,0
47,12,35,2,3,20,3,0,0,0.426,0
27,20,7,4,0,16,1,0,0,0.593,1
36,12,24,1,0,0,3,0,0,0.0,0
33,10,23,1,0,0,2,0,0,0.0,0
29,10,19,1,1,0,2,0,0,0.0,0
35,15,20,1,0,0,3,0,0,0.0,0
24,13,11,3,0,11,1,0,1,0.458,1
28,10,18,2,0,1,2,0,0,0.036,0
91,25,66,4,2,9,5,0,0,0.099,1
51,15,36,1,2,0,3,0,0,0.0,0
27,20,7,4,0,16,1,0,0,0.593,1
25,18,7,4,0,14,1,0,0,0.56,1
27,20,7,4,0,16,1,0,0,0.593,1
48,11,37,2,1,8,4,0,0,0.167,0
29,10,19,1,0,0,2,0,0,0.0,0
18,9,9,1,1,0,2,0,0,0.0,0
44,11,33,1,1,0,4,0,0,0.0,0
27,10,17,1,0,0,3,0,0,0.0,0
157,25,132,4,14,5,5,0,0,0.032,1
39,21,18,3,2,1,2,0,0,0.026,1
71,25,46,4,2,3,5,0,0,0.042,1
27,11,16,1,1,0,1,0,0,0.0,0
26,10,16,1,0,0,2,0,0,0.0,0
83,25,58,4,0,2,8,0,0,0.024,1
96,25,71,4,3,4,6,0,0,0.042,1
38,13,25,4,0,13,2,0,1,0.342,1
28,9,19,1,0,0,3,0,0,0.0,0
27,20,7,4,0,16,1,0,0,0.593,1
105,25,80,4,3,4,5,0,0,0.038,1
106,25,81,4,5,2,5,0,0,0.019,1
83,25,58,4,3,2,7,0,0,0.024,1
25,14,11,4,0,11,2,0,1,0.44,1
44,16,28,1,3,0,3,0,0,0.0,0
59,9,50,2,1,0,5,0,0,0.0,0
26,19,7,4,0,15,1,0,0,0.577,1
30,15,15,1,0,0,2,0,0,0.0,0
42,11,31,1,2,0,4,0,0,0.0,0
19,12,7,1,0,0,2,0,0,0.0,0
61,7,54,3,2,2,5,0,0,0.033,0
36,11,25,1,1,0,3,0,0,0.0,0
44,10,34,1,2,0,3,0,0,0.0,0
27,15,12,1,0,0,1,0,0,0.0,0
28,13,15,2,0,0,1,0,0,0.0,0
25,9,16,2,0,0,3,0,0,0.0,0
46,10,36,2,3,4,2,0,0,0.087,0
26,19,7,4,0,15,1,0,0,0.577,1
26,12,14,5,2,10,1,0,1,0.385,1
64,9,55,2,5,11,4,0,0,0.172,0
58,15,43,2,0,20,1,0,0,0.345,1
31,9,22,1,1,0,2,0,0,0.0,0
66,7,59,1,4,8,5,0,0,0.121,0
52,14,38,1,2,0,4,0,0,0.0,0
27,20,7,4,0,16,1,0,0,0.593,1
22,20,2,3,0,16,1,0,0,0.727,1
94,7,87,2,9,4,4,0,0,0.043,0
106,25,81,4,1,5,7,0,0,0.047,1
26,13,13,5,2,11,1,0,1,0.423,1
41,9,32,1,2,0,3,0,0,0.0,0
29,9,20,2,0,0,3,0,0,0.0,0
33,12,21,2,2,0,1,0,0,0.0,0
28,21,7,4,0,17,1,0,0,0.607,1
46,7,39,3,0,2,4,0,0,0.043,0
29,10,19,1,0,0,3,0,0,0.0,0
59,7,52,1,2,0,4,0,0,0.0,0
18,5,13,1,0,1,3,0,0,0.056,1
117,25,92,5,4,6,8,0,0,0.051,1
91,25,66,4,2,8,5,0,0,0.088,1
26,4,22,2,1,4,2,0,0,0.154,0
67,23,44,2,4,24,1,0,0,0.358,1
21,19,2,3,0,15,1,0,0,0.714,1
41,11,30,1,0,2,2,0,0,0.049,0
12,8,4,1,0,0,1,0,0,0.0,0
27,16,11,4,0,13,1,0,0,0.481,1
227,26,201,3,4,35,3,0,0,0.154,1
32,11,21,1,1,0,4,0,0,0.0,0
31,10,21,1,0,0,2,0,0,0.0,0
31,11,20,1,0,0,3,0,0,0.0,0
75,25,50,4,2,2,5,0,0,0.027,1
94,25,69,4,0,3,5,0,0,0.032,1
35,11,24,4,0,10,2,0,1,0.286,1
47,12,35,4,0,13,2,0,1,0.277,1
37,15,22,1,0,0,3,0,0,0.0,0
104,25,79,5,4,4,7,0,0,0.038,1
23,21,2,3,0,17,1,0,0,0.739,1
41,14,27,1,1,0,3,0,0,0.0,0
19,15,4,3,0,12,1,0,1,0.632,1
18,11,7,3,0,11,1,0,1,0.611,1
23,21,2,3,0,17,1,0,0,0.739,1
19,12,7,3,0,14,1,0,1,0.737,1
58,13,45,4,0,33,2,0,1,0.569,1
28,21,7,4,0,17,1,0,0,0.607,1
34,17,17,2,0,4,2,0,0,0.118,1
24,6,18,1,0,0,2,0,0,0.0,0
17,9,8,1,0,0,1,0,0,0.0,0
41,10,31,1,1,0,3,0,0,0.0,0
47,12,35,2,3,20,3,0,0,0.426,0
60,13,47,5,3,3,2,0,0,0.05,0
24,13,11,4,0,10,2,0,1,0.417,1
42,13,29,4,0,20,3,0,1,0.476,1
42,17,25,2,0,4,2,0,0,0.095,1
18,15,3,1,0,0,1,0,0,0.0,0
32,11,21,1,0,0,3,0,0,0.0,0
23,15,8,1,0,0,1,0,0,0.0,0
18,11,7,3,0,11,2,0,1,0.611,1
20,10,10,1,0,0,2,0,0,0.0,0
32,15,17,1,0,0,3,0,0,0.0,0
52,7,45,1,2,0,4,0,0,0.0,0
92,25,67,4,2,4,5,0,0,0.043,1
98,25,73,5,5,3,5,0,0,0.031,1
28,15,13,1,0,0,3,0,0,0.0,0
24,14,10,1,0,0,2,0,0,0.0,0
35,9,26,1,0,0,4,0,0,0.0,0
24,8,16,1,1,0,1,0,0,0.0,0
48,14,34,5,0,11,2,0,1,0.229,1
70,7,63,1,6,8,5,0,0,0.114,0
31,14,17,1,1,0,2,0,0,0.0,0
35,20,15,1,1,0,3,0,0,0.0,0
32,10,22,1,0,0,4,0,0,0.0,0
31,11,20,1,1,0,3,0,0,0.0,0
48,20,28,1,3,3,3,0,0,0.062,0
18,14,4,3,0,11,1,0,1,0.611,1
21,19,2,3,0,15,1,0,0,0.714,1
16,11,5,1,0,0,2,0,0,0.0,0
49,11,38,1,4,0,4,0,0,0.0,0
27,7,20,1,2,0,2,0,0,0.0,0
98,25,73,5,4,3,5,0,0,0.031,1
26,11,15,1,0,0,3,0,0,0.0,0
64,9,55,2,0,0,7,0,0,0.0,0
21,19,2,3,0,15,1,0,0,0.714,1
19,11,8,1,0,0,1,0,0,0.0,0
62,25,37,2,4,25,1,0,0,0.403,1
25,18,7,4,0,14,1,0,0,0.56,1
27,20,7,4,0,16,1,0,0,0.593,1
26,19,7,4,0,15,1,0,0,0.577,1
39,7,32,1,2,0,3,0,0,0.0,0
25,18,7,4,0,14,1,0,0,0.56,1
18,14,4,3,0,11,1,0,1,0.611,1
102,25,77,4,2,2,6,0,0,0.02,1
28,10,18,2,0,3,2,0,0,0.107,0
28,10,18,2,0,0,2,0,0,0.0,0
44,6,38,1,2,0,3,0,0,0.0,0
119,25,94,4,7,2,5,0,0,0.017,1
41,11,30,1,0,2,2,0,0,0.049,0
107,25,82,5,2,6,5,0,0,0.056,1
21,15,6,1,0,0,1,0,0,0.0,0
44,10,34,1,3,0,3,0,0,0.0,0
16,7,9,1,0,0,2,0,0,0.0,0
25,18,7,4,0,14,1,0,0,0.56,1
110,25,85,4,6,4,5,0,0,0.036,1
123,25,98,4,4,4,6,0,0,0.033,1
54,11,43,1,1,0,3,0,0,0.0,0
28,21,7,4,0,17,1,0,0,0.607,1
24,12,12,4,0,11,1,0,1,0.458,1
27,11,16,1,0,0,2,0,0,0.0,0
35,26,9,3,1,8,1,0,0,0.229,1
34,13,21,4,0,10,2,0,1,0.294,1
32,16,16,1,2,0,2,0,0,0.0,0
18,11,7,1,0,0,1,0,0,0.0,0
27,20,7,4,0,16,1,0,0,0.593,1
18,14,4,3,0,11,1,0,1,0.611,1
86,25,61,4,3,7,6,0,0,0.081,1
34,12,22,4,0,9,2,0,1,0.265,1
31,9,22,1,2,0,1,0,0,0.0,0
30,10,20,1,0,0,3,0,0,0.0,0
82,25,57,4,0,6,5,0,0,0.073,1
28,9,19,2,0,0,4,0,0,0.0,0
110,25,85,4,3,4,5,0,0,0.036,1
28,6,22,1,1,0,2,0,0,0.0,0
73,25,48,4,0,2,6,0,0,0.027,1
31,12,19,1,0,0,2,0,0,0.0,0
64,27,37,2,4,19,1,0,0,0.297,1
22,20,2,3,0,16,1,0,0,0.727,1
41,10,31,1,1,0,3,0,0,0.0,0
46,15,31,3,0,0,4,0,0,0.0,1
106,25,81,4,7,2,6,0,0,0.019,1
18,11,7,3,0,10,1,0,1,0.556,1
21,19,2,3,0,15,1,0,0,0.714,1
22,20,2,3,0,16,1,0,0,0.727,1
25,13,12,4,0,10,1,0,1,0.4,1
47,10,37,2,4,5,3,0,0,0.106,0
29,18,11,3,0,2,1,0,0,0.069,1
30,19,11,1,0,0,1,0,0,0.0,0
27,20,7,4,0,16,1,0,0,0.593,1
121,25,96,5,6,6,6,0,0,0.05,1
25,16,9,1,0,0,2,0,0,0.0,0
19,15,4,3,0,12,1,0,1,0.632,1
32,11,21,1,1,0,3,0,0,0.0,0
32,7,25,1,3,0,2,0,0,0.0,0
75,13,62,2,1,20,4,0,0,0.267,0
28,12,16,4,0,9,2,0,1,0.321,1
44,10,34,1,2,0,2,0,0,0.0,0
82,47,35,4,5,7,2,0,0,0.085,1
76,25,51,4,0,5,6,0,0,0.066,1
75,25,50,4,1,2,5,0,0,0.027,1
26,4,22,2,1,4,2,0,0,0.154,0
23,11,12,1,1,0,3,0,0,0.0,0
28,15,13,1,0,0,3,0,0,0.0,0
22,20,2,3,0,16,1,0,0,0.727,1
91,11,80,1,7,6,6,0,0,0.066,0
110,25,85,4,0,5,6,0,0,0.045,1
30,10,20,1,0,0,3,0,0,0.0,0
18,11,7,3,0,11,1,0,1,0.611,1
41,9,32,2,1,0,4,0,0,0.0,0
25,18,7,4,0,14,1,0,0,0.56,1
36,9,27,2,0,1,3,0,0,0.028,0
37,17,20,2,0,4,2,0,0,0.108,1
62,21,41,2,1,0,5,0,0,0.0,1
32,10,22,1,1,0,3,0,0,0.0,0
56,13,43,1,2,0,2,0,0,0.0,0
30,15,15,4,0,15,2,0,1,0.5,1
90,25,65,4,0,3,7,0,0,0.033,1
33,17,16,2,0,2,2,0,0,0.061,1
24,12,12,4,0,12,2,0,1,0.5,1
102,25,77,4,7,2,6,0,0,0.02,1
19,12,7,3,0,13,1,0,1,0.684,1
94,25,69,4,4,5,5,0,0,0.053,1
18,11,7,1,1,0,2,0,0,0.0,0
28,6,22,1,2,1,4,0,0,0.036,0
55,9,46,3,1,10,4,0,0,0.182,0
42,12,30,1,1,0,3,0,0,0.0,0
105,25,80,4,1,5,7,0,0,0.048,1
28,12,16,4,0,11,2,0,1,0.393,1
130,25,105,5,9,7,5,0,0,0.054,1
28,10,18,2,0,1,2,0,0,0.036,0
29,13,16,1,0,0,2,0,0,0.0,1
66,29,37,2,4,19,1,0,0,0.288,1
24,13,11,3,0,12,2,0,1,0.5,1
35,10,25,2,3,0,1,0,0,0.0,0
111,25,86,4,7,6,5,0,0,0.054,1
17,10,7,1,0,0,2,0,0,0.0,0
45,11,34,5,0,8,2,0,1,0.178,1
22,9,13,1,1,0,3,0,0,0.0,0
58,6,52,2,1,0,3,0,0,0.0,0
36,17,19,1,0,0,2,0,0,0.0,0
35,7,28,1,1,0,3,0,0,0.0,0
35,18,17,2,0,1,3,0,0,0.029,1
47,12,35,2,3,20,3,0,0,0.426,0
26,19,7,4,0,15,1,0,0,0.577,1
83,25,58,4,1,5,5,0,0,0.06,1
31,9,22,1,2,0,3,0,0,0.0,0
35,15,20,1,1,1,3,0,0,0.029,0
17,12,5,1,0,0,1,0,0,0.0,0
25,11,14,1,0,0,1,0,0,0.0,0
133,25,108,5,4,6,5,0,0,0.045,1
36,12,24,1,0,0,5,0,0,0.0,0
97,49,48,3,4,44,2,0,0,0.454,1
25,18,7,4,0,14,1,0,0,0.56,1
58,14,44,1,4,0,3,0,0,0.0,0
57,9,48,3,4,0,2,0,0,0.0,0
29,18,11,1,2,0,3,0,0,0.0,0
37,19,18,3,1,3,2,0,0,0.081,1
149,25,124,5,6,6,5,0,0,0.04,1
27,10,17,1,1,0,1,0,0,0.0,0
27,20,7,4,0,16,1,0,0,0.593,1
62,10,52,2,2,0,3,0,0,0.0,0
21,19,2,3,0,15,1,0,0,0.714,1
16,10,6,1,0,0,1,0,0,0.0,0
26,19,7,4,0,15,1,0,0,0.577,1
44,11,33,1,2,0,4,0,0,0.0,0
32,28,4,2,1,6,1,0,0,0.188,1
27,20,7,4,0,16,1,0,0,0.593,1
22,20,2,3,0,16,1,0,0,0.727,1
18,11,7,1,0,0,1,0,0,0.0,0
67,30,37,2,4,21,1,0,0,0.313,1
34,10,24,1,2,0,2,0,0,0.0,0
105,25,80,4,7,3,6,0,0,0.029,1
29,14,15,4,0,17,1,0,1,0.586,1
83,7,76,1,11,0,1,0,0,0.0,0
48,10,38,2,3,6,2,0,0,0.125,0
15,10,5,2,0,0,1,0,0,0.0,0
98,25,73,4,2,5,5,0,0,0.051,1
20,15,5,3,0,12,1,0,1,0.6,1
153,11,142,5,3,18,10,0,0,0.118,0
35,15,20,1,1,1,3,0,0,0.029,0
54,16,38,2,0,8,4,0,0,0.148,0
32,10,22,1,1,0,2,0,0,0.0,0
16,8,8,1,0,0,2,0,0,0.0,0
36,15,21,1,1,3,3,0,0,0.083,0
39,10,29,1,2,0,3,0,0,0.0,0
44,17,27,2,0,18,2,0,0,0.409,1
87,25,62,4,0,6,7,0,0,0.069,1
78,25,53,4,1,6,5,0,0,0.077,1
41,15,26,1,0,0,3,0,0,0.0,0
20,10,10,1,0,0,2,0,0,0.0,0
17,11,6,1,0,0,1,0,0,0.0,0
90,25,65,4,3,2,5,0,0,0.022,1
21,9,12,1,0,0,2,0,0,0.0,0
126,25,101,4,9,6,5,0,0,0.048,1
26,12,14,1,1,0,1,0,0,0.0,0
81,25,56,4,0,2,5,0,0,0.025,1
72,25,47,4,0,2,6,0,0,0.028,1
30,19,11,4,0,15,1,0,0,0.5,1
41,11,30,1,0,4,2,0,0,0.098,0
25,7,18,1,0,0,1,0,0,0.0,0
86,25,61,5,4,3,6,0,0,0.035,1
34,6,28,1,1,0,2,0,0,0.0,0
17,15,2,3,0,12,1,0,1,0.706,1
26,15,11,1,0,0,3,0,0,0.0,0
82,38,44,2,4,24,1,0,0,0.293,1
28,10,18,2,0,3,2,0,0,0.107,0
25,10,15,1,0,0,2,0,0,0.0,0
27,11,16,1,2,1,3,0,0,0.037,0
54,7,47,1,3,8,5,0,0,0.148,0
101,6,95,1,10,6,4,0,0,0.059,0
31,12,19,4,0,13,2,0,1,0.419,1
112,9,103,5,1,24,5,0,0,0.214,0
46,9,37,2,0,7,4,0,0,0.152,0
18,11,7,3,0,13,1,0,1,0.722,1
96,25,71,4,5,4,5,0,0,0.042,1
18,16,2,3,0,12,1,0,0,0.667,1
56,49,7,3,2,3,2,0,0,0.054,1
18,14,4,3,0,12,1,0,1,0.667,1
32,10,22,1,1,0,2,0,0,0.0,0
48,10,38,1,2,0,3,0,0,0.0,0
23,21,2,3,0,17,1,0,0,0.739,1
89,25,64,5,4,3,5,0,0,0.034,1
36,9,27,2,0,5,3,0,0,0.139,0
23,21,2,3,0,17,1,0,0,0.739,1
22,13,9,4,0,10,1,0,1,0.455,1
28,12,16,1,1,0,1,0,0,0.0,0
38,15,23,1,0,0,3,0,0,0.0,0
86,25,61,5,1,3,5,0,0,0.035,1
18,14,4,2,0,0,1,0,0,0.0,0
17,7,10,1,1,0,1,0,0,0.0,0
21,11,10,1,1,9,1,0,0,0.429,0
20,11,9,1,0,0,3,0,0,0.0,0
134,25,109,4,12,7,6,0,0,0.052,1
23,9,14,1,0,0,2,0,0,0.0,0
19,12,7,3,0,12,1,0,1,0.632,1
34,13,21,3,1,10,2,0,1,0.294,1
22,7,15,1,1,0,2,0,0,0.0,0
64,13,51,1,4,0,2,0,0,0.0,0
35,10,25,1,2,0,2,0,0,0.0,0
49,16,33,1,3,0,3,0,0,0.0,0
26,19,7,4,0,15,1,0,0,0.577,1
24,14,10,4,0,11,2,0,1,0.458,1
42,24,18,4,1,1,2,0,0,0.024,1
21,19,2,3,0,15,1,0,0,0.714,1
23,14,9,3,0,11,2,0,1,0.478,1
40,17,23,1,1,0,2,0,0,0.0,0
32,15,17,2,0,2,1,0,0,0.062,1
28,10,18,1,1,0,2,0,0,0.0,0
21,19,2,3,0,15,1,0,0,0.714,1
28,9,19,2,0,0,4,0,0,0.0,0
41,11,30,1,0,2,2,0,0,0.049,0
21,19,2,3,0,15,1,0,0,0.714,1
19,15,4,3,0,12,1,0,1,0.632,1
19,17,2,3,0,13,1,0,0,0.684,1
36,6,30,1,1,0,2,0,0,0.0,0
26,19,7,4,0,15,1,0,0,0.577,1
27,20,7,4,0,16,1,0,0,0.593,1
47,13,34,5,0,10,2,0,1,0.213,1
23,9,14,1,1,0,1,0,0,0.0,0
30,10,20,2,2,0,1,0,0,0.0,0
27,16,11,1,0,0,2,0,0,0.0,0
15,11,4,1,0,0,2,0,0,0.0,0
27,13,14,1,1,0,1,0,0,0.0,0
30,12,18,4,0,13,2,0,1,0.433,1
58,25,33,4,1,4,5,0,0,0.069,1
25,11,14,1,0,0,3,0,0,0.0,0
22,13,9,1,0,0,1,0,0,0.0,0
23,10,13,1,0,0,2,0,0,0.0,0
56,14,42,1,2,0,4,0,0,0.0,0
21,19,2,3,0,15,1,0,0,0.714,1
40,11,29,1,0,2,2,0,0,0.05,0
37,12,25,1,1,0,2,0,0,0.0,0
30,14,16,4,0,11,1,0,1,0.367,1
57,7,50,5,3,3,4,0,0,0.053,0
99,25,74,4,4,2,5,0,0,0.02,1
69,25,44,2,4,22,1,0,0,0.319,1
31,15,16,3,0,14,2,0,1,0.452,1
43,10,33,1,1,0,4,0,0,0.0,0
24,5,19,2,0,0,2,0,0,0.0,0
29,11,18,1,0,0,2,0,0,0.0,0
48,11,37,2,0,6,4,0,0,0.125,0
107,25,82,4,1,2,7,0,0,0.019,1
43,16,27,1,1,0,3,0,0,0.0,0
98,25,73,4,5,2,5,0,0,0.02,1
42,23,19,1,0,10,3,0,0,0.238,1
21,9,12,1,0,0,2,0,0,0.0,0
63,26,37,2,4,20,1,0,0,0.317,1
93,25,68,5,6,10,5,0,0,0.108,1
33,12,21,2,0,0,2,0,0,0.0,0
22,20,2,3,0,16,1,0,0,0.727,1
12,8,4,1,0,0,1,0,0,0.0,0
23,11,12,1,1,0,2,0,0,0.0,0
23,13,10,1,0,0,2,0,0,0.0,0
61,14,47,1,4,4,3,0,0,0.066,0
36,11,25,1,2,0,4,0,0,0.0,0
30,6,24,1,2,0,2,0,0,0.0,0
31,14,17,2,0,0,1,0,0,0.0,0
27,20,7,4,0,16,1,0,0,0.593,1
25,18,7,4,0,14,1,0,0,0.56,1
28,15,13,1,0,0,3,0,0,0.0,0
40,11,29,1,0,5,2,0,0,0.125,0
19,12,7,1,0,0,1,0,0,0.0,0
31,11,20,1,0,0,3,0,0,0.0,0
41,12,29,1,0,0,4,0,0,0.0,0
62,55,7,3,3,8,2,0,0,0.129,1
54,10,44,1,2,0,3,0,0,0.0,0
28,21,7,4,0,17,1,0,0,0.607,1
57,20,37,2,4,20,1,0,0,0.351,1
28,19,9,3,0,1,1,0,0,0.036,1
49,11,38,2,1,8,5,0,0,0.163,0
30,11,19,1,2,0,3,0,0,0.0,0
82,25,57,4,0,5,5,0,0,0.061,1
43,11,32,1,2,0,3,0,0,0.0,0
31,10,21,1,0,0,2,0,0,0.0,0
21,11,10,3,0,10,2,0,1,0.476,1
19,12,7,3,0,14,1,0,1,0.737,1
82,25,57,5,1,2,6,0,0,0.024,1
92,25,67,4,0,5,5,0,0,0.054,1
35,12,23,4,0,10,2,0,1,0.286,1
46,15,31,1,1,0,2,0,0,0.0,0
27,20,7,4,0,16,1,0,0,0.593,1
30,19,11,1,0,0,2,0,0,0.0,0
37,9,28,2,0,0,4,0,0,0.0,0
23,13,10,3,0,15,2,0,1,0.652,1
67,23,44,2,4,19,1,0,0,0.284,1
28,10,18,2,0,0,2,0,0,0.0,0
22,20,2,3,0,16,1,0,0,0.727,1
31,15,16,1,0,0,3,0,0,0.0,0
26,19,7,4,0,15,1,0,0,0.577,1
35,14,21,1,1,0,3,0,0,0.0,0
30,15,15,1,1,0,1,0,0,0.0,0
68,24,44,2,4,24,1,0,0,0.353,1
62,16,46,3,1,13,4,0,0,0.21,0
20,15,5,3,0,12,1,0,1,0.6,1
28,10,18,2,0,0,2,0,0,0.0,0
95,25,70,4,3,9,6,0,0,0.095,1
19,10,9,1,0,0,1,0,0,0.0,0
28,10,18,2,2,0,1,0,0,0.0,0
41,10,31,1,1,0,3,0,0,0.0,0
25,10,15,2,2,0,1,0,0,0.0,0
30,7,23,1,1,0,3,0,0,0.0,0
41,15,26,1,2,0,2,0,0,0.0,0
48,10,38,2,3,6,2,0,0,0.125,0
45,7,38,2,3,0,3,0,0,0.0,0
48,10,38,2,3,6,2,0,0,0.125,0
37,15,22,1,0,0,3,0,0,0.0,0
95,11,84,2,4,26,3,0,0,0.274,0
25,9,16,1,0,0,2,0,0,0.0,0
27,20,7,4,0,16,1,0,0,0.593,1
23,12,11,1,0,0,2,0,0,0.0,0
26,19,7,4,0,15,1,0,0,0.577,1
102,25,77,4,4,6,5,0,0,0.059,1
21,19,2,3,0,15,1,0,0,0.714,1
104,20,84,1,12,0,4,0,0,0.0,0
55,10,45,1,3,0,2,0,0,0.0,0
24,9,15,1,0,0,2,0,0,0.0,0
40,9,31,2,0,0,5,0,0,0.0,0
42,9,33,1,1,0,3,0,0,0.0,0
19,17,2,3,0,13,1,0,0,0.684,1
20,13,7,3,0,12,2,0,1,0.6,1
102,25,77,4,4,9,5,0,0,0.088,1
53,14,39,1,2,0,4,0,0,0.0,0
34,15,19,1,0,0,3,0,0,0.0,0
53,7,46,1,4,0,3,0,0,0.0,0
29,15,14,1,0,0,3,0,0,0.0,0
19,12,7,3,0,13,1,0,1,0.684,1
43,11,32,1,3,0,4,0,0,0.0,0
60,12,48,4,0,12,3,0,1,0.2,1
72,25,47,4,0,5,5,0,0,0.069,1
24,11,13,1,1,0,2,0,0,0.0,0
61,7,54,1,4,0,4,0,0,0.0,0
26,19,7,4,0,15,1,0,0,0.577,1
31,9,22,1,1,0,2,0,0,0.0,0
78,10,68,1,8,9,2,0,0,0.115,0
86,25,61,4,3,2,5,0,0,0.023,1
21,7,14,2,0,0,1,0,0,0.0,0
28,10,18,2,0,0,2,0,0,0.0,0
20,7,13,1,0,5,4,0,0,0.25,0
21,19,2,3,0,15,1,0,0,0.714,1
62,16,46,3,1,9,4,0,0,0.145,0
58,13,45,4,0,26,2,0,1,0.448,1
28,19,9,1,0,0,2,0,0,0.0,0
61,9,52,1,4,5,4,0,0,0.082,0
22,12,10,1,0,0,2,0,0,0.0,0
42,9,33,2,1,0,4,0,0,0.0,0
23,21,2,3,0,17,1,0,0,0.739,1
21,19,2,3,0,15,1,0,0,0.714,1
20,11,9,1,0,0,2,0,0,0.0,0
20,18,2,3,0,14,1,0,0,0.7,1
24,12,12,1,0,4,2,0,0,0.167,0
84,25,59,4,3,6,5,0,0,0.071,1
22,20,2,3,0,16,1,0,0,0.727,1
88,18,70,5,1,4,6,0,0,0.045,1
28,21,7,4,0,17,1,0,0,0.607,1
35,18,17,5,2,16,1,0,0,0.457,1
49,12,37,1,5,0,2,0,0,0.0,0
24,6,18,1,1,0,2,0,0,0.0,0
38,13,25,4,0,13,2,0,1,0.342,1
15,11,4,1,0,0,2,0,0,0.0,0
29,9,20,1,1,0,2,0,0,0.0,0
27,9,18,1,1,0,2,0,0,0.0,0
25,12,13,4,0,10,1,0,1,0.4,1
28,14,14,1,1,0,2,0,0,0.0,0
38,10,28,1,3,14,2,0,0,0.368,0
115,11,104,2,11,13,5,0,0,0.113,0
21,15,6,1,0,0,1,0,0,0.0,0
28,10,18,2,0,0,2,0,0,0.0,0
39,15,24,2,0,0,3,0,0,0.0,0
24,19,5,1,0,0,1,0,0,0.0,0
20,18,2,3,0,14,1,0,0,0.7,1
94,14,80,1,8,5,3,0,0,0.053,0
29,9,20,1,0,0,2,0,0,0.0,0
21,11,10,1,0,0,1,0,0,0.0,0
17,9,8,1,1,0,1,0,0,0.0,0
54,16,38,2,0,9,4,0,0,0.167,0
20,7,13,1,0,5,4,0,0,0.25,0
21,19,2,3,0,15,1,0,0,0.714,1
24,6,18,2,0,0,1,0,0,0.0,0
45,14,31,1,3,0,2,0,0,0.0,0
28,10,18,2,0,0,2,0,0,0.0,0
25,12,13,4,0,11,2,0,1,0.44,1
18,10,8,2,0,0,1,0,0,0.0,0
40,17,23,2,0,16,2,0,0,0.4,1
25,18,7,4,0,14,1,0,0,0.56,1
33,9,24,1,2,0,3,0,0,0.0,0
100,10,90,3,3,6,6,0,0,0.06,1
20,11,9,1,0,0,1,0,0,0.0,0
102,25,77,4,6,13,5,0,0,0.127,1
29,13,16,4,0,12,2,0,1,0.414,1
48,10,38,2,3,6,2,0,0,0.125,0
27,15,12,1,0,0,2,0,0,0.0,0
17,12,5,1,0,0,1,0,0,0.0,0
19,14,5,3,0,11,1,0,1,0.579,1
57,7,50,1,2,0,4,0,0,0.0,0
20,18,2,3,0,14,1,0,0,0.7,1
28,21,7,4,0,17,1,0,0,0.607,1
61,13,48,4,1,28,3,0,1,0.459,1
20,11,9,1,0,0,1,0,0,0.0,0
22,20,2,3,0,16,1,0,0,0.727,1
22,20,2,3,0,16,1,0,0,0.727,1
14,7,7,2,0,0,1,0,0,0.0,0
109,25,84,5,7,7,5,0,0,0.064,1
23,14,9,4,0,15,1,0,1,0.652,1
68,24,44,2,4,18,1,0,0,0.265,1
20,18,2,3,0,14,1,0,0,0.7,1
24,17,7,4,0,13,1,0,0,0.542,1
39,17,22,2,0,4,2,0,0,0.103,1
48,10,38,2,0,10,4,0,0,0.208,0
34,9,25,1,1,0,2,0,0,0.0,0
62,25,37,2,4,21,1,0,0,0.339,1
130,9,121,7,1,19,5,0,0,0.146,0
100,25,75,4,3,6,5,0,0,0.06,1
29,17,12,2,0,2,2,0,0,0.069,1
32,11,21,1,1,0,4,0,0,0.0,0
41,7,34,1,2,0,4,0,0,0.0,0
20,6,14,1,0,0,2,0,0,0.0,0
48,10,38,2,0,12,4,0,0,0.25,0
97,25,72,5,3,3,6,0,0,0.031,1
113,25,88,4,0,5,7,0,0,0.044,1
41,15,26,1,1,0,3,0,0,0.0,0
22,20,2,3,0,16,1,0,0,0.727,1
39,15,24,1,2,0,1,0,0,0.0,0
53,9,44,2,2,3,4,0,0,0.057,0
126,25,101,4,5,2,5,0,0,0.016,1
126,25,101,4,7,4,6,0,0,0.032,1
19,17,2,3,0,13,1,0,0,0.684,1
91,25,66,4,1,5,6,0,0,0.055,1
26,10,16,2,0,0,2,0,0,0.0,0
28,11,17,1,0,0,1,0,0,0.0,0
22,14,8,3,0,12,1,0,1,0.545,1
72,25,47,4,1,5,5,0,0,0.069,1
25,18,7,4,0,14,1,0,0,0.56,1
79,25,54,5,1,6,5,0,0,0.076,1
26,19,7,4,0,15,1,0,0,0.577,1
19,12,7,3,0,12,1,0,1,0.632,1
20,18,2,3,0,14,1,0,0,0.7,1
31,10,21,2,2,0,1,0,0,0.0,0
150,25,125,4,10,4,5,0,0,0.027,1
46,7,39,1,2,0,4,0,0,0.0,0
50,7,43,1,5,0,2,0,0,0.0,0
28,9,19,1,0,0,2,0,0,0.0,0
66,22,44,2,4,22,1,0,0,0.333,1
18,11,7,3,0,14,1,0,1,0.778,1
28,21,7,4,0,17,1,0,0,0.607,1
24,14,10,3,0,12,1,0,1,0.5,1
77,7,70,2,6,0,3,0,0,0.0,0
20,18,2,3,0,14,1,0,0,0.7,1
15,11,4,1,0,0,2,0,0,0.0,0
17,12,5,4,0,9,1,0,1,0.529,1
23,14,9,4,0,12,1,0,1,0.522,1
19,14,5,1,0,0,2,0,0,0.0,0
42,9,33,1,0,0,5,0,0,0.0,0
27,20,7,4,0,16,1,0,0,0.593,1
38,13,25,4,0,13,2,0,1,0.342,1
22,20,2,3,0,16,1,0,0,0.727,1
22,20,2,3,0,16,1,0,0,0.727,1
48,27,21,2,0,0,2,0,0,0.0,1
95,6,89,1,4,0,5,0,0,0.0,0
27,20,7,4,0,16,1,0,0,0.593,1
133,25,108,4,7,5,6,0,0,0.038,1
20,11,9,1,0,0,2,0,0,0.0,0
27,20,7,4,0,16,1,0,0,0.593,1
36,10,26,1,1,0,2,0,0,0.0,0
11,7,4,1,0,0,2,0,0,0.0,0
56,19,37,2,4,21,1,0,0,0.375,1
20,18,2,3,0,14,1,0,0,0.7,1
123,25,98,5,4,6,7,0,0,0.049,1
100,9,91,3,4,6,6,0,0,0.06,0
21,19,2,3,0,15,1,0,0,0.714,1
82,11,71,1,3,7,5,0,0,0.085,0
23,21,2,3,0,17,1,0,0,0.739,1
29,13,16,4,0,12,2,0,1,0.414,1
22,20,2,3,0,16,1,0,0,0.727,1
101,10,91,3,3,6,6,0,0,0.059,1
89,11,78,2,2,25,5,0,0,0.281,0
36,13,23,5,0,10,2,0,1,0.278,1
62,55,7,3,3,8,2,0,0,0.129,1
48,11,37,1,2,0,5,0,0,0.0,0
27,20,7,4,0,16,1,0,0,0.593,1
83,25,58,4,3,4,5,0,0,0.048,1
22,20,2,3,0,16,1,0,0,0.727,1
19,12,7,3,0,15,1,0,1,0.789,1
21,19,2,3,0,15,1,0,0,0.714,1
58,13,45,4,0,27,2,0,1,0.466,1
62,25,37,2,4,20,1,0,0,0.323,1
21,9,12,1,0,0,1,0,0,0.0,0
129,25,104,4,3,5,9,0,0,0.039,1
103,25,78,4,3,3,5,0,0,0.029,1
19,15,4,3,0,13,1,0,1,0.684,1
15,11,4,1,0,0,2,0,0,0.0,0
66,13,53,4,0,20,2,0,1,0.303,1
48,11,37,4,1,5,4,0,0,0.104,0
25,18,7,4,0,14,1,0,0,0.56,1
56,7,49,5,3,3,4,0,0,0.054,0
12,8,4,1,0,0,1,0,0,0.0,0
34,9,25,2,0,1,3,0,0,0.029,0
55,49,6,3,2,3,1,0,0,0.055,1
35,16,19,1,1,0,3,0,0,0.0,0
28,12,16,1,0,0,2,0,0,0.0,0
92,25,67,4,0,5,5,0,0,0.054,1
63,26,37,2,4,23,1,0,0,0.365,1
27,20,7,4,0,16,1,0,0,0.593,1
20,18,2,3,0,14,1,0,0,0.7,1
68,25,43,4,1,2,5,0,0,0.029,1
27,20,7,4,0,16,1,0,0,0.593,1
35,15,20,1,0,0,2,0,0,0.0,0
41,11,30,1,0,0,3,0,0,0.0,0
26,19,7,4,0,15,1,0,0,0.577,1
30,9,21,2,0,0,1,0,0,0.0,0
41,11,30,1,0,3,2,0,0,0.073,0
22,20,2,3,0,16,1,0,0,0.727,1
81,25,56,4,3,2,5,0,0,0.025,1
60,23,37,2,4,20,1,0,0,0.333,1
55,10,45,2,1,4,5,0,0,0.073,0
26,10,16,2,0,0,2,0,0,0.0,0
15,11,4,3,0,8,1,0,1,0.533,1
19,12,7,3,0,14,1,0,1,0.737,1
28,21,7,4,0,17,1,0,0,0.607,1
20,7,13,1,0,5,4,0,0,0.25,0
18,11,7,3,0,11,1,0,1,0.611,1
25,18,7,4,0,14,1,0,0,0.56,1
58,10,48,2,2,7,7,0,0,0.121,1
32,11,21,1,2,0,4,0,0,0.0,0
16,10,6,1,0,0,1,0,0,0.0,0
107,25,82,4,2,2,5,0,0,0.019,1
20,7,13,1,0,5,4,0,0,0.25,0
31,12,19,3,1,9,1,0,1,0.29,1
46,13,33,2,1,0,3,0,0,0.0,0
46,13,33,4,0,22,2,0,1,0.478,1
20,7,13,1,1,0,2,0,0,0.0,0
38,8,30,2,0,0,3,0,0,0.0,0
48,11,37,2,0,3,4,0,0,0.062,0
100,25,75,4,3,2,5,0,0,0.02,1
66,22,44,2,4,28,1,0,0,0.424,1
21,19,2,3,0,15,1,0,0,0.714,1
21,19,2,3,0,15,1,0,0,0.714,1
59,14,45,1,4,0,4,0,0,0.0,0
99,25,74,4,2,5,6,0,0,0.051,1
32,10,22,2,2,0,1,0,0,0.0,0
19,10,9,1,0,0,1,0,0,0.0,0
35,15,20,1,1,0,2,0,0,0.0,0
18,12,6,3,0,11,1,0,1,0.611,1
14,7,7,1,0,0,1,0,0,0.0,0
31,12,19,1,1,0,2,0,0,0.0,0
19,12,7,3,0,13,1,0,1,0.684,1
31,6,25,1,2,0,3,0,0,0.0,0
21,15,6,1,0,0,1,0,0,0.0,0
32,14,18,4,0,11,2,0,1,0.344,1
21,12,9,1,1,0,1,0,0,0.0,0
22,20,2,3,0,16,1,0,0,0.727,1
91,11,80,2,4,26,3,0,0,0.286,0
71,25,46,4,0,2,5,0,0,0.028,1
31,14,17,1,0,0,2,0,0,0.0,0
37,14,23,1,0,0,3,0,0,0.0,0
26,10,16,1,0,0,3,0,0,0.0,0
20,7,13,1,0,0,2,0,0,0.0,0
63,26,37,2,4,17,1,0,0,0.27,1
24,14,10,1,0,0,2,0,0,0.0,0
26,19,7,4,0,15,1,0,0,0.577,1
20,18,2,3,0,14,1,0,0,0.7,1
31,10,21,1,1,0,2,0,0,0.0,0
123,25,98,4,10,2,5,0,0,0.016,1
12,7,5,1,0,0,1,0,0,0.0,0
27,20,7,4,0,16,1,0,0,0.593,1
28,19,9,1,0,0,1,0,0,0.0,0
22,20,2,3,0,16,1,0,0,0.727,1
27,12,15,1,1,0,2,0,0,0.0,0
43,20,23,3,2,16,2,0,0,0.372,1
34,15,19,3,1,12,1,0,1,0.353,1
82,9,73,2,5,9,4,0,0,0.11,0
97,11,86,2,3,31,5,0,0,0.32,0
24,18,6,3,0,15,1,0,0,0.625,1
56,10,46,3,1,13,4,0,0,0.232,0
22,20,2,3,0,16,1,0,0,0.727,1
21,19,2,3,0,15,1,0,0,0.714,1
35,14,21,1,2,0,3,0,0,0.0,0
17,9,8,1,0,0,2,0,0,0.0,0
20,18,2,3,0,14,1,0,0,0.7,1
53,12,41,1,1,0,4,0,0,0.0,0
20,18,2,3,0,14,1,0,0,0.7,1
23,21,2,3,0,17,1,0,0,0.739,1
23,9,14,1,0,0,2,0,0,0.0,0
35,11,24,4,0,11,2,0,1,0.314,1
59,22,37,2,4,21,1,0,0,0.356,1
59,22,37,2,4,20,1,0,0,0.339,1
15,11,4,1,0,0,2,0,0,0.0,0
43,12,31,3,0,0,5,0,0,0.0,0
28,10,18,2,1,0,2,0,0,0.0,0
51,9,42,3,0,2,4,0,0,0.039,0
70,26,44,2,4,23,1,0,0,0.329,1
36,10,26,1,0,0,3,0,0,0.0,0
81,25,56,4,5,5,5,0,0,0.062,1
28,7,21,1,0,0,3,0,0,0.0,0
15,11,4,1,0,0,1,0,0,0.0,0
50,12,38,2,0,9,4,0,0,0.18,0
18,14,4,3,0,11,1,0,1,0.611,1
54,16,38,2,0,11,4,0,0,0.204,0
37,14,23,5,0,11,2,0,1,0.297,1
23,6,17,1,0,1,2,0,0,0.043,0
53,10,43,1,2,0,3,0,0,0.0,0
22,20,2,3,0,16,1,0,0,0.727,1
37,10,27,2,1,4,2,0,0,0.108,0
21,19,2,3,0,15,1,0,0,0.714,1
21,19,2,3,0,15,1,0,0,0.714,1
22,20,2,3,0,16,1,0,0,0.727,1
19,12,7,3,0,14,1,0,1,0.737,1
19,12,7,3,0,12,1,0,1,0.632,1
61,55,6,3,3,8,1,0,0,0.131,1
38,11,27,1,1,0,4,0,0,0.0,0
13,8,5,1,0,0,1,0,0,0.0,0
44,17,27,2,0,16,2,0,0,0.364,1
63,26,37,2,4,21,1,0,0,0.333,1
38,17,21,2,0,4,1,0,0,0.105,1
42,15,27,1,1,0,2,0,0,0.0,0
27,20,7,4,0,16,1,0,0,0.593,1
38,13,25,4,0,11,2,0,1,0.289,1
30,10,20,1,2,0,1,0,0,0.0,0
43,10,33,1,2,0,3,0,0,0.0,0
51,10,41,1,2,0,2,0,0,0.0,0
22,11,11,1,0,0,2,0,0,0.0,0
65,11,54,2,3,2,4,0,0,0.031,0
22,20,2,3,0,16,1,0,0,0.727,1
98,25,73,5,3,5,5,0,0,0.051,1
25,19,6,1,0,0,1,0,0,0.0,0
20,7,13,1,0,5,4,0,0,0.25,0
40,11,29,1,0,4,2,0,0,0.1,0
18,15,3,1,0,0,1,0,0,0.0,0
122,25,97,5,4,6,6,0,0,0.049,1
107,11,96,3,1,0,9,0,0,0.0,0
17,9,8,1,0,0,1,0,0,0.0,0
18,14,4,3,0,11,1,0,1,0.611,1
42,10,32,2,2,0,2,0,0,0.0,0
138,25,113,4,8,2,5,0,0,0.014,1
18,11,7,3,0,14,1,0,1,0.778,1
23,21,2,3,0,17,1,0,0,0.739,1
103,11,92,6,4,4,7,1,0,0.039,0
25,18,7,4,0,14,1,0,0,0.56,1
65,28,37,2,4,19,1,0,0,0.292,1
61,13,48,4,1,31,3,0,1,0.508,1
25,18,7,4,0,14,1,0,0,0.56,1
28,9,19,2,0,0,4,0,0,0.0,0
33,10,23,1,1,0,2,0,0,0.0,0
33,14,19,1,2,0,2,0,0,0.0,0
33,17,16,1,0,4,2,0,0,0.121,1
15,11,4,1,0,0,2,0,0,0.0,0
138,25,113,4,4,4,5,0,0,0.029,1
29,11,18,1,2,0,3,0,0,0.0,0
23,15,8,1,0,0,1,0,0,0.0,0
23,21,2,3,0,17,1,0,0,0.739,1
124,25,99,4,7,5,5,0,0,0.04,1
91,25,66,4,3,5,5,0,0,0.055,1
57,34,23,5,0,8,2,0,0,0.14,1
88,25,63,4,4,4,5,0,0,0.045,1
20,10,10,1,0,0,2,0,0,0.0,0
40,9,31,3,0,0,5,0,0,0.0,0
25,11,14,1,1,0,3,0,0,0.0,0
37,14,23,5,0,11,2,0,1,0.297,1
21,19,2,3,0,15,1,0,0,0.714,1
18,11,7,3,0,13,1,0,1,0.722,1
63,19,44,2,4,25,1,0,0,0.397,1
88,25,63,4,1,5,5,0,0,0.057,1
51,9,42,1,2,0,3,0,0,0.0,0
152,25,127,4,6,5,8,0,0,0.033,1
31,10,21,1,0,0,3,0,0,0.0,0
29,10,19,1,0,0,3,0,0,0.0,0
48,14,34,5,0,11,2,0,1,0.229,1
28,21,7,4,0,17,1,0,0,0.607,1
33,10,23,2,0,0,2,0,0,0.0,0
25,11,14,1,0,0,3,0,0,0.0,0
34,10,24,2,1,0,2,0,0,0.0,0
26,19,7,4,0,15,1,0,0,0.577,1
118,25,93,4,2,2,10,0,0,0.017,1
28,10,18,1,0,1,2,0,0,0.036,0
27,20,7,4,0,16,1,0,0,0.593,1
22,13,9,4,0,11,1,0,1,0.5,1
72,25,47,4,3,2,5,0,0,0.028,1
39,10,29,2,1,0,2,0,0,0.0,0
88,25,63,5,2,3,5,0,0,0.034,1
21,19,2,3,0,15,1,0,0,0.714,1
86,25,61,4,0,6,5,0,0,0.07,1
23,12,11,1,0,0,2,0,0,0.0,0
21,14,7,3,0,12,1,0,1,0.571,1
104,9,95,2,11,3,4,0,0,0.029,0
21,19,2,3,0,15,1,0,0,0.714,1
21,19,2,3,0,15,1,0,0,0.714,1
77,25,52,4,1,2,5,0,0,0.026,1
28,21,7,4,0,17,1,0,0,0.607,1
35,9,26,1,2,0,2,0,0,0.0,0
37,9,28,1,1,0,2,0,0,0.0,0
21,19,2,3,0,15,1,0,0,0.714,1
21,19,2,3,0,15,1,0,0,0.714,1
31,6,25,1,0,0,3,0,0,0.0,0
42,15,27,1,0,0,4,0,0,0.0,0
18,10,8,1,0,0,1,0,0,0.0,0
26,19,7,4,0,15,1,0,0,0.577,1
28,10,18,2,0,1,2,0,0,0.036,0
15,11,4,1,0,0,2,0,0,0.0,0
12,9,3,1,0,0,1,0,0,0.0,0
26,10,16,1,0,0,3,0,0,0.0,0
82,25,57,4,1,2,5,0,0,0.024,1
48,14,34,5,0,11,2,0,1,0.229,1
46,10,36,1,1,0,3,0,0,0.0,0
20,15,5,3,0,12,1,0,1,0.6,1
61,13,48,4,1,30,3,0,1,0.492,1
89,25,64,4,2,4,5,0,0,0.045,1
34,10,24,1,1,0,2,0,0,0.0,0
27,20,7,4,0,16,1,0,0,0.593,1
27,15,12,1,0,0,2,0,0,0.0,0
53,7,46,1,3,0,3,0,0,0.0,0
98,25,73,2,5,17,6,0,0,0.173,1
28,10,18,2,1,4,1,0,0,0.143,0
26,6,20,1,2,0,2,0,0,0.0,0
21,11,10,1,0,1,1,0,0,0.048,0
28,21,7,4,0,17,1,0,0,0.607,1
22,20,2,3,0,16,1,0,0,0.727,1
21,19,2,3,0,15,1,0,0,0.714,1
82,25,57,5,3,3,5,0,0,0.037,1
27,11,16,1,0,0,3,0,0,0.0,0
111,25,86,4,7,2,5,0,0,0.018,1
22,20,2,3,0,16,1,0,0,0.727,1
22,10,12,2,0,0,1,0,0,0.0,0
33,15,18,1,1,0,3,0,0,0.0,0
21,19,2,3,0,15,1,0,0,0.714,1
39,10,29,1,2,0,3,0,0,0.0,0
18,10,8,1,0,0,2,0,0,0.0,0
59,7,52,2,3,4,5,0,0,0.068,0
21,19,2,3,0,15,1,0,0,0.714,1
57,9,48,2,2,0,4,0,0,0.0,0
28,15,13,1,0,0,2,0,0,0.0,0
18,11,7,3,0,12,1,0,1,0.667,1
21,19,2,3,0,15,1,0,0,0.714,1
44,11,33,1,1,0,3,0,0,0.0,0
25,18,7,4,0,14,1,0,0,0.56,1
44,11,33,2,4,0,1,0,0,0.0,0
21,12,9,4,0,9,1,0,1,0.429,1
22,20,2,3,0,16,1,0,0,0.727,1
80,25,55,4,3,4,5,0,0,0.05,1
61,13,48,4,1,30,3,0,1,0.492,1
44,15,29,1,2,0,2,0,0,0.0,0
34,13,21,4,0,12,2,0,1,0.353,1
78,25,53,5,1,7,5,0,0,0.09,1
27,6,21,1,1,0,3,0,0,0.0,0
21,19,2,3,0,15,1,0,0,0.714,1
86,25,61,4,1,2,5,0,0,0.023,1
26,15,11,2,0,2,1,0,0,0.077,1
18,6,12,1,0,1,2,0,0,0.056,0
25,13,12,3,0,12,1,0,1,0.48,1
108,25,83,5,4,5,6,0,0,0.046,1
70,26,44,2,4,20,1,0,0,0.286,1
19,10,9,1,0,0,2,0,0,0.0,0
26,19,7,4,0,15,1,0,0,0.577,1
58,13,45,4,0,13,2,0,1,0.224,1
38,10,28,1,3,13,2,0,0,0.342,0
37,10,27,1,2,0,2,0,0,0.0,0
21,9,12,1,0,0,1,0,0,0.0,0
27,20,7,4,0,16,1,0,0,0.593,1
21,19,2,3,0,15,1,0,0,0.714,1
35,11,24,1,1,0,4,0,0,0.0,0
27,20,7,4,0,16,1,0,0,0.593,1
33,19,14,1,0,0,1,0,0,0.0,0
63,12,51,2,0,1,4,0,0,0.016,0
20,18,2,3,0,14,1,0,0,0.7,1
25,18,7,4,0,14,1,0,0,0.56,1
44,14,30,1,3,0,2,0,0,0.0,0
149,25,124,5,11,6,6,0,0,0.04,1
40,11,29,1,2,0,3,0,0,0.0,0
31,10,21,1,1,0,2,0,0,0.0,0
30,10,20,1,0,0,2,0,0,0.0,0
94,11,83,2,4,20,3,0,0,0.213,0
26,19,7,4,0,15,1,0,0,0.577,1
39,9,30,1,1,0,3,0,0,0.0,0
44,10,34,1,2,0,3,0,0,0.0,0
22,20,2,3,0,16,1,0,0,0.727,1
35,14,21,1,1,0,2,0,0,0.0,0
26,15,11,1,0,0,2,0,0,0.0,0
25,18,7,4,0,14,1,0,0,0.56,1
26,19,7,4,0,15,1,0,0,0.577,1
116,25,91,4,9,6,5,0,0,0.052,1
57,14,43,1,2,0,4,0,0,0.0,0
51,6,45,2,2,3,3,0,0,0.059,0
23,21,2,3,0,17,1,0,0,0.739,1
25,18,7,4,0,14,1,0,0,0.56,1
29,4,25,1,3,0,2,0,0,0.0,0
23,21,2,3,0,17,1,0,0,0.739,1
54,6,48,1,2,0,5,0,0,0.0,0
45,10,35,1,3,0,2,0,0,0.0,0
32,12,20,1,0,0,2,0,0,0.0,0
17,12,5,1,0,0,2,0,0,0.0,0
59,49,10,3,2,3,2,0,0,0.051,1
37,11,26,1,0,4,5,0,0,0.108,0
23,13,10,3,0,11,2,0,1,0.478,1
24,10,14,1,0,0,2,0,0,0.0,0
35,12,23,1,0,0,2,0,0,0.0,0
39,9,30,1,2,0,2,0,0,0.0,0
122,25,97,5,6,6,5,0,0,0.049,1
97,25,72,5,3,7,5,0,0,0.072,1
21,19,2,3,0,15,1,0,0,0.714,1
22,20,2,3,0,16,1,0,0,0.727,1
40,11,29,1,0,4,2,0,0,0.1,0
30,10,20,1,0,0,3,0,0,0.0,0
42,42,0,2,0,12,0,0,0,0.286,1
46,9,37,3,0,0,2,0,0,0.0,0
38,13,25,4,0,14,2,0,1,0.368,1
21,12,9,1,1,0,2,0,0,0.0,0
27,20,7,4,0,16,1,0,0,0.593,1
23,21,2,3,0,17,1,0,0,0.739,1
44,11,33,1,3,0,4,0,0,0.0,0
29,13,16,4,0,12,2,0,1,0.414,1
41,11,30,1,0,2,2,0,0,0.049,0
25,12,13,1,0,5,2,0,0,0.2,0
25,6,19,1,1,2,3,0,0,0.08,0
50,12,38,2,0,9,4,0,0,0.18,0
31,9,22,2,1,0,4,0,0,0.0,0
119,25,94,5,4,3,5,0,0,0.025,1
81,25,56,5,3,4,5,0,0,0.049,1
128,15,113,1,15,6,5,0,0,0.047,0
22,10,12,1,0,0,1,0,0,0.0,0
27,20,7,4,0,16,1,0,0,0.593,1
30,9,21,2,2,0,1,0,0,0.0,0
29,10,19,1,0,0,2,0,0,0.0,0
23,13,10,1,0,0,1,0,0,0.0,0
38,11,27,3,0,2,2,0,0,0.053,0
89,25,64,4,3,6,5,0,0,0.067,1
34,12,22,4,0,9,2,0,1,0.265,1
57,11,46,3,1,4,6,0,0,0.07,0
39,11,28,1,1,0,4,0,0,0.0,0
62,11,51,3,1,7,4,0,0,0.113,0
61,7,54,2,3,6,5,0,0,0.098,0
25,18,7,4,0,14,1,0,0,0.56,1
19,11,8,1,0,0,1,0,0,0.0,0
128,25,103,5,4,8,8,0,0,0.062,1
21,19,2,3,0,15,1,0,0,0.714,1
53,11,42,2,2,0,2,0,0,0.0,0
38,15,23,1,1,0,2,0,0,0.0,0
43,11,32,1,4,0,4,0,0,0.0,0
36,13,23,4,0,14,2,0,1,0.389,1
44,12,32,1,2,0,2,0,0,0.0,0
58,43,15,3,1,21,1,0,0,0.362,1
79,25,54,4,0,5,5,0,0,0.063,1
18,11,7,3,0,11,1,0,1,0.611,1
62,25,37,2,4,18,1,0,0,0.29,1
30,15,15,1,1,0,2,0,0,0.0,0
42,31,11,3,4,11,1,0,0,0.262,1
19,12,7,3,0,14,1,0,1,0.737,1
71,27,44,2,4,22,1,0,0,0.31,1
33,15,18,1,0,0,2,0,0,0.0,0
157,9,148,5,0,20,10,0,0,0.127,0
39,12,27,1,0,0,4,0,0,0.0,0
17,13,4,3,0,10,1,0,1,0.588,1
23,13,10,3,0,12,2,0,1,0.522,1
71,11,60,1,3,0,4,0,0,0.0,0
25,18,7,4,0,14,1,0,0,0.56,1
68,24,44,2,4,24,1,0,0,0.353,1
28,21,7,4,0,17,1,0,0,0.607,1
154,25,129,4,3,6,12,0,0,0.039,1
25,18,7,4,0,14,1,0,0,0.56,1
27,6,21,1,1,0,2,0,0,0.0,0
28,21,7,4,0,17,1,0,0,0.607,1
42,13,29,4,0,10,2,0,1,0.238,1
72,16,56,2,0,5,1,0,0,0.069,1
77,25,52,4,4,2,5,0,0,0.026,1
113,25,88,5,8,13,5,0,0,0.115,1
28,10,18,2,0,1,2,0,0,0.036,0
96,12,84,3,4,21,8,0,0,0.219,0
16,12,4,3,0,9,1,0,1,0.562,1
29,11,18,1,1,0,3,0,0,0.0,0
84,25,59,5,2,5,6,0,0,0.06,1
19,14,5,3,0,11,1,0,1,0.579,1
30,14,16,4,0,12,2,0,1,0.4,1
63,19,44,2,4,25,1,0,0,0.397,1
43,9,34,2,0,0,3,0,0,0.0,0
19,10,9,1,0,0,1,0,0,0.0,0
39,23,16,1,0,0,2,0,0,0.0,1
52,14,38,2,0,5,2,0,0,0.096,0
77,25,52,5,2,7,5,0,0,0.091,1
15,9,6,1,0,0,1,0,0,0.0,0
54,8,46,1,4,0,3,0,0,0.0,0
26,19,7,4,0,15,1,0,0,0.577,1
28,15,13,4,0,13,1,0,1,0.464,1
27,13,14,3,0,11,2,0,1,0.407,1
41,10,31,2,2,0,2,0,0,0.0,0
20,4,16,2,0,0,2,0,0,0.0,0
19,12,7,3,0,10,1,0,1,0.526,1
37,11,26,3,0,1,2,0,0,0.027,0
22,20,2,3,0,16,1,0,0,0.727,1
20,15,5,3,0,13,1,0,1,0.65,1
31,17,14,2,0,4,1,0,0,0.129,1
22,20,2,3,0,16,1,0,0,0.727,1
68,24,44,2,4,22,1,0,0,0.324,1
22,20,2,3,0,16,1,0,0,0.727,1
22,20,2,3,0,16,1,0,0,0.727,1
45,11,34,5,0,8,2,0,1,0.178,1
25,18,7,4,0,14,1,0,0,0.56,1
32,10,22,1,1,0,1,0,0,0.0,0
11,7,4,1,0,0,2,0,0,0.0,0
41,9,32,2,1,0,4,0,0,0.0,0
33,15,18,1,0,0,2,0,0,0.0,0
25,13,12,4,0,11,1,0,1,0.44,1
34,14,20,1,2,4,3,0,0,0.118,0
26,19,7,4,0,15,1,0,0,0.577,1
67,14,53,1,4,0,4,0,0,0.0,0
34,6,28,1,1,0,3,0,0,0.0,0
67,30,37,2,4,20,1,0,0,0.299,1
20,18,2,3,0,14,1,0,0,0.7,1
31,10,21,1,0,0,3,0,0,0.0,0
74,30,44,2,4,24,1,0,0,0.324,1
70,25,45,4,1,5,5,0,0,0.071,1
21,19,2,3,0,15,1,0,0,0.714,1
52,15,37,1,1,0,4,0,0,0.0,0
20,18,2,3,0,14,1,0,0,0.7,1
15,11,4,1,0,0,2,0,0,0.0,0
17,12,5,3,0,9,1,0,1,0.529,1
31,11,20,3,0,8,2,0,1,0.258,1
40,11,29,1,0,6,2,0,0,0.15,0
21,9,12,1,2,0,1,0,0,0.0,0
112,25,87,4,8,8,5,0,0,0.071,1
101,25,76,4,5,5,5,0,0,0.05,1
96,25,71,4,3,5,5,0,0,0.052,1
93,25,68,4,2,2,8,0,0,0.022,1
19,12,7,3,0,14,1,0,1,0.737,1
59,22,37,2,4,22,1,0,0,0.373,1
116,25,91,4,4,8,5,0,0,0.069,1
31,6,25,1,2,0,2,0,0,0.0,0
22,6,16,1,1,0,1,0,0,0.0,0
25,15,10,3,0,12,1,0,1,0.48,1
26,19,7,4,0,15,1,0,0,0.577,1
24,17,7,4,0,13,1,0,0,0.542,1
19,12,7,3,0,13,1,0,1,0.684,1
25,13,12,5,2,11,1,0,1,0.44,1
18,15,3,1,0,0,1,0,0,0.0,0
28,11,17,1,1,0,2,0,0,0.0,0
48,11,37,3,0,5,4,0,0,0.104,0
27,20,7,4,0,16,1,0,0,0.593,1
26,19,7,4,0,15,1,0,0,0.577,1
60,10,50,1,6,0,3,0,0,0.0,0
20,18,2,3,0,14,1,0,0,0.7,1
48,11,37,2,0,4,4,0,0,0.083,0
48,11,37,2,0,4,4,0,0,0.083,0
104,25,79,4,2,6,5,0,0,0.058,1
27,20,7,4,0,16,1,0,0,0.593,1
22,13,9,4,0,10,2,0,1,0.455,1
21,19,2,3,0,15,1,0,0,0.714,1
24,17,7,4,0,13,1,0,0,0.542,1
50,15,35,1,2,0,2,0,0,0.0,0
34,6,28,1,2,0,2,0,0,0.0,0
18,9,9,1,1,0,2,0,0,0.0,0
62,14,48,10,0,12,2,0,1,0.194,1
120,25,95,4,6,5,5,0,0,0.042,1
66,29,37,2,4,19,1,0,0,0.288,1
28,10,18,1,0,0,2,0,0,0.0,0
23,21,2,3,0,17,1,0,0,0.739,1
25,14,11,4,0,14,2,0,1,0.56,1
20,11,9,1,0,0,1,0,0,0.0,0
87,25,62,4,3,6,5,0,0,0.069,1
26,19,7,4,0,15,1,0,0,0.577,1
24,13,11,4,0,10,1,0,1,0.417,1
134,25,109,4,3,5,5,0,0,0.037,1
27,20,7,4,0,16,1,0,0,0.593,1
28,12,16,1,1,0,1,0,0,0.0,0
52,6,46,3,1,6,4,0,0,0.115,0
24,17,7,4,0,13,1,0,0,0.542,1
23,21,2,3,0,17,1,0,0,0.739,1
27,20,7,4,0,16,1,0,0,0.593,1
93,25,68,4,5,9,5,0,0,0.097,1
19,14,5,3,0,13,1,0,1,0.684,1
21,19,2,3,0,15,1,0,0,0.714,1
20,18,2,3,0,14,1,0,0,0.7,1
95,25,70,5,1,5,6,0,0,0.053,1
61,55,6,3,3,8,1,0,0,0.131,1
28,21,7,4,1,0,1,0,0,0.0,1
26,18,8,2,1,2,1,0,0,0.077,1
38,13,25,4,0,11,2,0,1,0.289,1
21,19,2,3,0,15,1,0,0,0.714,1
80,13,67,2,0,28,5,0,0,0.35,1
45,11,34,1,0,0,4,0,0,0.0,0
19,17,2,3,0,13,1,0,0,0.684,1
83,25,58,4,2,5,5,0,0,0.06,1
15,11,4,1,0,0,2,0,0,0.0,0
17,12,5,3,0,10,1,0,1,0.588,1
29,13,16,1,1,0,1,0,0,0.0,0
21,14,7,1,0,0,2,0,0,0.0,0
26,14,12,3,0,12,2,0,1,0.462,1
27,20,7,4,0,16,1,0,0,0.593,1
25,13,12,4,0,10,1,0,1,0.4,1
16,11,5,1,0,0,2,0,0,0.0,0
20,18,2,3,0,14,1,0,0,0.7,1
39,9,30,1,1,0,2,0,0,0.0,0
15,11,4,1,0,0,2,0,0,0.0,0
22,20,2,3,0,16,1,0,0,0.727,1
15,11,4,3,0,8,1,0,1,0.533,1
156,11,145,5,2,21,10,0,0,0.135,0
25,9,16,2,0,0,3,0,0,0.0,0
31,15,16,1,0,0,3,0,0,0.0,0
39,14,25,1,1,0,3,0,0,0.0,0
65,21,44,2,4,25,1,0,0,0.385,1
62,14,48,10,0,11,2,0,1,0.177,1
61,55,6,3,3,8,1,0,0,0.131,1
36,9,27,2,0,6,3,0,0,0.167,0
61,13,48,4,1,30,3,0,1,0.492,1
31,6,25,1,2,1,2,0,0,0.032,0
24,17,7,4,0,13,1,0,0,0.542,1
21,9,12,1,1,0,2,0,0,0.0,0
60,17,43,2,1,18,1,0,0,0.3,1
133,25,108,4,7,6,5,0,0,0.045,1
83,25,58,4,2,7,5,0,0,0.084,1
24,13,11,4,0,10,2,0,1,0.417,1
26,19,7,4,0,15,1,0,0,0.577,1
68,11,57,4,1,7,4,0,0,0.103,0
123,9,114,5,3,20,5,0,0,0.163,0
55,10,45,1,3,0,3,0,0,0.0,0
30,10,20,1,0,0,2,0,0,0.0,0
97,25,72,4,3,5,5,0,0,0.052,1
22,6,16,1,0,0,2,0,0,0.0,0
40,10,30,1,2,0,2,0,0,0.0,0
25,18,7,4,0,14,1,0,0,0.56,1
71,7,64,1,6,8,5,0,0,0.113,0
21,19,2,3,0,15,1,0,0,0.714,1
28,21,7,4,0,17,1,0,0,0.607,1
96,11,85,2,3,25,5,0,0,0.26,0
25,10,15,1,0,0,2,0,0,0.0,0
26,12,14,4,0,11,2,0,1,0.423,1
25,9,16,2,0,0,2,0,0,0.0,0
32,15,17,4,0,12,2,0,1,0.375,1
22,20,2,3,0,16,1,0,0,0.727,1
22,12,10,1,0,0,1,0,0,0.0,0
19,12,7,3,0,14,1,0,1,0.737,1
79,25,54,5,2,3,5,0,0,0.038,1
20,15,5,3,0,12,1,0,1,0.6,1
19,12,7,1,0,0,2,0,0,0.0,0
27,15,12,4,0,14,1,0,1,0.519,1
20,18,2,3,0,14,1,0,0,0.7,1
125,25,100,4,3,2,5,0,0,0.016,1
25,15,10,3,0,13,1,0,1,0.52,1
61,24,37,2,4,20,1,0,0,0.328,1
96,25,71,4,1,3,5,0,0,0.031,1
108,25,83,5,6,3,5,0,0,0.028,1
24,6,18,1,0,0,2,0,0,0.0,0
26,19,7,4,0,15,1,0,0,0.577,1
69,10,59,1,8,0,2,0,0,0.0,0
23,18,5,1,1,0,2,0,0,0.0,0
27,20,7,4,0,16,1,0,0,0.593,1
40,11,29,1,0,8,2,0,0,0.2,0
23,13,10,4,0,10,1,0,1,0.435,1
34,15,19,1,1,3,3,0,0,0.088,0
21,19,2,3,0,15,1,0,0,0.714,1
92,6,86,4,3,5,6,0,0,0.054,0
25,14,11,4,0,12,2,0,1,0.48,1
21,7,14,1,0,0,2,0,0,0.0,0
22,20,2,3,0,16,1,0,0,0.727,1
19,12,7,3,0,14,1,0,1,0.737,1
24,12,12,1,1,0,2,0,0,0.0,0
131,25,106,4,5,5,5,0,0,0.038,1
30,14,16,4,0,11,2,0,1,0.367,1
37,17,20,2,0,4,2,0,0,0.108,1
32,11,21,1,0,0,3,0,0,0.0,0
19,17,2,3,0,13,1,0,0,0.684,1
27,9,18,2,1,0,1,0,0,0.0,0
53,9,44,2,3,1,3,0,0,0.019,0
81,25,56,4,1,5,5,0,0,0.062,1
40,11,29,1,1,1,3,0,0,0.025,0
61,24,37,2,4,20,1,0,0,0.328,1
34,17,17,2,0,4,2,0,0,0.118,1
63,26,37,2,4,23,1,0,0,0.365,1
20,11,9,1,0,0,1,0,0,0.0,0
65,6,59,1,3,0,5,0,0,0.0,0
18,14,4,3,0,11,1,0,1,0.611,1
20,11,9,1,0,0,1,0,0,0.0,0
70,11,59,2,3,0,4,0,0,0.0,0
20,6,14,2,0,1,2,0,0,0.05,0
30,17,13,1,1,0,1,0,0,0.0,0
35,13,22,4,0,11,2,0,1,0.314,1
28,7,21,2,0,0,3,0,0,0.0,0
115,25,90,4,2,5,5,0,0,0.043,1
21,19,2,3,0,15,1,0,0,0.714,1
34,15,19,4,0,22,1,0,1,0.647,1
84,9,75,2,2,18,5,0,0,0.214,0
44,15,29,1,1,0,3,0,0,0.0,0
34,10,24,1,1,0,2,0,0,0.0,0
138,25,113,4,5,6,11,0,0,0.043,1
21,19,2,3,0,15,1,0,0,0.714,1
20,11,9,1,0,0,2,0,0,0.0,0
27,20,7,4,0,16,1,0,0,0.593,1
20,13,7,3,0,11,1,0,1,0.55,1
68,25,43,4,0,6,5,0,0,0.088,1
32,15,17,1,0,0,2,0,0,0.0,0
87,25,62,4,0,5,5,0,0,0.057,1
78,25,53,5,1,8,5,0,0,0.103,1
57,11,46,2,1,7,6,0,0,0.123,0
95,25,70,4,1,5,5,0,0,0.053,1
38,12,26,1,0,0,3,0,0,0.0,0
64,27,37,2,4,20,1,0,0,0.312,1
21,19,2,3,0,15,1,0,0,0.714,1
27,13,14,3,0,10,2,0,1,0.37,1
98,9,89,2,5,9,5,0,0,0.092,0
49,9,40,2,2,0,4,0,0,0.0,0
43,15,28,1,2,3,3,0,0,0.07,0
21,10,11,1,0,0,1,0,0,0.0,0
37,9,28,1,1,0,4,0,0,0.0,0
68,24,44,2,4,27,1,0,0,0.397,1
61,55,6,3,3,8,1,0,0,0.131,1
20,18,2,3,0,14,1,0,0,0.7,1
113,25,88,5,2,5,5,0,0,0.044,1
36,17,19,2,0,4,2,0,0,0.111,1
17,10,7,1,0,0,1,0,0,0.0,0
70,25,45,4,1,6,5,0,0,0.086,1
22,9,13,1,1,0,3,0,0,0.0,0
62,55,7,3,3,8,2,0,0,0.129,1
47,13,34,5,0,10,2,0,1,0.213,1
19,15,4,3,0,12,1,0,1,0.632,1
20,7,13,1,0,5,4,0,0,0.25,0
9,4,5,1,0,0,1,0,0,0.0,0
32,15,17,1,0,0,2,0,0,0.0,0
25,9,16,1,0,0,2,0,0,0.0,0
79,25,54,4,1,2,5,0,0,0.025,1
49,11,38,1,1,0,4,0,0,0.0,0
167,25,142,5,6,7,7,0,0,0.042,1
28,11,17,1,1,0,1,0,0,0.0,0
44,12,32,4,0,11,2,0,1,0.25,1
36,15,21,1,0,0,3,0,0,0.0,0
23,15,8,1,0,0,2,0,0,0.0,0
22,20,2,3,0,16,1,0,0,0.727,1
18,15,3,1,0,0,1,0,0,0.0,0
19,12,7,3,0,13,1,0,1,0.684,1
100,9,91,3,4,6,6,0,0,0.06,0
67,23,44,2,4,26,1,0,0,0.388,1
23,21,2,3,0,17,1,0,0,0.739,1
35,10,25,2,0,3,3,0,0,0.086,0
100,11,89,2,5,25,3,0,0,0.25,0
58,9,49,2,0,2,5,0,0,0.034,0
31,17,14,2,0,5,2,0,0,0.161,1
89,25,64,4,0,4,5,0,0,0.045,1
55,49,6,3,2,3,1,0,0,0.055,1
24,11,13,1,1,0,1,0,0,0.0,0
28,15,13,1,2,0,1,0,0,0.0,0
40,9,31,2,0,0,4,0,0,0.0,0
35,15,20,1,0,0,3,0,0,0.0,0
40,13,27,1,3,0,1,0,0,0.0,0
18,14,4,3,0,13,1,0,1,0.722,1
44,14,30,2,0,0,2,0,0,0.0,0
25,11,14,1,1,0,1,0,0,0.0,0
24,13,11,4,0,10,1,0,1,0.417,1
61,13,48,4,1,31,3,0,1,0.508,1
19,17,2,3,0,13,1,0,0,0.684,1
28,10,18,1,1,0,2,0,0,0.0,0
28,10,18,2,1,1,2,0,0,0.036,0
26,14,12,3,0,15,2,0,1,0.577,1
22,9,13,1,0,0,2,0,0,0.0,0
24,9,15,1,0,0,2,0,0,0.0,0
27,20,7,4,0,16,1,0,0,0.593,1
25,10,15,1,0,0,2,0,0,0.0,0
115,25,90,5,5,2,9,0,0,0.017,1
28,21,7,4,0,17,1,0,0,0.607,1
15,11,4,1,0,0,1,0,0,0.0,0
13,9,4,1,0,0,1,0,0,0.0,0
22,20,2,3,0,16,1,0,0,0.727,1
31,9,22,1,1,0,2,0,0,0.0,0
47,12,35,1,0,0,4,0,0,0.0,0
50,14,36,1,3,0,3,0,0,0.0,0
22,12,10,3,0,10,1,0,1,0.455,1
42,12,30,4,0,11,2,0,1,0.262,1
96,25,71,4,3,5,5,0,0,0.052,1
20,18,2,3,0,14,1,0,0,0.7,1
33,10,23,1,1,0,2,0,0,0.0,0
16,9,7,1,0,0,1,0,0,0.0,0
26,19,7,4,0,15,1,0,0,0.577,1
19,17,2,3,0,13,1,0,0,0.684,1
49,11,38,1,4,0,4,0,0,0.0,0
82,47,35,4,5,7,2,0,0,0.085,1
26,15,11,4,0,12,1,0,1,0.462,1
61,13,48,4,1,29,3,0,1,0.475,1
29,13,16,4,0,12,2,0,1,0.414,1
19,12,7,3,0,14,1,0,1,0.737,1
28,9,19,2,0,0,4,0,0,0.0,0
19,11,8,1,0,0,1,0,0,0.0,0
17,10,7,1,0,0,1,0,0,0.0,0
97,25,72,5,3,3,6,0,0,0.031,1
27,20,7,4,0,16,1,0,0,0.593,1
29,6,23,1,2,0,2,0,0,0.0,0
63,9,54,1,5,0,3,0,0,0.0,0
150,9,141,6,1,18,7,0,0,0.12,0
28,10,18,2,0,3,2,0,0,0.107,0
38,13,25,4,0,12,2,0,1,0.316,1
24,10,14,1,0,0,2,0,0,0.0,0
48,14,34,1,2,0,3,0,0,0.0,0
26,18,8,2,0,0,1,0,0,0.0,1
55,11,44,1,5,0,3,0,0,0.0,0
50,11,39,1,1,0,3,0,0,0.0,0
23,21,2,3,0,17,1,0,0,0.739,1
43,10,33,1,1,0,3,0,0,0.0,0
110,25,85,4,5,2,6,0,0,0.018,1
52,43,9,3,1,23,1,0,0,0.442,1
23,10,13,2,0,0,2,0,0,0.0,0
25,14,11,1,0,0,3,0,0,0.0,0
31,12,19,1,0,0,2,0,0,0.0,0
32,11,21,2,0,0,3,0,0,0.0,0
21,19,2,3,0,15,1,0,0,0.714,1
18,11,7,3,0,9,2,0,1,0.5,1
30,14,16,1,0,0,3,0,0,0.0,0
36,14,22,1,2,4,3,0,0,0.111,0
32,15,17,1,0,0,2,0,0,0.0,0
37,11,26,1,1,0,3,0,0,0.0,0
25,9,16,1,0,0,3,0,0,0.0,0
37,10,27,1,2,0,2,0,0,0.0,0
21,10,11,1,1,0,1,0,0,0.0,0
15,9,6,1,0,0,1,0,0,0.0,0
28,12,16,4,0,11,2,0,1,0.393,1
122,25,97,5,6,6,5,0,0,0.049,1
110,25,85,4,5,3,5,0,0,0.027,1
20,18,2,3,0,14,1,0,0,0.7,1
66,22,44,2,4,28,1,0,0,0.424,1
20,18,2,3,0,14,1,0,0,0.7,1
30,11,19,1,1,0,3,0,0,0.0,0
21,19,2,3,0,15,1,0,0,0.714,1
25,13,12,3,0,14,2,0,1,0.56,1
54,16,38,2,0,12,4,0,0,0.222,0
40,15,25,4,0,15,1,0,1,0.375,1
46,10,36,2,3,4,2,0,0,0.087,0
27,13,14,2,0,0,1,0,0,0.0,0
20,18,2,3,0,14,1,0,0,0.7,1
21,19,2,3,0,15,1,0,0,0.714,1
21,12,9,3,0,11,1,0,1,0.524,1
54,12,42,3,0,2,4,0,0,0.037,0
21,19,2,3,0,15,1,0,0,0.714,1
141,25,116,5,10,3,5,0,0,0.021,1
40,11,29,1,0,6,2,0,0,0.15,0
150,11,139,5,3,14,10,0,0,0.093,0
21,15,6,1,0,0,2,0,0,0.0,0
25,9,16,1,0,0,3,0,0,0.0,0
23,11,12,3,0,12,2,0,1,0.522,1
21,19,2,3,0,15,1,0,0,0.714,1
19,12,7,3,0,11,1,0,1,0.579,1
22,20,2,3,0,16,1,0,0,0.727,1
26,19,7,4,0,15,1,0,0,0.577,1
53,14,39,1,4,0,3,0,0,0.0,0
40,11,29,1,0,3,2,0,0,0.075,0
16,12,4,3,0,9,1,0,1,0.562,1
98,25,73,4,3,5,5,0,0,0.051,1
58,7,51,1,4,8,5,0,0,0.138,0
18,11,7,3,0,12,1,0,1,0.667,1
23,21,2,3,0,17,1,0,0,0.739,1
58,44,14,4,2,0,1,0,0,0.0,1
26,19,7,4,0,15,1,0,0,0.577,1
23,21,2,3,0,17,1,0,0,0.739,1
36,17,19,2,0,3,2,0,0,0.083,1
58,13,45,4,0,31,2,0,1,0.534,1
56,6,50,1,3,1,3,0,0,0.018,0
57,11,46,1,4,0,4,0,0,0.0,0
16,10,6,1,0,0,1,0,0,0.0,0
35,21,14,2,0,2,2,0,0,0.057,1
19,17,2,3,0,13,1,0,0,0.684,1
114,25,89,4,7,2,5,0,0,0.018,1
68,9,59,1,5,0,4,0,0,0.0,0
41,11,30,1,0,4,2,0,0,0.098,0
21,11,10,1,0,1,1,0,0,0.048,0
34,13,21,1,1,0,2,0,0,0.0,0
16,10,6,1,0,0,2,0,0,0.0,0
22,20,2,3,0,16,1,0,0,0.727,1
17,10,7,1,0,0,2,0,0,0.0,0
28,10,18,1,0,0,2,0,0,0.0,0
72,28,44,2,4,25,1,0,0,0.347,1
20,18,2,3,0,14,1,0,0,0.7,1
122,25,97,5,3,7,6,0,0,0.057,1
31,7,24,1,3,0,1,0,0,0.0,0
22,15,7,1,0,0,2,0,0,0.0,1
18,11,7,4,0,9,1,0,1,0.5,1
33,9,24,1,1,0,2,0,0,0.0,0
62,55,7,3,3,8,2,0,0,0.129,1
29,7,22,1,0,0,4,0,0,0.0,0
24,7,17,1,1,0,2,0,0,0.0,0
30,18,12,2,1,0,1,0,0,0.0,0
21,9,12,2,0,0,1,0,0,0.0,0
23,7,16,1,0,0,3,0,0,0.0,0
18,12,6,1,0,0,1,0,0,0.0,0
28,21,7,4,0,17,1,0,0,0.607,1
19,17,2,3,0,13,1,0,0,0.684,1
20,18,2,3,0,14,1,0,0,0.7,1
49,17,32,2,0,2,2,0,0,0.041,1
25,6,19,1,1,0,2,0,0,0.0,0
28,10,18,2,0,0,2,0,0,0.0,0
65,7,58,1,4,8,5,0,0,0.123,0
12,8,4,1,0,0,1,0,0,0.0,0
110,10,100,3,3,46,3,0,0,0.418,0
21,11,10,1,0,0,1,0,0,0.0,0
21,19,2,3,0,15,1,0,0,0.714,1
27,9,18,1,2,0,2,0,0,0.0,0
12,8,4,1,0,0,1,0,0,0.0,0
48,11,37,3,0,6,4,0,0,0.125,0
22,16,6,2,0,4,1,0,0,0.182,1
25,9,16,1,1,0,2,0,0,0.0,0
23,12,11,1,1,0,1,0,0,0.0,0
58,13,45,4,0,31,2,0,1,0.534,1
20,7,13,1,0,5,4,0,0,0.25,0
23,9,14,1,1,0,1,0,0,0.0,0
84,25,59,4,3,3,5,0,0,0.036,1
18,10,8,1,0,0,1,0,0,0.0,0
79,9,70,2,5,12,4,0,0,0.152,0
29,15,14,1,0,0,3,0,0,0.0,0
195,25,170,5,21,6,5,0,0,0.031,1
31,18,13,1,2,0,2,0,0,0.0,0
27,13,14,4,0,11,2,0,1,0.407,1
41,11,30,1,2,0,2,0,0,0.0,0
39,11,28,1,1,0,4,0,0,0.0,0
56,15,41,1,3,0,4,0,0,0.0,0
22,20,2,3,0,16,1,0,0,0.727,1
27,20,7,4,0,16,1,0,0,0.593,1
40,10,30,2,2,0,2,0,0,0.0,0
17,9,8,1,0,0,1,0,0,0.0,0
19,9,10,1,0,0,1,0,0,0.0,0
19,14,5,2,0,1,1,0,0,0.053,1
68,24,44,2,4,24,1,0,0,0.353,1
25,18,7,4,0,14,1,0,0,0.56,1
26,19,7,4,0,15,1,0,0,0.577,1
51,14,37,2,0,5,2,0,0,0.098,0
21,7,14,1,0,0,2,0,0,0.0,0
19,15,4,3,0,13,1,0,1,0.684,1
34,7,27,1,0,0,3,0,0,0.0,0
82,47,35,4,5,9,2,0,0,0.11,1
41,15,26,1,0,0,3,0,0,0.0,0
23,12,11,3,0,11,2,0,1,0.478,1
21,19,2,3,0,15,1,0,0,0.714,1
26,12,14,1,0,0,1,0,0,0.0,0
17,11,6,1,0,0,1,0,0,0.0,0
128,25,103,5,10,4,5,0,0,0.031,1
16,9,7,1,1,0,2,0,0,0.0,0
40,11,29,1,0,2,2,0,0,0.05,0
91,25,66,4,1,5,5,0,0,0.055,1
32,14,18,4,0,11,1,0,1,0.344,1
98,11,87,2,3,25,5,0,0,0.255,0
25,15,10,3,0,14,2,0,1,0.56,1
26,19,7,4,0,15,1,0,0,0.577,1
79,25,54,4,2,6,5,0,0,0.076,1
31,13,18,1,1,0,1,0,0,0.0,0
114,25,89,4,2,2,5,0,0,0.018,1
61,55,6,3,3,8,1,0,0,0.131,1
40,11,29,1,0,4,2,0,0,0.1,0
20,12,8,4,0,9,1,0,1,0.45,1
81,25,56,4,0,2,7,0,0,0.025,1
18,15,3,1,0,0,1,0,0,0.0,0
39,10,29,1,1,0,3,0,0,0.0,0
45,35,10,5,3,13,1,0,0,0.289,1
36,12,24,4,0,25,2,0,1,0.694,1
41,11,30,1,0,5,2,0,0,0.122,0
124,15,109,6,11,12,1,0,1,0.097,1
21,19,2,3,0,15,1,0,0,0.714,1
93,25,68,5,1,7,6,0,0,0.075,1
35,15,20,1,1,0,2,0,0,0.0,0
124,25,99,4,5,5,5,0,0,0.04,1
23,13,10,3,0,13,1,0,1,0.565,1
72,16,56,2,0,5,1,0,0,0.069,1
34,16,18,1,1,0,2,0,0,0.0,0
36,9,27,2,0,6,3,0,0,0.167,0
15,10,5,1,0,0,1,0,0,0.0,0
21,19,2,3,0,15,1,0,0,0.714,1
30,12,18,3,2,9,1,0,1,0.3,1
43,11,32,1,2,0,5,0,0,0.0,0
48,10,38,2,0,10,4,0,0,0.208,0
19,9,10,1,0,0,1,0,0,0.0,0
31,9,22,1,1,0,2,0,0,0.0,0
124,25,99,4,7,6,5,0,0,0.048,1
61,13,48,4,1,31,3,0,1,0.508,1
35,10,25,1,0,0,3,0,0,0.0,0
101,25,76,5,6,4,5,0,0,0.04,1
60,23,37,2,4,21,1,0,0,0.35,1
25,10,15,1,0,0,2,0,0,0.0,0
54,6,48,1,2,0,4,0,0,0.0,0
25,14,11,1,1,0,2,0,0,0.0,0
82,25,57,4,3,2,5,0,0,0.024,1
38,15,23,1,0,0,3,0,0,0.0,0
102,25,77,4,3,5,7,0,0,0.049,1
27,20,7,4,0,16,1,0,0,0.593,1
22,20,2,3,0,16,1,0,0,0.727,1
36,9,27,2,0,4,3,0,0,0.111,0
116,25,91,5,4,3,5,0,0,0.026,1
31,13,18,1,2,0,1,0,0,0.0,0
85,25,60,4,4,2,5,0,0,0.024,1
18,10,8,1,0,0,1,0,0,0.0,0
29,11,18,1,0,0,3,0,0,0.0,0
22,10,12,1,1,0,1,0,0,0.0,0
27,20,7,4,0,16,1,0,0,0.593,1
39,12,27,2,1,6,2,0,0,0.154,0
19,12,7,3,0,12,1,0,1,0.632,1
28,17,11,2,0,2,2,0,0,0.071,1
51,16,35,1,2,0,3,0,0,0.0,0
74,30,44,2,4,20,1,0,0,0.27,1
21,14,7,3,0,13,1,0,1,0.619,1
21,19,2,3,0,15,1,0,0,0.714,1
28,21,7,4,0,17,1,0,0,0.607,1
25,18,7,4,0,14,1,0,0,0.56,1
24,13,11,4,0,10,1,0,1,0.417,1
19,7,12,2,0,0,1,0,0,0.0,0
41,6,35,2,1,2,3,0,0,0.049,0
57,6,51,1,2,0,3,0,0,0.0,0
47,7,40,1,3,0,4,0,0,0.0,0
33,15,18,1,0,0,2,0,0,0.0,0
106,25,81,4,2,5,5,0,0,0.047,1
20,15,5,1,0,0,1,0,0,0.0,0
78,25,53,4,2,5,5,0,0,0.064,1
39,12,27,4,0,13,2,0,1,0.333,1
27,20,7,4,0,16,1,0,0,0.593,1
55,12,43,4,0,11,2,0,1,0.2,1
21,10,11,1,0,0,2,0,0,0.0,0
24,12,12,4,0,9,2,0,1,0.375,1
36,13,23,4,0,14,2,0,1,0.389,1
29,13,16,4,0,12,2,0,1,0.414,1
26,19,7,4,0,15,1,0,0,0.577,1
62,55,7,3,3,8,2,0,0,0.129,1
80,12,68,1,10,0,2,0,0,0.0,0
29,18,11,1,2,0,3,0,0,0.0,0
41,6,35,2,1,2,3,0,0,0.049,0
47,9,38,2,0,5,4,0,0,0.106,0
69,25,44,4,1,3,5,0,0,0.043,1
23,12,11,1,0,0,2,0,0,0.0,0
109,9,100,3,6,6,6,0,0,0.055,0
25,11,14,1,2,0,3,0,0,0.0,0
27,20,7,4,0,16,1,0,0,0.593,1
19,10,9,1,0,0,2,0,0,0.0,0
36,9,27,1,0,0,3,0,0,0.0,0
70,11,59,1,3,0,4,0,0,0.0,0
87,25,62,4,5,6,6,0,0,0.069,1
16,11,5,1,0,0,2,0,0,0.0,0
54,9,45,1,1,0,4,0,0,0.0,0
33,17,16,2,0,2,2,0,0,0.061,1
100,25,75,4,5,2,5,0,0,0.02,1
52,7,45,1,2,0,4,0,0,0.0,0
53,9,44,2,1,0,3,0,0,0.0,0
40,11,29,1,0,5,2,0,0,0.125,0
27,20,7,4,0,16,1,0,0,0.593,1
21,19,2,3,0,15,1,0,0,0.714,1
50,12,38,2,0,10,4,0,0,0.2,0
22,20,2,3,0,16,1,0,0,0.727,1
38,11,27,3,0,0,3,0,0,0.0,0
29,12,17,4,0,11,2,0,1,0.379,1
52,11,41,1,1,0,3,0,0,0.0,0
21,19,2,3,0,15,1,0,0,0.714,1
24,9,15,1,0,0,2,0,0,0.0,0
41,15,26,1,0,0,4,0,0,0.0,0
9,6,3,1,0,0,1,0,0,0.0,0
70,26,44,2,4,22,1,0,0,0.314,1
134,25,109,4,2,5,6,0,0,0.037,1
29,10,19,1,0,0,2,0,0,0.0,0
28,10,18,2,0,1,2,0,0,0.036,0
30,9,21,1,1,0,3,0,0,0.0,0
57,13,44,4,0,10,2,0,1,0.175,1
130,25,105,4,7,2,7,0,0,0.015,1
69,25,44,4,1,6,5,0,0,0.087,1
27,13,14,2,0,0,1,0,0,0.0,0
83,25,58,5,1,8,5,0,0,0.096,1
19,11,8,1,0,0,2,0,0,0.0,0
81,10,71,2,2,25,2,0,0,0.309,0
22,12,10,1,0,0,1,0,0,0.0,0
23,14,9,1,0,0,2,0,0,0.0,0
27,20,7,4,0,16,1,0,0,0.593,1
18,11,7,3,0,12,1,0,1,0.667,1
28,9,19,2,0,0,4,0,0,0.0,0
21,19,2,3,0,15,1,0,0,0.714,1
54,7,47,1,2,0,4,0,0,0.0,0
40,11,29,1,0,6,2,0,0,0.15,0
36,21,15,2,0,6,1,0,0,0.167,1
32,10,22,1,0,0,3,0,0,0.0,0
18,11,7,3,0,9,1,0,1,0.5,1
19,13,6,3,0,11,2,0,1,0.579,1
88,25,63,4,2,2,5,0,0,0.023,1
102,25,77,4,3,6,5,0,0,0.059,1
36,19,17,2,0,2,4,0,0,0.056,0
18,15,3,1,0,0,1,0,0,0.0,0
18,11,7,3,0,13,1,0,1,0.722,1
30,11,19,1,1,0,3,0,0,0.0,0
36,9,27,2,0,4,3,0,0,0.111,0
16,7,9,1,0,0,1,0,0,0.0,0
17,13,4,3,0,11,1,0,1,0.647,1
22,20,2,3,0,16,1,0,0,0.727,1
24,7,17,2,0,0,2,0,0,0.0,0
27,20,7,4,0,16,1,0,0,0.593,1
22,9,13,1,0,0,1,0,0,0.0,0
22,20,2,3,0,16,1,0,0,0.727,1
48,14,34,5,0,11,2,0,1,0.229,1
26,10,16,1,1,0,1,0,0,0.0,0
48,11,37,4,0,4,4,0,0,0.083,0
26,19,7,4,0,15,1,0,0,0.577,1
109,25,84,4,6,6,5,0,0,0.055,1
37,14,23,5,0,11,2,0,1,0.297,1
19,15,4,3,0,12,1,0,1,0.632,1
64,14,50,1,4,0,4,0,0,0.0,0
28,10,18,2,2,0,2,0,0,0.0,0
22,20,2,3,0,16,1,0,0,0.727,1
65,21,44,2,4,22,1,0,0,0.338,1
34,15,19,1,0,0,2,0,0,0.0,0
42,9,33,1,1,0,2,0,0,0.0,0
26,19,7,4,0,15,1,0,0,0.577,1
98,9,89,3,4,4,6,0,0,0.041,0
29,13,16,4,0,13,1,0,1,0.448,1
22,20,2,3,0,16,1,0,0,0.727,1
41,7,34,1,1,0,3,0,0,0.0,0
22,20,2,3,0,16,1,0,0,0.727,1
22,11,11,4,0,8,1,0,1,0.364,1
35,14,21,1,2,0,3,0,0,0.0,0
22,20,2,3,0,16,1,0,0,0.727,1
39,11,28,1,2,0,4,0,0,0.0,0
27,7,20,1,1,0,2,0,0,0.0,0
35,8,27,1,2,0,1,0,0,0.0,0
20,18,2,3,0,14,1,0,0,0.7,1
46,11,35,1,1,0,3,0,0,0.0,0
19,12,7,3,0,9,1,0,1,0.474,1
21,10,11,1,0,0,2,0,0,0.0,0
88,25,63,5,3,6,5,0,0,0.068,1
65,21,44,2,4,25,1,0,0,0.385,1
52,11,41,1,2,0,3,0,0,0.0,0
60,7,53,3,2,2,5,0,0,0.033,0
50,12,38,2,0,7,4,0,0,0.14,0
71,14,57,1,5,0,4,0,0,0.0,0
56,19,37,2,4,18,1,0,0,0.321,1
24,10,14,1,1,0,2,0,0,0.0,0
51,12,39,1,0,0,5,0,0,0.0,0
31,6,25,1,1,0,2,0,0,0.0,0
23,12,11,4,0,11,1,0,1,0.478,1
18,11,7,1,1,0,2,0,0,0.0,0
21,19,2,3,0,15,1,0,0,0.714,1
71,27,44,2,4,22,1,0,0,0.31,1
15,9,6,1,0,0,1,0,0,0.0,0
64,27,37,2,4,19,1,0,0,0.297,1
98,25,73,4,2,5,6,0,0,0.051,1
35,7,28,2,0,0,4,0,0,0.0,0
28,10,18,2,0,0,2,0,0,0.0,0
49,14,35,1,2,0,3,0,0,0.0,0
61,24,37,2,4,20,1,0,0,0.328,1
26,19,7,4,0,15,1,0,0,0.577,1
20,11,9,1,0,0,1,0,0,0.0,0
119,26,93,18,0,4,5,0,0,0.034,1
25,18,7,4,0,14,1,0,0,0.56,1
27,20,7,4,0,16,1,0,0,0.593,1
43,9,34,5,0,6,2,0,1,0.14,1
80,9,71,2,6,11,4,0,0,0.138,0
72,16,56,2,0,6,1,0,0,0.083,1
29,15,14,1,0,0,2,0,0,0.0,0
25,18,7,4,0,14,1,0,0,0.56,1
93,25,68,4,5,4,7,0,0,0.043,1
46,6,40,2,1,1,3,0,0,0.022,0
90,25,65,4,5,6,5,0,0,0.067,1
39,8,31,1,1,0,2,0,0,0.0,0
22,12,10,1,0,0,2,0,0,0.0,0
87,25,62,4,1,5,6,0,0,0.057,1
94,25,69,4,3,6,7,0,0,0.064,1
40,11,29,1,0,7,2,0,0,0.175,0
36,26,10,4,0,4,1,0,0,0.111,1
47,11,36,1,3,4,5,0,0,0.085,0
28,21,7,4,0,17,1,0,0,0.607,1
27,11,16,1,0,0,2,0,0,0.0,0
34,10,24,2,1,0,2,0,0,0.0,0
36,11,25,1,1,0,2,0,0,0.0,0
27,10,17,1,0,0,2,0,0,0.0,0
56,19,37,2,4,18,1,0,0,0.321,1
75,9,66,1,8,0,3,0,0,0.0,0
13,7,6,1,0,0,1,0,0,0.0,0
40,11,29,1,2,1,4,0,0,0.025,0
106,25,81,4,5,11,6,0,0,0.104,1
41,15,26,1,1,0,2,0,0,0.0,0
20,18,2,3,0,14,1,0,0,0.7,1
15,12,3,1,0,0,1,0,0,0.0,0
97,25,72,5,3,3,5,0,0,0.031,1
23,13,10,3,0,11,2,0,1,0.478,1
145,9,136,7,2,21,6,0,0,0.145,0
20,18,2,3,0,14,1,0,0,0.7,1
20,15,5,3,0,13,1,0,1,0.65,1
21,19,2,3,0,15,1,0,0,0.714,1
52,6,46,3,1,13,4,0,0,0.25,0
33,11,22,1,0,0,4,0,0,0.0,0
93,25,68,5,4,6,5,0,0,0.065,1
22,9,13,1,1,0,1,0,0,0.0,0
25,9,16,1,2,0,2,0,0,0.0,0
94,25,69,4,2,5,5,0,0,0.053,1
35,17,18,2,0,4,2,0,0,0.114,1
34,12,22,1,0,0,3,0,0,0.0,0
32,13,19,4,0,20,1,0,1,0.625,1
52,6,46,3,1,11,4,0,0,0.212,0
21,10,11,1,0,0,1,0,0,0.0,0
31,17,14,2,0,2,2,0,0,0.065,1
95,9,86,2,10,0,4,0,0,0.0,0
41,6,35,1,2,0,3,0,0,0.0,0
34,12,22,4,0,13,2,0,1,0.382,1
24,15,9,1,0,0,1,0,0,0.0,0
55,49,6,3,2,3,1,0,0,0.055,1
110,25,85,5,6,3,6,0,0,0.027,1
28,9,19,2,0,0,4,0,0,0.0,0
34,10,24,1,0,0,3,0,0,0.0,0
30,15,15,1,0,0,2,0,0,0.0,0
48,14,34,5,0,11,2,0,1,0.229,1
20,18,2,3,0,14,1,0,0,0.7,1
27,20,7,4,0,16,1,0,0,0.593,1
47,9,38,2,1,0,5,0,0,0.0,0
44,7,37,1,3,0,3,0,0,0.0,0
58,13,45,4,0,32,2,0,1,0.552,1
24,11,13,1,0,0,2,0,0,0.0,0
18,9,9,1,0,0,1,0,0,0.0,0
19,14,5,3,0,12,1,0,1,0.632,1
37,11,26,1,1,0,3,0,0,0.0,0
127,7,120,2,16,9,4,0,0,0.071,0
51,11,40,1,2,0,5,0,0,0.0,0
20,18,2,3,0,14,1,0,0,0.7,1
51,7,44,1,4,10,5,0,0,0.196,0
20,18,2,3,0,14,1,0,0,0.7,1
41,11,30,1,0,5,2,0,0,0.122,0
62,55,7,3,3,8,2,0,0,0.129,1
42,11,31,1,3,0,4,0,0,0.0,0
56,11,45,2,2,0,2,0,0,0.0,0
28,13,15,4,0,14,2,0,1,0.5,1
12,8,4,1,0,0,1,0,0,0.0,0
86,25,61,4,2,5,5,0,0,0.058,1
22,7,15,1,1,0,2,0,0,0.0,0
128,25,103,4,9,4,6,0,0,0.031,1
54,12,42,1,1,0,4,0,0,0.0,0
16,9,7,1,0,0,1,0,0,0.0,0
24,10,14,1,0,0,2,0,0,0.0,0
25,17,8,4,0,13,1,0,0,0.52,1
50,12,38,2,0,11,4,0,0,0.22,0
29,10,19,1,1,0,2,0,0,0.0,0
31,11,20,1,0,0,4,0,0,0.0,0
29,12,17,4,0,13,2,0,1,0.448,1
65,7,58,1,4,8,5,0,0,0.123,0
36,12,24,1,0,0,4,0,0,0.0,0
32,17,15,1,0,2,2,0,0,0.062,1
79,12,67,2,4,4,4,0,0,0.051,0
17,12,5,3,0,9,1,0,1,0.529,1
23,7,16,2,0,1,2,0,0,0.043,0
27,15,12,4,0,11,1,0,0,0.407,1
38,10,28,1,1,0,3,0,0,0.0,0
21,19,2,3,0,15,1,0,0,0.714,1
26,15,11,1,0,0,1,0,0,0.0,0
24,17,7,4,0,13,1,0,0,0.542,1
35,15,20,1,1,1,3,0,0,0.029,0
22,20,2,3,0,16,1,0,0,0.727,1
107,10,97,3,1,45,3,0,0,0.421,0
31,15,16,1,0,0,3,0,0,0.0,0
55,9,46,2,2,0,4,0,0,0.0,0
43,12,31,2,4,19,3,0,0,0.442,0
11,6,5,1,0,0,1,0,0,0.0,0
40,6,34,1,5,0,2,0,0,0.0,0
22,20,2,3,0,16,1,0,0,0.727,1
108,25,83,4,0,9,9,0,0,0.083,1
79,25,54,4,0,2,5,0,0,0.025,1
43,6,37,2,2,2,3,0,0,0.047,0
21,19,2,3,0,15,1,0,0,0.714,1
48,14,34,5,0,11,2,0,1,0.229,1
37,13,24,1,1,0,2,0,0,0.0,0
28,21,7,4,0,17,1,0,0,0.607,1
34,15,19,1,1,0,3,0,0,0.0,0
27,20,7,4,0,16,1,0,0,0.593,1
35,9,26,2,0,0,5,0,0,0.0,0
16,11,5,1,0,0,1,0,0,0.0,0
111,25,86,5,3,3,5,0,0,0.027,1
37,10,27,2,1,0,2,0,0,0.0,0
27,20,7,4,0,16,1,0,0,0.593,1
42,9,33,2,0,0,5,0,0,0.0,0
22,11,11,1,0,0,2,0,0,0.0,0
48,7,41,1,2,8,5,0,0,0.167,0
39,11,28,1,1,0,2,0,0,0.0,0
41,12,29,1,1,0,2,0,0,0.0,0
73,25,48,4,3,7,5,0,0,0.096,1
47,21,26,1,0,0,5,0,0,0.0,0
108,6,102,4,5,5,6,0,0,0.046,0
17,12,5,3,0,12,1,0,1,0.706,1
62,7,55,1,5,8,5,0,0,0.129,0
16,10,6,1,0,0,1,0,0,0.0,0
39,12,27,4,0,27,2,0,1,0.692,1
37,12,25,2,1,4,2,0,0,0.108,0
21,19,2,3,0,15,1,0,0,0.714,1
32,13,19,2,0,0,2,0,0,0.0,0
23,21,2,3,0,17,1,0,0,0.739,1
23,21,2,3,0,17,1,0,0,0.739,1
46,10,36,2,3,4,2,0,0,0.087,0
21,19,2,3,0,15,1,0,0,0.714,1
16,8,8,1,0,0,2,0,0,0.0,0
38,10,28,2,1,5,2,0,0,0.132,0
42,10,32,1,1,0,3,0,0,0.0,0
130,25,105,4,3,5,5,0,0,0.038,1
121,25,96,4,3,8,5,0,0,0.066,1
111,25,86,4,4,2,6,0,0,0.018,1
19,12,7,3,0,11,1,0,1,0.579,1
16,9,7,1,0,0,1,0,0,0.0,0
28,12,16,3,0,13,2,0,1,0.464,1
49,6,43,3,1,2,3,0,0,0.041,0
40,16,24,1,1,0,3,0,0,0.0,0
26,19,7,4,0,15,1,0,0,0.577,1
27,20,7,4,0,16,1,0,0,0.593,1
28,19,9,4,0,15,1,0,0,0.536,1
28,10,18,1,0,0,2,0,0,0.0,0
27,20,7,4,0,16,1,0,0,0.593,1
81,25,56,4,1,6,7,0,0,0.074,1
34,14,20,4,0,11,2,0,1,0.324,1
28,21,7,4,0,17,1,0,0,0.607,1
30,13,17,4,0,14,2,0,1,0.467,1
121,25,96,5,7,6,6,0,0,0.05,1
41,9,32,1,2,0,2,0,0,0.0,0
40,17,23,2,0,4,2,0,0,0.1,1
32,15,17,1,0,0,3,0,0,0.0,0
21,19,2,3,0,15,1,0,0,0.714,1
28,10,18,2,0,2,2,0,0,0.071,0
20,12,8,1,0,0,2,0,0,0.0,0
68,24,44,2,4,21,1,0,0,0.309,1
36,11,25,1,1,0,1,0,0,0.0,0
21,10,11,2,2,0,1,0,0,0.0,0
49,17,32,2,0,4,2,0,0,0.082,1
62,25,37,2,4,19,1,0,0,0.306,1
16,10,6,1,0,0,1,0,0,0.0,0
23,14,9,1,0,0,2,0,0,0.0,0
33,11,22,1,0,0,4,0,0,0.0,0
23,21,2,3,0,17,1,0,0,0.739,1
27,13,14,4,0,12,2,0,1,0.444,1
25,18,7,4,0,14,1,0,0,0.56,1
41,9,32,2,1,0,5,0,0,0.0,0
28,10,18,1,2,0,2,0,0,0.0,0
29,10,19,1,0,0,3,0,0,0.0,0
87,25,62,4,4,5,5,0,0,0.057,1
58,21,37,2,4,24,1,0,0,0.414,1
22,20,2,3,0,16,1,0,0,0.727,1
49,15,34,5,0,12,2,0,1,0.245,1
25,18,7,4,0,14,1,0,0,0.56,1
30,12,18,1,0,0,3,0,0,0.0,0
32,9,23,2,0,3,3,0,0,0.094,0
25,10,15,1,1,0,2,0,0,0.0,0
41,7,34,2,2,0,3,0,0,0.0,0
28,10,18,2,0,1,2,0,0,0.036,0
55,10,45,1,4,0,2,0,0,0.0,0
27,10,17,2,0,0,2,0,0,0.0,0
54,9,45,2,0,0,6,0,0,0.0,0
36,10,26,1,1,0,2,0,0,0.0,0
169,9,160,5,1,22,12,0,0,0.13,0
33,11,22,1,2,0,3,0,0,0.0,0
33,11,22,1,0,0,3,0,0,0.0,0
61,17,44,2,4,23,1,0,0,0.377,1
76,25,51,4,3,5,5,0,0,0.066,1
37,15,22,1,1,0,2,0,0,0.0,0
25,18,7,4,0,14,1,0,0,0.56,1
14,9,5,1,0,0,2,0,0,0.0,0
26,19,7,4,0,15,1,0,0,0.577,1
48,11,37,2,0,6,4,0,0,0.125,0
28,13,15,4,0,12,1,0,1,0.429,1
69,25,44,4,0,2,5,0,0,0.029,1
35,19,16,1,1,0,2,0,0,0.0,0
27,15,12,1,0,0,3,0,0,0.0,0
21,19,2,3,0,15,1,0,0,0.714,1
26,19,7,4,0,15,1,0,0,0.577,1
26,12,14,4,0,13,1,0,1,0.5,1
54,17,37,2,4,21,1,0,0,0.389,1
37,12,25,2,2,0,2,0,0,0.0,0
22,9,13,1,0,0,2,0,0,0.0,0
36,15,21,5,0,19,1,0,1,0.528,1
30,9,21,2,0,2,3,0,0,0.067,0
115,25,90,4,3,4,5,0,0,0.035,1
22,10,12,1,0,0,2,0,0,0.0,0
20,10,10,1,0,0,2,0,0,0.0,0
18,16,2,3,0,12,1,0,0,0.667,1
20,7,13,1,0,5,4,0,0,0.25,0
41,20,21,1,2,3,3,0,0,0.073,0
23,12,11,3,0,13,1,0,1,0.565,1
24,10,14,2,0,0,1,0,0,0.0,0
19,17,2,3,0,13,1,0,0,0.684,1
61,13,48,4,1,28,3,0,1,0.459,1
22,20,2,3,0,16,1,0,0,0.727,1
16,11,5,1,0,0,1,0,0,0.0,0
24,17,7,4,0,13,1,0,0,0.542,1
27,20,7,4,0,16,1,0,0,0.593,1
16,11,5,1,0,0,1,0,0,0.0,0
20,18,2,3,0,14,1,0,0,0.7,1
28,8,20,1,2,0,1,0,0,0.0,0
35,20,15,4,0,16,2,0,0,0.457,1
59,11,48,1,3,0,5,0,0,0.0,0
55,10,45,1,2,0,3,0,0,0.0,0
159,9,150,5,3,22,10,0,0,0.138,0
94,25,69,5,3,7,5,0,0,0.074,1
21,10,11,1,0,0,2,0,0,0.0,0
17,5,12,1,0,1,2,0,0,0.059,1
22,20,2,3,0,16,1,0,0,0.727,1
19,11,8,1,0,0,1,0,0,0.0,0
23,21,2,3,0,17,1,0,0,0.739,1
35,24,11,3,0,3,2,0,0,0.086,1
22,10,12,1,1,0,1,0,0,0.0,0
33,11,22,1,1,0,3,0,0,0.0,0
125,25,100,6,8,4,7,0,0,0.032,1
70,26,44,2,4,20,1,0,0,0.286,1
46,12,34,5,0,9,2,0,1,0.196,1
27,14,13,2,0,0,2,0,0,0.0,1
15,6,9,1,0,0,1,0,0,0.0,0
33,11,22,1,2,0,4,0,0,0.0,0
78,25,53,5,1,3,5,0,0,0.038,1
25,18,7,4,0,14,1,0,0,0.56,1
34,12,22,1,0,0,2,0,0,0.0,0
30,10,20,1,0,0,2,0,0,0.0,0
23,21,2,3,0,17,1,0,0,0.739,1
26,9,17,1,0,0,2,0,0,0.0,0
103,25,78,4,5,5,5,0,0,0.049,1
109,9,100,3,6,6,6,0,0,0.055,0
22,20,2,3,0,16,1,0,0,0.727,1
19,13,6,3,0,10,1,0,1,0.526,1
20,15,5,3,0,12,1,0,1,0.6,1
20,18,2,3,0,14,1,0,0,0.7,1
103,25,78,4,5,2,6,0,0,0.019,1
122,25,97,4,8,5,5,0,0,0.041,1
69,25,44,2,4,26,1,0,0,0.377,1
98,25,73,4,2,3,5,0,0,0.031,1
18,14,4,3,0,11,1,0,1,0.611,1
131,25,106,4,6,13,6,0,0,0.099,1
44,16,28,1,2,0,3,0,0,0.0,0
18,14,4,3,0,12,1,0,1,0.667,1
67,30,37,2,4,15,1,0,0,0.224,1
43,12,31,1,0,0,5,0,0,0.0,0
25,15,10,1,0,0,3,0,0,0.0,0
18,6,12,1,0,0,1,0,0,0.0,0
31,9,22,1,1,0,1,0,0,0.0,0
31,15,16,1,0,0,3,0,0,0.0,0
43,9,34,1,1,0,3,0,0,0.0,0
26,19,7,4,0,15,1,0,0,0.577,1
69,12,57,3,1,1,6,0,0,0.014,0
56,10,46,1,3,0,3,0,0,0.0,0
28,15,13,1,0,0,1,0,0,0.0,0
70,33,37,2,4,18,1,0,0,0.257,1
31,12,19,4,0,13,2,0,1,0.419,1
50,14,36,1,2,0,3,0,0,0.0,0
19,10,9,1,0,0,1,0,0,0.0,0
20,15,5,3,0,12,1,0,1,0.6,1
41,12,29,4,0,27,2,0,1,0.659,1
19,11,8,1,0,0,1,0,0,0.0,0
33,10,23,1,3,0,2,0,0,0.0,0
23,21,2,3,0,17,1,0,0,0.739,1
77,25,52,4,1,5,5,0,0,0.065,1
37,10,27,1,2,0,2,0,0,0.0,0
33,10,23,1,1,0,1,0,0,0.0,0
23,6,17,1,0,0,2,0,0,0.0,0
25,15,10,1,0,0,2,0,0,0.0,0
97,25,72,4,3,5,5,0,0,0.052,1
40,20,20,3,1,16,2,0,0,0.4,1
52,6,46,3,1,11,4,0,0,0.212,0
26,19,7,4,0,15,1,0,0,0.577,1
130,9,121,2,15,9,4,0,0,0.069,0
90,25,65,4,3,6,5,0,0,0.067,1
60,11,49,2,3,1,4,0,0,0.017,0
23,21,2,3,0,17,1,0,0,0.739,1
48,11,37,2,0,5,4,0,0,0.104,0
19,15,4,3,0,13,1,0,1,0.684,1
24,13,11,4,0,12,1,0,1,0.5,1
62,11,51,1,5,0,4,0,0,0.0,0
19,12,7,3,0,13,1,0,1,0.684,1
21,19,2,3,0,15,1,0,0,0.714,1
21,19,2,3,0,15,1,0,0,0.714,1
28,21,7,4,0,17,1,0,0,0.607,1
35,10,25,1,0,0,2,0,0,0.0,0
27,20,7,4,0,16,1,0,0,0.593,1
19,7,12,2,0,0,1,0,0,0.0,0
21,19,2,3,0,15,1,0,0,0.714,1
23,21,2,3,0,17,1,0,0,0.739,1
36,9,27,1,0,0,3,0,0,0.0,0
51,9,42,1,1,0,3,0,0,0.0,0
40,16,24,1,2,0,2,0,0,0.0,0
35,17,18,1,1,0,2,0,0,0.0,0
27,20,7,4,0,16,1,0,0,0.593,1
24,10,14,2,0,0,2,0,0,0.0,0
27,20,7,4,0,16,1,0,0,0.593,1
74,9,65,2,3,1,6,0,0,0.014,0
25,18,7,4,0,14,1,0,0,0.56,1
33,11,22,1,0,0,4,0,0,0.0,0
22,12,10,4,0,9,1,0,1,0.409,1
43,10,33,1,1,0,4,0,0,0.0,0
66,22,44,2,4,22,1,0,0,0.333,1
61,13,48,4,1,27,3,0,1,0.443,1
22,20,2,3,0,16,1,0,0,0.727,1
30,12,18,2,1,4,1,0,0,0.133,0
23,21,2,3,0,17,1,0,0,0.739,1
27,20,7,4,0,16,1,0,0,0.593,1
24,12,12,1,1,0,2,0,0,0.0,0
72,28,44,2,4,24,1,0,0,0.333,1
27,20,7,4,0,16,1,0,0,0.593,1
49,13,36,3,0,10,2,0,1,0.204,1
42,20,22,2,0,0,2,0,0,0.0,1
34,19,15,1,1,0,1,0,0,0.0,0
27,20,7,4,0,16,1,0,0,0.593,1
63,26,37,2,4,25,1,0,0,0.397,1
21,13,8,4,0,11,1,0,1,0.524,1
18,13,5,3,0,10,1,0,1,0.556,1
19,12,7,3,0,11,1,0,1,0.579,1
33,9,24,1,1,0,2,0,0,0.0,0
21,19,2,3,0,15,1,0,0,0.714,1
32,13,19,1,2,0,1,0,0,0.0,0
46,8,38,2,0,11,4,0,0,0.239,0
22,14,8,4,0,11,1,0,1,0.5,1
29,17,12,2,0,3,2,0,0,0.103,1
139,25,114,4,9,6,5,0,0,0.043,1
67,23,44,2,4,27,1,0,0,0.403,1
37,19,18,1,1,0,2,0,0,0.0,0
21,12,9,1,0,0,2,0,0,0.0,0
19,9,10,1,0,0,2,0,0,0.0,0
74,30,44,2,4,23,1,0,0,0.311,1
141,9,132,7,2,21,5,0,0,0.149,0
26,19,7,4,0,15,1,0,0,0.577,1
42,17,25,2,0,4,2,0,0,0.095,1
28,9,19,2,0,0,4,0,0,0.0,0
45,7,38,1,3,0,4,0,0,0.0,0
32,8,24,1,1,0,1,0,0,0.0,0
15,11,4,1,0,0,2,0,0,0.0,0
22,20,2,3,0,16,1,0,0,0.727,1
32,14,18,4,0,13,2,0,1,0.406,1
26,13,13,4,0,14,1,0,1,0.538,1
44,11,33,1,4,2,4,0,0,0.045,0
58,10,48,3,1,6,4,0,0,0.103,0
26,19,7,4,0,15,1,0,0,0.577,1
17,12,5,1,0,0,1,0,0,0.0,0
95,25,70,4,2,4,5,0,0,0.042,1
22,14,8,4,0,12,1,0,1,0.545,1
23,21,2,3,0,17,1,0,0,0.739,1
29,14,15,1,0,0,3,0,0,0.0,0
43,17,26,2,0,4,2,0,0,0.093,1
28,9,19,1,2,0,2,0,0,0.0,0
21,14,7,1,0,0,2,0,0,0.0,0
50,16,34,4,0,9,3,0,0,0.18,0
75,25,50,4,3,4,5,0,0,0.053,1
46,14,32,1,2,0,3,0,0,0.0,0
20,18,2,3,0,14,1,0,0,0.7,1
19,12,7,3,0,10,1,0,1,0.526,1
21,19,2,3,0,15,1,0,0,0.714,1
32,17,15,2,0,2,1,0,0,0.062,1
48,20,28,2,0,2,2,0,0,0.042,1
139,25,114,4,6,6,5,0,0,0.043,1
32,9,23,1,1,0,2,0,0,0.0,0
26,6,20,1,1,0,2,0,0,0.0,0
54,16,38,2,0,11,4,0,0,0.204,0
49,6,43,2,1,1,3,0,0,0.02,0
19,12,7,3,0,14,1,0,1,0.737,1
93,35,58,13,0,6,1,0,0,0.065,1
28,21,7,4,0,17,1,0,0,0.607,1
30,13,17,4,0,14,2,0,1,0.467,1
138,25,113,5,12,5,5,0,0,0.036,1
21,19,2,3,0,15,1,0,0,0.714,1
42,6,36,2,1,2,3,0,0,0.048,0
20,15,5,3,0,13,1,0,1,0.65,1
106,17,89,3,0,10,5,0,0,0.094,1
143,9,134,7,2,21,6,0,0,0.147,0
48,11,37,1,2,0,4,0,0,0.0,0
99,25,74,4,1,6,5,0,0,0.061,1
51,10,41,1,1,0,3,0,0,0.0,0
22,6,16,1,0,0,2,0,0,0.0,0
31,15,16,1,0,0,2,0,0,0.0,0
26,19,7,4,0,15,1,0,0,0.577,1
68,24,44,2,4,19,1,0,0,0.279,1
36,9,27,2,0,5,3,0,0,0.139,0
93,25,68,4,1,5,5,0,0,0.054,1
68,7,61,1,2,6,5,0,0,0.088,0
19,11,8,1,0,0,1,0,0,0.0,0
21,19,2,3,0,15,1,0,0,0.714,1
15,11,4,1,0,0,2,0,0,0.0,0
47,10,37,2,5,0,1,0,0,0.0,0
70,12,58,1,3,0,4,0,0,0.0,0
27,9,18,2,0,0,2,0,0,0.0,1
48,11,37,2,0,8,4,0,0,0.167,0
25,18,7,4,0,14,1,0,0,0.56,1
20,11,9,2,1,0,1,0,0,0.0,0
60,16,44,2,4,18,1,0,0,0.3,1
20,15,5,3,0,12,1,0,1,0.6,1
20,7,13,1,0,5,4,0,0,0.25,0
29,6,23,1,1,0,2,0,0,0.0,0
32,6,26,1,1,0,2,0,0,0.0,0
18,15,3,1,0,0,1,0,0,0.0,0
62,18,44,2,4,24,1,0,0,0.387,1
57,12,45,1,2,0,3,0,0,0.0,0
49,15,34,5,0,12,2,0,1,0.245,1
37,15,22,1,0,0,3,0,0,0.0,0
25,18,7,4,0,14,1,0,0,0.56,1
24,17,7,3,0,14,1,0,0,0.583,1
60,23,37,2,4,17,1,0,0,0.283,1
28,10,18,2,0,1,2,0,0,0.036,0
39,10,29,2,1,6,2,0,0,0.154,0
64,20,44,2,4,20,1,0,0,0.312,1
61,55,6,3,3,8,1,0,0,0.131,1
47,13,34,5,0,10,2,0,1,0.213,1
21,15,6,1,0,0,1,0,0,0.0,0
116,11,105,2,12,13,5,0,0,0.112,0
24,9,15,2,0,0,1,0,0,0.0,0
92,25,67,4,3,6,5,0,0,0.065,1
20,18,2,3,0,14,1,0,0,0.7,1
30,11,19,1,0,0,2,0,0,0.0,0
28,21,7,4,0,17,1,0,0,0.607,1
59,7,52,1,4,8,5,0,0,0.136,0
79,11,68,2,3,0,4,0,0,0.0,0
116,11,105,2,10,13,5,0,0,0.112,0
42,15,27,1,0,0,4,0,0,0.0,0
20,7,13,1,0,5,4,0,0,0.25,0
52,7,45,1,6,0,3,0,0,0.0,0
35,7,28,2,0,0,3,0,0,0.0,0
27,12,15,4,0,14,2,0,1,0.519,1
29,15,14,2,0,4,2,0,0,0.138,1
17,9,8,2,0,0,1,0,0,0.0,0
56,19,37,2,4,25,1,0,0,0.446,1
30,9,21,1,0,0,3,0,0,0.0,0
13,6,7,1,0,0,1,0,0,0.0,0
25,9,16,1,0,0,2,0,0,0.0,0
22,20,2,3,0,16,1,0,0,0.727,1
18,11,7,3,0,14,1,0,1,0.778,1
29,10,19,1,0,0,2,0,0,0.0,0
76,25,51,5,2,5,5,0,0,0.066,1
50,13,37,3,0,12,2,0,1,0.24,1
21,19,2,3,0,15,1,0,0,0.714,1
24,6,18,1,1,0,2,0,0,0.0,0
21,9,12,1,0,0,1,0,0,0.0,0
122,25,97,4,3,2,6,0,0,0.016,1
31,15,16,2,0,0,1,0,0,0.0,1
18,6,12,2,0,1,1,0,0,0.056,0
91,17,74,1,9,0,2,0,0,0.0,0
19,14,5,3,0,11,1,0,1,0.579,1
87,9,78,2,1,8,7,0,0,0.092,1
32,10,22,1,0,0,2,0,0,0.0,0
66,11,55,2,3,0,4,0,0,0.0,0
21,19,2,3,0,15,1,0,0,0.714,1
21,19,2,3,0,15,1,0,0,0.714,1
76,21,55,2,0,27,2,0,0,0.355,1
24,14,10,3,0,12,2,0,1,0.5,1
19,11,8,1,0,0,2,0,0,0.0,0
23,21,2,3,0,17,1,0,0,0.739,1
18,11,7,1,1,0,2,0,0,0.0,0
110,7,103,5,4,24,4,0,0,0.218,0
21,12,9,1,0,0,1,0,0,0.0,0
40,11,29,1,0,6,2,0,0,0.15,0
34,6,28,1,2,0,2,0,0,0.0,0
30,14,16,4,0,13,2,0,1,0.433,1
73,7,66,2,5,6,5,0,0,0.082,0
35,10,25,1,1,0,3,0,0,0.0,0
45,12,33,1,2,0,2,0,0,0.0,0
167,25,142,4,15,8,5,0,0,0.048,1
36,12,24,1,1,0,1,0,0,0.0,0
26,6,20,1,0,0,2,0,0,0.0,0
71,27,44,2,4,20,1,0,0,0.282,1
62,25,37,2,4,11,1,0,0,0.177,1
15,9,6,1,1,0,2,0,0,0.0,0
25,11,14,1,1,0,3,0,0,0.0,0
28,10,18,2,0,0,2,0,0,0.0,0
61,24,37,2,4,18,1,0,0,0.295,1
16,11,5,1,0,0,2,0,0,0.0,0
19,12,7,3,0,11,1,0,1,0.579,1
48,17,31,1,1,0,2,0,0,0.0,0
107,25,82,4,6,2,5,0,0,0.019,1
35,16,19,1,1,0,3,0,0,0.0,0
18,11,7,3,0,11,1,0,1,0.611,1
24,7,17,2,1,0,1,0,0,0.0,0
20,10,10,1,0,0,2,0,0,0.0,0
50,15,35,1,2,0,4,0,0,0.0,0
31,15,16,1,0,0,2,0,0,0.0,0
86,25,61,4,2,4,6,0,0,0.047,1
23,10,13,1,1,0,2,0,0,0.0,0
23,13,10,3,0,11,2,0,1,0.478,1
84,25,59,4,0,2,5,0,0,0.024,1
26,9,17,1,0,0,3,0,0,0.0,0
45,12,33,1,0,0,5,0,0,0.0,0
29,12,17,4,0,11,2,0,1,0.379,1
104,25,79,5,4,6,5,0,0,0.058,1
25,18,7,4,0,14,1,0,0,0.56,1
46,14,32,1,2,0,3,0,0,0.0,0
34,6,28,2,1,4,2,0,0,0.118,0
19,12,7,3,0,12,1,0,1,0.632,1
41,7,34,2,1,4,3,0,0,0.098,0
30,12,18,4,0,11,2,0,1,0.367,1
73,25,48,4,0,6,5,0,0,0.082,1
15,11,4,1,0,0,2,0,0,0.0,0
96,25,71,4,2,4,6,0,0,0.042,1
43,17,26,2,0,18,2,0,0,0.419,1
18,13,5,3,0,12,1,0,1,0.667,1
112,25,87,5,4,6,5,0,0,0.054,1
24,17,7,4,0,13,1,0,0,0.542,1
62,18,44,2,4,26,1,0,0,0.419,1
19,12,7,3,0,13,1,0,1,0.684,1
55,7,48,1,3,8,5,0,0,0.145,0
27,20,7,4,0,16,1,0,0,0.593,1
27,20,7,4,0,16,1,0,0,0.593,1
27,13,14,4,0,10,2,0,1,0.37,1
48,10,38,1,1,0,4,0,0,0.0,0
127,25,102,5,4,5,5,0,0,0.039,1
29,18,11,1,2,0,3,0,0,0.0,0
53,14,39,1,3,0,3,0,0,0.0,0
106,25,81,4,5,6,6,0,0,0.057,1
29,10,19,1,0,0,2,0,0,0.0,0
100,25,75,4,1,2,6,0,0,0.02,1
105,11,94,2,5,25,3,0,0,0.238,0
27,14,13,4,0,15,2,0,1,0.556,1
59,22,37,2,4,14,1,0,0,0.237,1
27,20,7,4,0,16,1,0,0,0.593,1
10,4,6,1,0,0,1,0,0,0.0,0
30,19,11,4,0,15,1,0,0,0.5,1
20,11,9,2,0,0,1,0,0,0.0,0
23,14,9,1,0,0,2,0,0,0.0,0
21,19,2,3,0,15,1,0,0,0.714,1
17,12,5,3,0,9,1,0,1,0.529,1
18,14,4,3,0,11,1,0,1,0.611,1
97,25,72,5,4,5,5,0,0,0.052,1
72,16,56,2,0,8,1,0,0,0.111,1
22,20,2,3,0,16,1,0,0,0.727,1
93,25,68,4,0,2,5,0,0,0.022,1
18,12,6,1,0,0,1,0,0,0.0,0
26,19,7,4,0,15,1,0,0,0.577,1
36,9,27,2,0,3,3,0,0,0.083,0
49,11,38,2,0,5,4,0,0,0.102,0
29,11,18,1,2,0,2,0,0,0.0,0
31,12,19,1,1,0,3,0,0,0.0,0
71,34,37,2,4,22,1,0,0,0.31,1
37,9,28,1,0,0,3,0,0,0.0,0
26,10,16,1,1,0,2,0,0,0.0,0
143,25,118,5,4,6,8,0,0,0.042,1
49,13,36,1,3,0,1,0,0,0.0,0
71,14,57,1,5,0,4,0,0,0.0,0
72,37,35,4,5,10,2,0,0,0.139,1
26,11,15,1,1,0,3,0,0,0.0,0
49,10,39,1,1,0,4,0,0,0.0,0
48,11,37,3,0,7,4,0,0,0.146,0
22,20,2,3,0,16,1,0,0,0.727,1
116,25,91,4,3,5,6,0,0,0.043,1
27,20,7,4,0,16,1,0,0,0.593,1
21,19,2,3,0,15,1,0,0,0.714,1
64,20,44,2,4,19,1,0,0,0.297,1
16,12,4,3,0,11,1,0,1,0.688,1
59,22,37,2,4,14,1,0,0,0.237,1
22,20,2,3,0,16,1,0,0,0.727,1
27,10,17,1,1,0,2,0,0,0.0,0
138,25,113,6,0,7,7,0,0,0.051,1
55,7,48,1,2,0,4,0,0,0.0,0
119,6,113,4,7,6,6,0,0,0.05,0
128,15,113,1,9,6,5,0,0,0.047,0
27,20,7,4,0,16,1,0,0,0.593,1
86,25,61,4,1,2,5,0,0,0.023,1
26,19,7,4,0,15,1,0,0,0.577,1
31,13,18,1,1,0,1,0,0,0.0,0
45,6,39,3,1,0,3,0,0,0.0,0
26,19,7,4,0,15,1,0,0,0.577,1
48,11,37,2,0,7,4,0,0,0.146,0
19,12,7,3,0,13,1,0,1,0.684,1
37,9,28,2,0,0,2,0,0,0.0,0
21,19,2,3,0,15,1,0,0,0.714,1
84,25,59,4,2,2,5,0,0,0.024,1
112,25,87,5,4,2,5,0,0,0.018,1
55,9,46,3,1,13,4,0,0,0.236,0
26,12,14,1,0,5,2,0,0,0.192,0
46,15,31,4,0,15,2,0,1,0.326,1
32,15,17,1,0,0,2,0,0,0.0,0
18,15,3,1,0,0,1,0,0,0.0,0
40,9,31,2,1,0,4,0,0,0.0,0
35,15,20,4,0,12,2,0,1,0.343,1
17,11,6,1,0,0,1,0,0,0.0,0
69,14,55,1,5,0,4,0,0,0.0,0
111,25,86,4,1,4,6,0,0,0.036,1
25,12,13,3,0,10,2,0,1,0.4,1
93,25,68,4,4,9,5,0,0,0.097,1
29,14,15,3,0,0,2,0,0,0.0,1
41,9,32,3,1,1,2,0,0,0.024,0
20,7,13,2,0,0,1,0,0,0.0,0
27,20,7,4,0,16,1,0,0,0.593,1
128,25,103,4,3,5,8,0,0,0.039,1
21,19,2,3,0,15,1,0,0,0.714,1
99,25,74,4,3,5,5,0,0,0.051,1
30,10,20,2,0,0,2,0,0,0.0,0
24,7,17,1,0,0,2,0,0,0.0,0
25,11,14,1,0,0,3,0,0,0.0,0
60,23,37,2,4,13,1,0,0,0.217,1
24,14,10,3,0,14,2,0,1,0.583,1
35,11,24,1,0,0,4,0,0,0.0,0
20,10,10,1,0,0,2,0,0,0.0,0
21,19,2,3,0,15,1,0,0,0.714,1
25,15,10,1,0,0,3,0,0,0.0,0
23,17,6,1,0,0,1,0,0,0.0,0
20,15,5,3,0,12,1,0,1,0.6,1
18,10,8,1,0,0,1,0,0,0.0,0
97,25,72,4,6,2,5,0,0,0.021,1
25,7,18,1,0,0,3,0,0,0.0,0
35,11,24,1,1,0,2,0,0,0.0,0
23,14,9,3,0,11,2,0,1,0.478,1
53,11,42,1,4,0,4,0,0,0.0,0
18,15,3,1,0,0,1,0,0,0.0,0
20,12,8,1,0,0,2,0,0,0.0,0
19,5,14,2,0,0,1,0,0,0.0,0
41,20,21,2,0,0,2,0,0,0.0,1
22,20,2,3,0,16,1,0,0,0.727,1
34,21,13,1,0,0,4,0,0,0.0,0
21,10,11,1,0,0,2,0,0,0.0,0
39,11,28,1,3,0,4,0,0,0.0,0
62,9,53,2,4,5,5,0,0,0.081,0
74,30,44,2,4,21,1,0,0,0.284,1
21,19,2,3,0,15,1,0,0,0.714,1
27,20,7,4,0,16,1,0,0,0.593,1
26,19,7,4,0,15,1,0,0,0.577,1
45,10,35,2,1,1,3,0,0,0.022,0
42,7,35,1,1,0,4,0,0,0.0,0
79,11,68,1,3,7,5,0,0,0.089,0
25,12,13,4,0,9,1,0,1,0.36,1
60,13,47,4,0,14,2,0,1,0.233,1
24,13,11,3,0,12,2,0,1,0.5,1
81,25,56,5,2,3,5,0,0,0.037,1
20,15,5,3,0,13,1,0,1,0.65,1
103,25,78,4,0,4,5,0,0,0.039,1
129,25,104,4,8,7,5,0,0,0.054,1
115,25,90,4,0,4,9,0,0,0.035,1
17,12,5,3,0,9,1,0,1,0.529,1
26,19,7,4,0,15,1,0,0,0.577,1
110,25,85,4,2,3,5,0,0,0.027,1
64,11,53,2,3,1,4,0,0,0.016,0
35,11,24,1,3,0,4,0,0,0.0,0
47,13,34,5,0,10,2,0,1,0.213,1
58,13,45,4,0,29,2,0,1,0.5,1
40,11,29,1,1,0,3,0,0,0.0,0
110,65,45,5,0,26,2,0,0,0.236,1
72,16,56,2,1,5,1,0,0,0.069,1
36,15,21,1,1,0,3,0,0,0.0,0
74,25,49,4,2,2,5,0,0,0.027,1
107,25,82,4,0,2,5,0,0,0.019,1
66,22,44,2,4,21,1,0,0,0.318,1
39,10,29,1,2,0,2,0,0,0.0,0
36,15,21,1,1,0,2,0,0,0.0,0
36,17,19,2,0,4,2,0,0,0.111,1
27,10,17,1,0,0,1,0,0,0.0,0
48,11,37,3,2,5,4,0,0,0.104,0
42,15,27,1,1,0,2,0,0,0.0,0
83,25,58,4,3,4,5,0,0,0.048,1
19,12,7,3,0,14,1,0,1,0.737,1
22,12,10,1,0,0,1,0,0,0.0,0
33,14,19,4,0,17,2,0,1,0.515,1
22,12,10,1,0,0,1,0,0,0.0,0
30,13,17,4,0,11,2,0,1,0.367,1
27,20,7,4,0,16,1,0,0,0.593,1
26,19,7,4,0,16,1,0,0,0.615,1
33,17,16,2,0,2,2,0,0,0.061,1
77,25,52,4,1,2,6,0,0,0.026,1
88,25,63,4,0,5,5,0,0,0.057,1
81,25,56,4,3,2,5,0,0,0.025,1
26,19,7,4,0,15,1,0,0,0.577,1
19,7,12,1,0,0,2,0,0,0.0,0
124,25,99,4,1,2,5,0,0,0.016,1
19,12,7,3,0,13,1,0,1,0.684,1
37,10,27,2,1,4,2,0,0,0.108,0
19,9,10,1,0,0,1,0,0,0.0,0
32,9,23,2,0,0,4,0,0,0.0,1
94,25,69,4,4,4,5,0,0,0.043,1
27,13,14,4,0,12,1,0,1,0.444,1
82,7,75,1,6,8,6,0,0,0.098,0
37,11,26,1,0,0,4,0,0,0.0,0
34,11,23,1,2,0,2,0,0,0.0,0
21,19,2,3,0,15,1,0,0,0.714,1
35,14,21,1,0,0,3,0,0,0.0,0
33,12,21,4,0,11,2,0,1,0.333,1
16,11,5,3,0,8,1,0,1,0.5,1
97,9,88,3,4,0,6,0,0,0.0,0
33,6,27,1,1,0,3,0,0,0.0,0
28,14,14,1,1,0,2,0,0,0.0,0
96,25,71,4,5,4,5,0,0,0.042,1
29,13,16,4,0,13,2,0,1,0.448,1
92,25,67,4,4,5,5,0,0,0.054,1
39,21,18,3,2,2,2,0,0,0.051,1
59,22,37,2,4,21,1,0,0,0.356,1
26,19,7,4,0,15,1,0,0,0.577,1
67,10,57,1,3,0,3,0,0,0.0,0
30,12,18,1,0,4,1,0,0,0.133,1
27,20,7,4,0,16,1,0,0,0.593,1
35,11,24,1,1,0,4,0,0,0.0,0
62,16,46,3,1,13,4,0,0,0.21,0
27,16,11,4,0,13,1,0,0,0.481,1
106,25,81,5,6,5,5,0,0,0.047,1
27,15,12,1,0,0,2,0,0,0.0,0
30,12,18,1,2,0,2,0,0,0.0,0
38,13,25,4,0,12,2,0,1,0.316,1
85,25,60,4,0,5,5,0,0,0.059,1
24,15,9,1,0,0,2,0,0,0.0,0
24,17,7,4,0,13,1,0,0,0.542,1
100,25,75,5,2,6,5,0,0,0.06,1
27,14,13,1,0,0,3,0,0,0.0,0
28,9,19,2,0,0,4,0,0,0.0,0
61,13,48,4,1,29,3,0,1,0.475,1
44,9,35,1,1,0,3,0,0,0.0,0
48,10,38,1,2,0,3,0,0,0.0,0
24,15,9,1,0,0,1,0,0,0.0,0
62,25,37,2,4,18,1,0,0,0.29,1
26,19,7,4,0,15,1,0,0,0.577,1
78,25,53,4,5,5,5,0,0,0.064,1
98,25,73,5,1,3,7,0,0,0.031,1
18,11,7,3,0,10,1,0,1,0.556,1
25,18,7,4,0,14,1,0,0,0.56,1
26,13,13,4,0,10,2,0,1,0.385,1
22,20,2,3,0,16,1,0,0,0.727,1
19,13,6,1,0,0,1,0,0,0.0,0
44,10,34,1,2,0,2,0,0,0.0,0
29,10,19,2,0,0,3,0,0,0.0,0
16,12,4,3,0,10,1,0,1,0.625,1
121,9,112,2,9,9,5,0,0,0.074,0
18,11,7,1,0,0,2,0,0,0.0,0
49,10,39,1,2,0,4,0,0,0.0,0
89,11,78,2,2,28,5,0,0,0.315,0
102,25,77,4,4,4,8,0,0,0.039,1
22,20,2,3,0,16,1,0,0,0.727,1
103,25,78,5,3,7,5,0,0,0.068,1
72,37,35,4,5,11,2,0,0,0.153,1
15,11,4,1,0,0,2,0,0,0.0,0
30,13,17,2,0,0,1,0,0,0.0,0
28,9,19,1,2,0,3,0,0,0.0,0
21,19,2,3,0,15,1,0,0,0.714,1
19,13,6,3,0,10,1,0,1,0.526,1
44,19,25,4,0,18,2,0,0,0.409,1
32,15,17,1,0,0,2,0,0,0.0,0
20,18,2,3,0,14,1,0,0,0.7,1
54,9,45,3,1,0,6,0,0,0.0,0
100,25,75,5,5,7,5,0,0,0.07,1
37,20,17,1,1,0,3,0,0,0.0,0
66,7,59,1,5,8,6,0,0,0.121,0
19,12,7,3,0,12,1,0,1,0.632,1
42,24,18,4,1,0,2,0,0,0.0,1
22,12,10,2,0,1,1,0,0,0.045,1
27,20,7,3,0,17,2,0,0,0.63,1
21,19,2,3,0,15,1,0,0,0.714,1
20,18,2,3,0,14,1,0,0,0.7,1
20,18,2,3,0,14,1,0,0,0.7,1
48,11,37,2,1,3,4,0,0,0.062,0
100,11,89,1,7,6,4,0,0,0.06,0
19,15,4,3,0,12,1,0,1,0.632,1
31,10,21,1,0,0,3,0,0,0.0,0
19,12,7,3,0,11,1,0,1,0.579,1
12,8,4,1,0,0,1,0,0,0.0,0
71,9,62,2,2,0,7,0,0,0.0,0
27,11,16,1,1,0,3,0,0,0.0,0
22,11,11,1,1,0,1,0,0,0.0,0
71,27,44,2,4,26,1,0,0,0.366,1
95,11,84,2,4,24,3,0,0,0.253,0
20,14,6,3,0,11,1,0,1,0.55,1
18,14,4,3,0,11,1,0,1,0.611,1
26,19,7,1,0,0,1,0,0,0.0,0
58,14,44,1,3,0,4,0,0,0.0,0
32,9,23,2,0,4,3,0,0,0.125,0
129,25,104,4,11,5,5,0,0,0.039,1
22,20,2,3,0,16,1,0,0,0.727,1
29,14,15,3,0,6,1,0,0,0.207,1
20,18,2,3,0,14,1,0,0,0.7,1
47,14,33,3,0,2,1,0,0,0.043,1
25,10,15,2,1,0,2,0,0,0.0,0
48,13,35,1,2,0,2,0,0,0.0,0
27,13,14,4,0,10,2,0,1,0.37,1
51,12,39,1,5,2,2,0,0,0.039,0
20,18,2,3,0,14,1,0,0,0.7,1
55,7,48,1,0,0,3,0,0,0.0,0
23,11,12,1,0,0,1,0,0,0.0,0
116,25,91,5,6,6,5,0,0,0.052,1
19,13,6,1,0,0,1,0,0,0.0,0
22,20,2,3,0,16,1,0,0,0.727,1
40,9,31,1,0,0,3,0,0,0.0,0
57,6,51,2,1,0,3,0,0,0.0,0
43,7,36,1,2,0,4,0,0,0.0,0
53,13,40,4,0,22,2,0,1,0.415,1
19,14,5,3,0,11,1,0,1,0.579,1
27,20,7,4,0,16,1,0,0,0.593,1
19,12,7,4,0,9,1,0,1,0.474,1
87,25,62,4,1,4,5,0,0,0.046,1
30,7,23,3,0,2,3,0,0,0.067,0
45,7,38,2,0,0,5,0,0,0.0,0
48,11,37,1,2,0,3,0,0,0.0,0
22,20,2,3,0,16,1,0,0,0.727,1
22,7,15,1,0,0,2,0,0,0.0,0
34,9,25,1,1,0,2,0,0,0.0,0
55,18,37,2,4,22,1,0,0,0.4,1
15,10,5,1,1,0,1,0,0,0.0,0
26,19,7,4,0,15,1,0,0,0.577,1
22,11,11,1,0,0,2,0,0,0.0,0
74,7,67,1,5,8,6,0,0,0.108,0
39,15,24,1,2,4,2,0,0,0.103,0
26,9,17,1,0,0,4,0,0,0.0,0
70,7,63,1,4,8,6,0,0,0.114,0
29,19,10,4,0,16,1,0,0,0.552,1
58,29,29,3,0,4,2,0,0,0.069,1
19,13,6,3,0,13,1,0,1,0.684,1
15,11,4,1,0,0,2,0,0,0.0,0
24,15,9,4,0,14,1,0,1,0.583,1
28,10,18,2,0,3,2,0,0,0.107,0
27,20,7,4,0,16,1,0,0,0.593,1
24,19,5,1,0,0,1,0,0,0.0,0
21,19,2,3,0,15,1,0,0,0.714,1
13,6,7,1,0,1,2,0,0,0.077,0
22,20,2,3,0,16,1,0,0,0.727,1
26,19,7,4,0,15,1,0,0,0.577,1
26,19,7,4,0,15,1,0,0,0.577,1
47,14,33,1,2,0,3,0,0,0.0,0
29,18,11,1,2,0,3,0,0,0.0,0
35,13,22,4,0,11,2,0,1,0.314,1
18,11,7,1,0,0,2,0,0,0.0,0
34,15,19,1,0,0,3,0,0,0.0,0
56,11,45,1,3,0,4,0,0,0.0,0
48,10,38,2,3,6,2,0,0,0.125,0
69,14,55,1,5,0,4,0,0,0.0,0
15,9,6,1,0,0,2,0,0,0.0,0
20,18,2,3,0,14,1,0,0,0.7,1
41,7,34,2,1,4,3,0,0,0.098,0
22,20,2,3,0,16,1,0,0,0.727,1
45,11,34,1,1,0,3,0,0,0.0,0
38,15,23,1,1,0,3,0,0,0.0,0
19,17,2,3,0,13,1,0,0,0.684,1
43,11,32,1,1,0,3,0,0,0.0,0
39,11,28,1,2,0,4,0,0,0.0,0
23,11,12,2,0,0,1,0,0,0.0,0
32,6,26,2,0,0,3,0,0,0.0,0
48,11,37,2,0,6,4,0,0,0.125,0
29,14,15,4,0,12,1,0,1,0.414,1
29,28,1,2,1,4,1,0,0,0.138,1
27,20,7,4,0,16,1,0,0,0.593,1
131,7,124,2,13,7,4,0,0,0.053,0
84,25,59,4,1,6,5,0,0,0.071,1
72,14,58,2,1,2,6,0,0,0.028,0
23,11,12,2,1,0,1,0,0,0.0,0
27,20,7,4,0,16,1,0,0,0.593,1
35,11,24,1,2,0,2,0,0,0.0,0
97,13,84,1,8,46,3,0,0,0.474,1
23,12,11,2,0,1,1,0,0,0.043,1
30,11,19,1,1,0,4,0,0,0.0,0
57,9,48,2,1,4,5,0,0,0.07,0
84,25,59,5,1,3,5,0,0,0.036,1
54,11,43,1,5,0,4,0,0,0.0,0
26,19,7,4,0,15,1,0,0,0.577,1
53,11,42,1,1,10,6,0,0,0.189,0
19,12,7,3,0,13,1,0,1,0.684,1
38,13,25,4,0,12,2,0,1,0.316,1
15,11,4,1,1,0,2,0,0,0.0,0
19,12,7,3,0,13,1,0,1,0.684,1
82,25,57,4,1,8,5,0,0,0.098,1
104,25,79,4,1,5,5,0,0,0.048,1
152,25,127,5,9,6,5,0,0,0.039,1
17,13,4,3,0,10,1,0,1,0.588,1
29,17,12,2,0,4,1,0,0,0.138,1
22,7,15,1,1,0,1,0,0,0.0,0
23,21,2,3,0,17,1,0,0,0.739,1
23,14,9,1,0,0,2,0,0,0.0,0
19,14,5,3,0,14,1,0,1,0.737,1
32,15,17,1,0,0,3,0,0,0.0,0
35,10,25,3,1,2,2,0,0,0.057,0
15,11,4,1,0,0,2,0,0,0.0,0
27,9,18,1,1,0,2,0,0,0.0,0
22,20,2,3,0,16,1,0,0,0.727,1
37,12,25,2,1,4,2,0,0,0.108,0
37,11,26,1,2,0,3,0,0,0.0,0
27,16,11,1,0,1,2,0,0,0.037,1
25,12,13,1,1,0,2,0,0,0.0,0
25,13,12,4,0,13,2,0,1,0.52,1
84,25,59,4,2,3,5,0,0,0.036,1
62,16,46,3,1,11,4,0,0,0.177,0
19,14,5,3,0,12,1,0,1,0.632,1
29,9,20,1,0,0,2,0,0,0.0,0
19,10,9,1,0,0,1,0,0,0.0,0
40,20,20,4,0,20,2,0,0,0.5,1
38,10,28,1,3,14,2,0,0,0.368,0
80,25,55,4,1,3,5,0,0,0.037,1
22,20,2,3,0,16,1,0,0,0.727,1
20,18,2,3,0,14,1,0,0,0.7,1
29,10,19,1,1,0,2,0,0,0.0,0
35,13,22,4,0,15,2,0,1,0.429,1
21,14,7,1,0,0,2,0,0,0.0,0
64,27,37,2,4,16,1,0,0,0.25,1
25,18,7,4,0,14,1,0,0,0.56,1
26,12,14,4,0,14,2,0,1,0.538,1
19,9,10,1,1,0,2,0,0,0.0,0
25,13,12,3,0,10,2,0,1,0.4,1
28,13,15,4,0,14,1,0,1,0.5,1
36,17,19,2,0,2,2,0,0,0.056,1
87,25,62,5,4,3,5,0,0,0.034,1
22,20,2,3,0,16,1,0,0,0.727,1
49,11,38,3,0,5,4,0,0,0.102,0
18,11,7,3,0,11,1,0,1,0.611,1
62,25,37,2,4,17,1,0,0,0.274,1
96,11,85,2,3,25,5,0,0,0.26,0
22,20,2,3,0,16,1,0,0,0.727,1
20,18,2,3,0,14,1,0,0,0.7,1
26,10,16,1,0,0,2,0,0,0.0,0
23,18,5,1,1,0,2,0,0,0.0,0
22,20,2,3,0,16,1,0,0,0.727,1
19,12,7,3,0,11,1,0,1,0.579,1
21,19,2,3,0,15,1,0,0,0.714,1
21,9,12,2,0,0,1,0,0,0.0,0
61,55,6,3,3,8,1,0,0,0.131,1
56,14,42,1,2,0,4,0,0,0.0,0
87,25,62,4,1,5,5,0,0,0.057,1
16,9,7,1,0,0,2,0,0,0.0,0
39,15,24,1,1,0,2,0,0,0.0,0
30,6,24,1,1,0,2,0,0,0.0,0
30,19,11,1,2,0,1,0,0,0.0,0
28,19,9,3,0,2,1,0,0,0.071,1
19,12,7,3,0,12,1,0,1,0.632,1
120,25,95,4,2,6,7,0,0,0.05,1
24,16,8,1,0,0,2,0,0,0.0,0
48,9,39,2,1,0,4,0,0,0.0,0
28,9,19,1,0,0,2,0,0,0.0,0
15,7,8,1,0,0,1,0,0,0.0,0
30,17,13,1,1,0,1,0,0,0.0,0
28,10,18,2,0,1,2,0,0,0.036,0
23,13,10,3,0,10,2,0,1,0.435,1
97,25,72,5,5,4,7,0,0,0.041,1
25,15,10,1,0,0,1,0,0,0.0,0
33,11,22,1,0,0,3,0,0,0.0,0
28,9,19,2,0,0,4,0,0,0.0,0
51,9,42,2,0,0,3,0,0,0.0,0
35,26,9,3,1,6,1,0,0,0.171,1
70,9,61,2,5,9,3,0,0,0.129,0
64,9,55,2,0,0,7,0,0,0.0,0
39,15,24,1,0,0,3,0,0,0.0,0
38,13,25,4,0,10,2,0,1,0.263,1
19,12,7,3,0,14,1,0,1,0.737,1
20,18,2,3,0,14,1,0,0,0.7,1
20,18,2,3,0,14,1,0,0,0.7,1
22,16,6,1,0,0,1,0,0,0.0,0
28,10,18,2,0,0,2,0,0,0.0,0
37,11,26,1,0,4,5,0,0,0.108,0
22,20,2,3,0,16,1,0,0,0.727,1
149,25,124,4,3,3,5,0,0,0.02,1
18,15,3,1,0,0,1,0,0,0.0,0
20,8,12,1,0,0,2,0,0,0.0,0
53,11,42,1,2,0,4,0,0,0.0,0
42,13,29,3,0,11,2,0,1,0.262,1
15,11,4,1,0,0,2,0,0,0.0,0
46,6,40,2,1,1,3,0,0,0.022,0
55,9,46,3,1,12,4,0,0,0.218,0
36,9,27,1,4,0,2,0,0,0.0,0
19,15,4,3,0,12,1,0,1,0.632,1
31,10,21,1,0,0,3,0,0,0.0,0
28,9,19,1,1,0,3,0,0,0.0,0
20,18,2,3,0,14,1,0,0,0.7,1
23,19,4,1,0,0,1,0,0,0.0,0
18,9,9,2,0,0,1,0,0,0.0,0
61,55,6,3,3,8,1,0,0,0.131,1
37,10,27,1,1,0,3,0,0,0.0,0
121,25,96,4,7,2,5,0,0,0.017,1
26,19,7,4,0,15,1,0,0,0.577,1
31,10,21,2,2,0,1,0,0,0.0,0
38,10,28,1,3,14,2,0,0,0.368,0
51,14,37,1,2,0,4,0,0,0.0,0
127,25,102,4,4,5,5,0,0,0.039,1
62,25,37,2,4,24,1,0,0,0.387,1
28,21,7,4,0,17,1,0,0,0.607,1
31,10,21,1,1,0,2,0,0,0.0,0
20,10,10,1,0,0,1,0,0,0.0,0
27,12,15,1,1,0,1,0,0,0.0,0
27,14,13,4,0,15,2,0,1,0.556,1
30,9,21,1,0,0,4,0,0,0.0,0
21,19,2,3,0,15,1,0,0,0.714,1
115,11,104,2,12,13,5,0,0,0.113,0
43,15,28,1,1,0,4,0,0,0.0,0
19,12,7,3,0,13,1,0,1,0.684,1
21,9,12,1,1,0,1,0,0,0.0,0
21,9,12,1,0,0,2,0,0,0.0,0
24,12,12,1,1,0,2,0,0,0.0,0
20,18,2,3,0,14,1,0,0,0.7,1
26,19,7,4,0,15,1,0,0,0.577,1
36,12,24,1,0,0,3,0,0,0.0,0
18,15,3,1,0,0,1,0,0,0.0,0
19,12,7,3,0,13,1,0,1,0.684,1
92,7,85,1,7,8,5,0,0,0.087,0
20,18,2,3,0,14,1,0,0,0.7,1
48,11,37,2,1,6,4,0,0,0.125,0
41,16,25,2,0,0,3,0,0,0.0,0
19,14,5,3,0,12,1,0,1,0.632,1
34,22,12,2,1,3,1,0,0,0.088,1
41,9,32,3,0,13,1,0,0,0.317,0
18,11,7,1,1,0,2,0,0,0.0,0
31,14,17,1,1,0,2,0,0,0.0,0
33,15,18,1,1,0,3,0,0,0.0,0
43,15,28,1,4,0,1,0,0,0.0,0
18,11,7,3,0,13,1,0,1,0.722,1
18,11,7,3,0,11,1,0,1,0.611,1
29,9,20,1,1,0,2,0,0,0.0,0
16,9,7,1,0,0,2,0,0,0.0,0
28,13,15,4,0,11,2,0,1,0.393,1
114,17,97,1,11,0,2,0,0,0.0,0
30,12,18,1,0,0,2,0,0,0.0,0
33,9,24,1,2,0,2,0,0,0.0,0
64,7,57,1,4,8,5,0,0,0.125,0
11,4,7,1,0,0,2,0,0,0.0,0
25,10,15,1,1,0,1,0,0,0.0,0
44,10,34,2,2,8,3,0,0,0.182,0
24,10,14,1,1,0,3,0,0,0.0,0
37,13,24,4,0,14,2,0,1,0.378,1
48,11,37,2,1,5,4,0,0,0.104,0
101,25,76,4,5,6,6,0,0,0.059,1
154,25,129,4,6,6,6,0,0,0.039,1
27,20,7,4,0,16,1,0,0,0.593,1
29,18,11,1,2,0,3,0,0,0.0,0
167,25,142,4,0,6,10,0,0,0.036,1
60,23,37,2,4,23,1,0,0,0.383,1
81,25,56,4,3,5,5,0,0,0.062,1
22,12,10,1,0,0,2,0,0,0.0,0
24,10,14,1,0,0,2,0,0,0.0,0
27,11,16,1,1,0,1,0,0,0.0,0
23,21,2,3,0,17,1,0,0,0.739,1
28,9,19,1,0,0,2,0,0,0.0,0
40,13,27,1,2,0,2,0,0,0.0,0
103,25,78,4,2,2,5,0,0,0.019,1
19,11,8,1,0,0,1,0,0,0.0,0
23,21,2,3,0,17,1,0,0,0.739,1
21,19,2,3,0,15,1,0,0,0.714,1
56,9,47,2,2,0,6,0,0,0.0,0
22,12,10,3,0,10,1,0,1,0.455,1
44,14,30,1,3,0,3,0,0,0.0,0
19,10,9,1,0,0,2,0,0,0.0,0
70,9,61,2,1,9,6,0,0,0.129,0
18,11,7,1,1,0,2,0,0,0.0,0
106,25,81,5,6,3,5,0,0,0.028,1
20,13,7,1,0,0,1,0,0,0.0,0
17,9,8,1,1,0,2,0,0,0.0,0
18,10,8,1,0,0,1,0,0,0.0,0
61,55,6,3,3,8,1,0,0,0.131,1
55,9,46,3,1,10,4,0,0,0.182,0
39,15,24,1,0,0,4,0,0,0.0,0
67,23,44,2,4,24,1,0,0,0.358,1
61,13,48,4,1,28,3,0,1,0.459,1
26,15,11,1,0,0,3,0,0,0.0,0
26,19,7,4,0,15,1,0,0,0.577,1
91,25,66,4,2,7,5,0,0,0.077,1
16,11,5,3,0,11,1,0,1,0.688,1
19,12,7,3,0,11,1,0,1,0.579,1
71,10,61,2,4,10,5,0,0,0.141,0
35,10,25,1,1,0,2,0,0,0.0,0
43,10,33,1,1,0,3,0,0,0.0,0
30,10,20,1,0,0,3,0,0,0.0,0
43,7,36,1,1,8,5,0,0,0.186,0
23,14,9,3,0,11,1,0,1,0.478,1
75,25,50,4,0,4,5,0,0,0.053,1
29,18,11,3,0,2,1,0,0,0.069,1
57,12,45,1,1,0,4,0,0,0.0,0
21,19,2,3,0,15,1,0,0,0.714,1
25,11,14,1,1,0,1,0,0,0.0,0
23,13,10,4,0,12,2,0,1,0.522,1
48,15,33,1,1,0,4,0,0,0.0,0
74,30,44,2,4,20,1,0,0,0.27,1
14,9,5,1,0,0,1,0,0,0.0,0
27,20,7,4,0,16,1,0,0,0.593,1
28,21,7,4,0,17,1,0,0,0.607,1
101,25,76,4,3,6,5,0,0,0.059,1
37,10,27,2,0,6,3,0,0,0.162,0
27,20,7,4,0,16,1,0,0,0.593,1
19,9,10,1,0,0,2,0,0,0.0,0
18,11,7,3,0,11,1,0,1,0.611,1
21,10,11,1,0,0,1,0,0,0.0,0
55,18,37,2,4,24,1,0,0,0.436,1
117,25,92,4,7,5,5,0,0,0.043,1
44,14,30,1,3,4,2,0,0,0.091,0
29,10,19,1,0,0,2,0,0,0.0,0
12,7,5,1,0,0,1,0,0,0.0,0
43,12,31,2,4,19,3,0,0,0.442,0
26,14,12,3,0,15,1,0,1,0.577,1
30,9,21,1,0,0,2,0,0,0.0,0
16,7,9,1,0,0,1,0,0,0.0,0
20,17,3,3,0,13,1,0,0,0.65,1
36,10,26,1,1,0,3,0,0,0.0,0
61,11,50,1,3,1,6,0,0,0.016,0
37,10,27,1,1,0,3,0,0,0.0,0
32,15,17,1,0,0,2,0,0,0.0,0
30,19,11,1,1,0,1,0,0,0.0,0
24,13,11,4,0,10,1,0,1,0.417,1
62,7,55,5,3,3,4,0,0,0.048,0
63,14,49,2,1,0,4,0,0,0.0,0
62,11,51,2,3,0,4,0,0,0.0,0
127,25,102,5,4,9,5,0,0,0.071,1
60,12,48,2,1,11,4,0,0,0.183,0
56,49,7,3,2,3,2,0,0,0.054,1
27,20,7,4,0,16,1,0,0,0.593,1
26,19,7,4,0,15,1,0,0,0.577,1
84,25,59,4,4,6,5,0,0,0.071,1
120,25,95,4,8,5,5,0,0,0.042,1
28,10,18,2,0,0,2,0,0,0.0,0
29,12,17,1,0,0,2,0,0,0.0,0
19,14,5,3,0,15,1,0,1,0.789,1
28,10,18,2,0,1,2,0,0,0.036,0
51,17,34,4,2,4,2,0,0,0.078,1
27,20,7,4,0,16,1,0,0,0.593,1
33,12,21,1,0,0,2,0,0,0.0,0
35,18,17,5,2,16,1,0,0,0.457,1
16,9,7,1,0,0,1,0,0,0.0,0
16,7,9,1,1,0,2,0,0,0.0,0
38,15,23,1,2,0,2,0,0,0.0,0
32,9,23,1,1,0,2,0,0,0.0,0
24,9,15,1,2,0,2,0,0,0.0,0
16,7,9,2,0,0,1,0,0,0.0,0
20,14,6,3,0,11,1,0,1,0.55,1
84,25,59,4,3,5,5,0,0,0.06,1
94,25,69,4,1,6,6,0,0,0.064,1
59,16,43,3,0,31,4,0,0,0.525,1
70,25,45,4,1,7,5,0,0,0.1,1
40,14,26,1,2,0,3,0,0,0.0,0
18,15,3,1,0,0,1,0,0,0.0,0
21,19,2,3,0,15,1,0,0,0.714,1
26,19,7,4,0,15,1,0,0,0.577,1
22,8,14,1,0,0,3,0,0,0.0,0
69,25,44,4,1,4,5,0,0,0.058,1
22,20,2,3,0,16,1,0,0,0.727,1
33,15,18,1,1,0,3,0,0,0.0,0
48,11,37,2,0,5,4,0,0,0.104,0
62,55,7,3,3,8,2,0,0,0.129,1
25,18,7,4,0,14,1,0,0,0.56,1
26,19,7,4,0,15,1,0,0,0.577,1
36,10,26,1,1,0,3,0,0,0.0,0
41,6,35,1,0,0,3,0,0,0.0,0
26,19,7,4,0,15,1,0,0,0.577,1
51,11,40,1,1,0,3,0,0,0.0,0
21,19,2,3,0,15,1,0,0,0.714,1
37,15,22,1,1,0,2,0,0,0.0,0
48,6,42,2,2,2,3,0,0,0.042,0
18,11,7,3,0,11,1,0,1,0.611,1
41,10,31,1,2,0,2,0,0,0.0,0
43,10,33,1,2,0,3,0,0,0.0,0
19,12,7,3,0,12,1,0,1,0.632,1
27,10,17,1,0,0,2,0,0,0.0,0
52,6,46,3,1,12,4,0,0,0.231,0
22,11,11,4,0,9,1,0,1,0.409,1
48,13,35,2,1,16,1,0,0,0.333,1
31,9,22,2,0,0,2,0,0,0.0,0
114,25,89,4,3,5,6,0,0,0.044,1
20,7,13,1,0,5,4,0,0,0.25,0
27,20,7,4,0,16,1,0,0,0.593,1
51,23,28,4,2,3,2,0,0,0.059,1
48,9,39,3,2,1,2,0,0,0.021,0
39,16,23,1,1,0,3,0,0,0.0,0
31,10,21,1,2,0,2,0,0,0.0,0
33,10,23,1,1,0,3,0,0,0.0,0
22,20,2,3,0,16,1,0,0,0.727,1
26,19,7,4,0,15,1,0,0,0.577,1
151,25,126,5,1,5,13,0,0,0.033,1
35,12,23,1,0,0,4,0,0,0.0,0
18,15,3,1,0,0,1,0,0,0.0,0
98,9,89,3,4,0,6,0,0,0.0,0
16,12,4,3,0,9,1,0,1,0.562,1
79,25,54,4,1,5,5,0,0,0.063,1
55,21,34,2,1,19,1,0,0,0.345,1
94,9,85,2,5,0,7,0,0,0.0,0
25,12,13,1,0,0,2,0,0,0.0,0
28,21,7,4,0,17,1,0,0,0.607,1
41,12,29,4,0,27,2,0,1,0.659,1
32,15,17,1,0,0,2,0,0,0.0,0
19,12,7,3,0,13,1,0,1,0.684,1
27,10,17,1,0,0,2,0,0,0.0,0
22,13,9,4,0,10,2,0,1,0.455,1
20,9,11,1,1,0,2,0,0,0.0,0
107,25,82,4,4,5,5,0,0,0.047,1
18,14,4,2,0,0,1,0,0,0.0,1
21,14,7,4,0,11,1,0,1,0.524,1
33,13,20,4,0,12,2,0,1,0.364,1
90,6,84,4,3,5,7,0,0,0.056,0
75,25,50,4,1,6,6,0,0,0.08,1
151,25,126,4,6,7,5,0,0,0.046,1
41,12,29,3,0,11,2,0,1,0.268,1
25,18,7,4,0,14,1,0,0,0.56,1
19,17,2,3,0,13,1,0,0,0.684,1
82,25,57,4,4,2,5,0,0,0.024,1
27,20,7,4,0,16,1,0,0,0.593,1
89,25,64,4,0,5,7,0,0,0.056,1
26,9,17,1,0,0,2,0,0,0.0,0
62,55,7,3,3,8,2,0,0,0.129,1
46,11,35,1,2,1,5,0,0,0.022,0
30,11,19,1,2,0,2,0,0,0.0,0
22,20,2,3,0,16,1,0,0,0.727,1
42,10,32,4,1,0,3,0,0,0.0,0
27,20,7,4,0,16,1,0,0,0.593,1
19,12,7,3,0,13,1,0,1,0.684,1
19,14,5,3,0,11,1,0,1,0.579,1
35,7,28,2,0,0,3,0,0,0.0,0
58,14,44,1,2,0,4,0,0,0.0,0
20,18,2,3,0,14,1,0,0,0.7,1
26,19,7,4,0,15,1,0,0,0.577,1
66,22,44,2,4,21,1,0,0,0.318,1
17,9,8,1,0,0,1,0,0,0.0,0
54,14,40,1,2,0,4,0,0,0.0,0
26,15,11,1,0,0,2,0,0,0.0,0
23,10,13,1,0,0,2,0,0,0.0,0
21,19,2,3,0,15,1,0,0,0.714,1
18,14,4,3,0,14,1,0,1,0.778,1
91,25,66,4,2,2,5,0,0,0.022,1
169,9,160,7,2,21,8,0,0,0.124,0
128,25,103,4,4,2,7,0,0,0.016,1
36,10,26,2,3,0,1,0,0,0.0,0
27,13,14,1,0,0,2,0,0,0.0,0
118,25,93,4,6,2,6,0,0,0.017,1
23,21,2,3,0,17,1,0,0,0.739,1
119,6,113,4,7,6,6,0,0,0.05,0
61,55,6,3,3,8,1,0,0,0.131,1
151,25,126,4,10,4,6,0,0,0.026,1
19,11,8,1,1,0,2,0,0,0.0,0
18,9,9,1,0,0,1,0,0,0.0,0
29,18,11,1,2,0,3,0,0,0.0,0
38,10,28,1,3,14,2,0,0,0.368,0
23,13,10,3,0,10,2,0,1,0.435,1
61,13,48,4,1,30,3,0,1,0.492,1
43,11,32,1,2,0,3,0,0,0.0,0
97,16,81,1,8,0,5,0,0,0.0,0
26,13,13,3,0,11,2,0,1,0.423,1
24,12,12,1,0,0,1,0,0,0.0,0
57,20,37,2,4,21,1,0,0,0.368,1
39,10,29,3,1,0,3,0,0,0.0,0
20,18,2,3,0,14,1,0,0,0.7,1
19,12,7,3,0,13,1,0,1,0.684,1
120,25,95,5,2,6,6,0,0,0.05,1
34,9,25,1,0,0,3,0,0,0.0,0
24,14,10,3,0,13,1,0,1,0.542,1
60,13,47,4,0,13,2,0,1,0.217,1
21,14,7,1,0,0,2,0,0,0.0,0
35,20,15,2,1,1,2,0,0,0.029,1
140,11,129,5,1,24,10,0,0,0.171,0
84,25,59,4,0,5,5,0,0,0.06,1
36,17,19,2,0,4,2,0,0,0.111,1
29,17,12,1,0,3,2,0,0,0.103,1
76,10,66,2,6,8,5,0,0,0.105,0
37,7,30,1,0,0,3,0,0,0.0,0
29,14,15,2,0,6,1,0,0,0.207,1
95,25,70,4,2,2,5,0,0,0.021,1
22,20,2,3,0,16,1,0,0,0.727,1
15,10,5,1,0,0,1,0,0,0.0,0
20,7,13,1,0,5,4,0,0,0.25,0
20,18,2,3,0,14,1,0,0,0.7,1
18,10,8,1,0,0,1,0,0,0.0,0
28,9,19,1,2,0,1,0,0,0.0,0
20,7,13,1,1,0,2,0,0,0.0,0
86,25,61,4,1,5,7,0,0,0.058,1
38,10,28,1,3,13,2,0,0,0.342,0
23,21,2,3,0,17,1,0,0,0.739,1
92,25,67,4,0,7,6,0,0,0.076,1
27,20,7,4,0,16,1,0,0,0.593,1
25,18,7,4,0,14,1,0,0,0.56,1
34,9,25,2,0,4,3,0,0,0.118,0
35,17,18,2,0,2,2,0,0,0.057,1
80,9,71,2,2,7,6,0,0,0.087,0
42,15,27,1,2,0,2,0,0,0.0,0
27,12,15,5,2,10,1,0,1,0.37,1
65,28,37,2,4,23,1,0,0,0.354,1
20,18,2,3,0,14,1,0,0,0.7,1
49,11,38,2,0,5,2,0,0,0.102,0
34,11,23,1,1,0,2,0,0,0.0,0
21,19,2,3,0,15,1,0,0,0.714,1
24,17,7,4,0,13,1,0,0,0.542,1
22,20,2,3,0,16,1,0,0,0.727,1
62,16,46,3,1,10,4,0,0,0.161,0
46,14,32,1,2,0,3,0,0,0.0,0
26,19,7,4,0,15,1,0,0,0.577,1
49,7,42,2,3,0,3,0,0,0.0,0
20,11,9,1,0,0,3,0,0,0.0,0
39,12,27,1,1,0,2,0,0,0.0,0
40,11,29,1,0,0,4,0,0,0.0,0
113,25,88,5,3,7,6,0,0,0.062,1
19,9,10,1,0,0,1,0,0,0.0,0
11,7,4,1,0,0,2,0,0,0.0,0
36,9,27,2,0,3,3,0,0,0.083,0
22,20,2,3,0,16,1,0,0,0.727,1
52,9,43,2,0,18,1,0,0,0.346,1
36,8,28,1,2,0,1,0,0,0.0,0
22,20,2,3,0,16,1,0,0,0.727,1
31,6,25,1,1,0,3,0,0,0.0,0
28,9,19,2,0,0,4,0,0,0.0,0
17,10,7,1,0,0,1,0,0,0.0,0
119,25,94,5,6,3,7,0,0,0.025,1
28,21,7,4,0,17,1,0,0,0.607,1
24,17,7,4,0,13,1,0,0,0.542,1
62,18,44,2,4,19,1,0,0,0.306,1
61,7,54,2,3,6,5,0,0,0.098,0
35,13,22,3,1,10,2,0,1,0.286,1
31,17,14,2,0,4,2,0,0,0.129,1
20,18,2,3,0,14,1,0,0,0.7,1
18,15,3,1,0,0,1,0,0,0.0,0
126,25,101,6,6,3,6,0,0,0.024,1
89,25,64,4,0,4,5,0,0,0.045,1
36,9,27,2,0,3,3,0,0,0.083,0
22,20,2,3,0,16,1,0,0,0.727,1
72,11,61,2,0,24,4,0,0,0.333,0
69,25,44,2,4,29,1,0,0,0.42,1
88,25,63,4,1,2,7,0,0,0.023,1
17,12,5,3,0,10,1,0,1,0.588,1
34,9,25,1,2,0,2,0,0,0.0,0
74,13,61,2,0,25,3,0,0,0.338,0
34,12,22,2,1,4,2,0,0,0.118,0
15,10,5,1,0,0,2,0,0,0.0,0
18,9,9,1,0,0,1,0,0,0.0,0
38,13,25,4,0,10,2,0,1,0.263,1
20,18,2,3,0,14,1,0,0,0.7,1
58,13,45,4,0,25,2,0,1,0.431,1
15,11,4,1,0,0,2,0,0,0.0,0
30,10,20,1,1,0,2,0,0,0.0,0
33,7,26,2,0,0,3,0,0,0.0,0
24,9,15,1,1,0,1,0,0,0.0,0
29,14,15,1,0,0,2,0,0,0.0,0
46,12,34,1,1,0,3,0,0,0.0,0
20,11,9,1,0,0,1,0,0,0.0,0
26,19,7,4,0,15,1,0,0,0.577,1
24,10,14,1,1,0,1,0,0,0.0,0
25,15,10,1,0,0,1,0,0,0.0,0
31,6,25,1,1,0,2,0,0,0.0,0
26,15,11,1,0,0,2,0,0,0.0,0
38,16,22,1,1,0,3,0,0,0.0,0
18,13,5,4,0,10,1,0,1,0.556,1
13,10,3,1,0,0,1,0,0,0.0,0
32,10,22,1,0,0,3,0,0,0.0,0
18,9,9,1,1,0,2,0,0,0.0,0
24,11,13,1,1,0,1,0,0,0.0,0
67,11,56,1,5,3,5,0,0,0.045,0
36,13,23,5,0,10,2,0,1,0.278,1
36,15,21,1,1,0,2,0,0,0.0,0
25,13,12,3,0,10,1,0,1,0.4,1
21,19,2,3,0,15,1,0,0,0.714,1
27,10,17,2,1,0,1,0,0,0.0,0
48,11,37,1,2,2,5,0,0,0.042,0
15,11,4,1,0,0,2,0,0,0.0,0
21,19,2,3,0,15,1,0,0,0.714,1
56,13,43,1,2,0,3,0,0,0.0,0
19,13,6,4,0,10,1,0,1,0.526,1
19,17,2,3,0,13,1,0,0,0.684,1
109,25,84,4,1,5,7,0,0,0.046,1
21,19,2,3,0,15,1,0,0,0.714,1
19,7,12,1,0,0,1,0,0,0.0,0
15,11,4,1,0,0,2,0,0,0.0,0
21,6,15,2,0,0,1,0,0,0.0,0
50,7,43,2,2,6,3,0,0,0.12,0
75,31,44,2,4,22,1,0,0,0.293,1
32,11,21,1,0,0,2,0,0,0.0,0
31,6,25,1,1,0,2,0,0,0.0,0
39,17,22,2,0,4,2,0,0,0.103,1
20,18,2,3,0,14,1,0,0,0.7,1
100,25,75,4,7,6,5,0,0,0.06,1
152,25,127,7,6,6,8,0,0,0.039,1
40,11,29,1,0,4,2,0,0,0.1,0
23,8,15,1,0,0,1,0,0,0.0,0
25,13,12,4,0,10,1,0,1,0.4,1
19,12,7,3,0,14,1,0,1,0.737,1
14,6,8,1,0,0,1,0,0,0.0,0
128,9,119,5,2,22,6,0,0,0.172,0
21,19,2,3,0,15,1,0,0,0.714,1
20,6,14,1,0,0,2,0,0,0.0,0
70,11,59,2,3,1,4,0,0,0.014,0
26,11,15,4,0,8,2,0,1,0.308,1
24,13,11,4,0,10,1,0,1,0.417,1
18,14,4,3,0,11,1,0,1,0.611,1
32,15,17,1,0,0,3,0,0,0.0,0
27,9,18,1,0,0,4,0,0,0.0,0
22,20,2,3,0,16,1,0,0,0.727,1
17,12,5,3,0,10,1,0,1,0.588,1
13,8,5,1,0,0,2,0,0,0.0,0
57,20,37,2,4,21,1,0,0,0.368,1
22,11,11,1,0,0,1,0,0,0.0,0
108,25,83,4,4,10,7,0,0,0.093,1
23,13,10,4,0,10,2,0,1,0.435,1
27,13,14,1,0,0,2,0,0,0.0,0
40,6,34,2,1,1,3,0,0,0.025,0
41,9,32,2,0,5,4,0,0,0.122,0
34,12,22,4,0,11,2,0,1,0.324,1
29,10,19,1,0,0,2,0,0,0.0,0
29,14,15,3,0,11,2,0,1,0.379,1
36,9,27,2,0,6,3,0,0,0.167,0
21,19,2,3,0,15,1,0,0,0.714,1
40,13,27,1,1,0,2,0,0,0.0,0
26,19,7,4,0,15,1,0,0,0.577,1
57,20,37,2,4,17,1,0,0,0.298,1
26,19,7,4,0,15,1,0,0,0.577,1
61,13,48,4,1,30,3,0,1,0.492,1
20,18,2,3,0,14,1,0,0,0.7,1
21,19,2,3,0,15,1,0,0,0.714,1
31,11,20,1,1,0,3,0,0,0.0,0
75,31,44,2,4,25,1,0,0,0.333,1
21,19,2,3,0,15,1,0,0,0.714,1
15,11,4,1,0,0,2,0,0,0.0,0
41,10,31,1,2,0,2,0,0,0.0,0
61,55,6,3,3,8,1,0,0,0.131,1
105,25,80,4,1,2,9,0,0,0.019,1
31,12,19,2,0,0,2,0,0,0.0,0
38,10,28,1,3,14,2,0,0,0.368,0
64,6,58,1,4,0,5,0,0,0.0,0
79,25,54,4,0,2,5,0,0,0.025,1
60,12,48,2,1,9,4,0,0,0.15,0
23,13,10,4,0,10,1,0,1,0.435,1
23,6,17,1,1,0,2,0,0,0.0,0
68,24,44,2,4,23,1,0,0,0.338,1
62,19,43,2,0,23,1,0,0,0.371,1
18,9,9,1,0,0,1,0,0,0.0,0
79,25,54,4,1,2,5,0,0,0.025,1
19,17,2,3,0,13,1,0,0,0.684,1
18,14,4,3,0,12,1,0,1,0.667,1
25,13,12,4,0,11,1,0,1,0.44,1
64,20,44,2,4,23,1,0,0,0.359,1
32,11,21,4,0,11,1,0,1,0.344,1
47,12,35,4,0,13,2,0,1,0.277,1
64,27,37,2,4,21,1,0,0,0.328,1
36,12,24,4,0,13,2,0,1,0.361,1
97,25,72,4,2,2,5,0,0,0.021,1
19,12,7,3,0,12,1,0,1,0.632,1
34,15,19,1,1,2,3,0,0,0.059,0
52,6,46,1,4,0,3,0,0,0.0,0
44,9,35,1,2,0,2,0,0,0.0,0
87,25,62,4,6,6,5,0,0,0.069,1
16,12,4,3,0,11,1,0,1,0.688,1
17,12,5,3,0,9,1,0,1,0.529,1
28,10,18,2,0,2,2,0,0,0.071,0
26,12,14,1,0,0,2,0,0,0.0,0
29,9,20,1,0,0,2,0,0,0.0,0
18,11,7,1,0,0,1,0,0,0.0,0
154,25,129,6,2,6,11,0,0,0.039,1
21,19,2,3,0,15,1,0,0,0.714,1
46,14,32,1,1,0,3,0,0,0.0,0
32,15,17,1,0,0,2,0,0,0.0,0
20,7,13,1,0,5,4,0,0,0.25,0
20,7,13,1,0,5,4,0,0,0.25,0
24,14,10,3,0,11,1,0,1,0.458,1
49,36,13,6,0,10,1,0,0,0.204,1
126,25,101,4,10,4,5,0,0,0.032,1
22,20,2,3,0,16,1,0,0,0.727,1
67,9,58,2,7,0,2,0,0,0.0,0
83,7,76,1,7,8,5,0,0,0.096,0
63,6,57,2,2,1,3,0,0,0.016,0
59,13,46,1,4,0,2,0,0,0.0,0
32,10,22,2,1,0,2,0,0,0.0,0
37,9,28,1,0,0,3,0,0,0.0,0
40,11,29,1,0,5,2,0,0,0.125,0
19,11,8,1,0,0,1,0,0,0.0,0
28,13,15,4,0,10,2,0,1,0.357,1
20,11,9,1,0,0,2,0,0,0.0,0
54,9,45,1,0,2,5,0,0,0.037,0
50,12,38,2,0,7,4,0,0,0.14,0
33,13,20,1,1,0,2,0,0,0.0,0
51,7,44,1,4,8,5,0,0,0.157,0
21,10,11,1,0,0,2,0,0,0.0,0
37,12,25,4,0,11,2,0,1,0.297,1
20,9,11,1,0,0,1,0,0,0.0,0
91,25,66,4,2,4,5,0,0,0.044,1
41,15,26,2,0,0,1,0,0,0.0,1
88,25,63,4,5,6,5,0,0,0.068,1
28,12,16,1,0,0,2,0,0,0.0,0
18,14,4,3,0,11,1,0,1,0.611,1
145,25,120,5,7,8,8,0,0,0.055,1
19,10,9,1,0,0,1,0,0,0.0,0
19,12,7,3,0,11,1,0,1,0.579,1
107,15,92,1,10,0,4,0,0,0.0,0
28,21,7,4,0,17,1,0,0,0.607,1
18,15,3,1,0,0,1,0,0,0.0,0
42,16,26,1,1,0,3,0,0,0.0,0
26,12,14,4,0,10,2,0,1,0.385,1
26,19,7,4,0,15,1,0,0,0.577,1
22,11,11,1,1,0,3,0,0,0.0,0
19,12,7,3,0,13,1,0,1,0.684,1
104,25,79,4,5,5,6,0,0,0.048,1
19,6,13,1,1,1,2,0,0,0.053,0
28,21,7,4,0,17,1,0,0,0.607,1
61,55,6,3,3,8,1,0,0,0.131,1
20,15,5,3,0,12,1,0,1,0.6,1
59,22,37,2,4,13,1,0,0,0.22,1
17,13,4,3,0,10,1,0,1,0.588,1
74,30,44,2,4,22,1,0,0,0.297,1
31,10,21,2,0,0,2,0,0,0.0,0
14,9,5,1,0,0,1,0,0,0.0,0
99,14,85,1,7,0,3,0,0,0.0,0
20,13,7,3,0,14,1,0,1,0.7,1
100,25,75,4,2,5,6,0,0,0.05,1
86,10,76,1,7,4,3,0,0,0.047,0
40,6,34,1,1,0,3,0,0,0.0,0
29,18,11,3,0,2,1,0,0,0.069,1
32,21,11,3,0,4,1,0,0,0.125,1
36,15,21,1,0,0,3,0,0,0.0,0
22,20,2,3,0,16,1,0,0,0.727,1
28,21,7,4,0,17,1,0,0,0.607,1
15,11,4,1,0,0,1,0,0,0.0,0
22,20,2,3,0,16,1,0,0,0.727,1
58,13,45,4,0,28,2,0,1,0.483,1
32,11,21,2,0,0,1,0,0,0.0,0
29,17,12,2,0,3,2,0,0,0.103,1
24,15,9,1,0,0,2,0,0,0.0,0
38,7,31,1,2,0,4,0,0,0.0,0
14,8,6,1,0,0,1,0,0,0.0,0
18,14,4,3,0,12,1,0,1,0.667,1
37,14,23,4,0,15,2,0,1,0.405,1
19,17,2,3,0,13,1,0,0,0.684,1
102,25,77,4,7,5,5,0,0,0.049,1
38,10,28,1,1,0,2,0,0,0.0,0
26,6,20,1,1,0,2,0,0,0.0,0
25,18,7,4,0,14,1,0,0,0.56,1
97,11,86,2,5,25,3,0,0,0.258,0
44,17,27,1,1,0,2,0,0,0.0,0
56,9,47,1,1,0,4,0,0,0.0,0
14,12,2,3,0,9,1,0,1,0.643,1
28,13,15,5,2,10,1,0,1,0.357,1
23,9,14,1,0,0,1,0,0,0.0,0
37,10,27,2,1,4,2,0,0,0.108,0
56,14,42,2,4,5,3,0,0,0.089,0
83,25,58,4,0,6,5,0,0,0.072,1
54,16,38,2,0,10,4,0,0,0.185,0
104,25,79,4,4,6,6,0,0,0.058,1
62,10,52,1,6,0,3,0,0,0.0,0
25,10,15,1,0,0,2,0,0,0.0,0
27,20,7,4,0,16,1,0,0,0.593,1
21,12,9,3,0,9,1,0,1,0.429,1
52,9,43,5,3,3,3,0,0,0.058,0
119,25,94,5,3,6,7,0,0,0.05,1
90,7,83,2,9,4,4,0,0,0.044,0
33,11,22,1,1,0,4,0,0,0.0,0
37,12,25,4,0,11,2,0,1,0.297,1
128,25,103,4,5,5,5,0,0,0.039,1
27,20,7,4,0,16,1,0,0,0.593,1
15,9,6,1,0,0,1,0,0,0.0,0
15,11,4,1,0,0,2,0,0,0.0,0
22,20,2,3,0,16,1,0,0,0.727,1
35,11,24,1,3,0,3,0,0,0.0,0
20,18,2,3,0,14,1,0,0,0.7,1
43,9,34,1,1,0,3,0,0,0.0,0
28,21,7,4,0,17,1,0,0,0.607,1
41,6,35,1,2,0,3,0,0,0.0,0
108,25,83,4,1,8,5,0,0,0.074,1
37,15,22,1,1,0,4,0,0,0.0,0
35,14,21,1,0,0,3,0,0,0.0,0
20,13,7,4,0,10,1,0,1,0.5,1
80,25,55,4,0,2,6,0,0,0.025,1
49,16,33,1,3,0,3,0,0,0.0,0
22,20,2,3,0,16,1,0,0,0.727,1
18,15,3,1,0,0,1,0,0,0.0,0
91,25,66,4,3,5,6,0,0,0.055,1
25,15,10,1,0,0,2,0,0,0.0,0
34,15,19,1,0,0,2,0,0,0.0,0
23,15,8,1,0,0,2,0,0,0.0,0
14,12,2,3,0,9,1,0,1,0.643,1
27,20,7,4,0,16,1,0,0,0.593,1
26,12,14,1,0,5,2,0,0,0.192,0
27,20,7,4,0,16,1,0,0,0.593,1
104,25,79,6,3,10,6,0,0,0.096,1
43,15,28,1,0,0,4,0,0,0.0,0
29,13,16,1,1,0,1,0,0,0.0,0
26,19,7,4,0,15,1,0,0,0.577,1
108,25,83,4,7,4,5,0,0,0.037,1
96,25,71,4,1,5,5,0,0,0.052,1
122,25,97,4,8,2,5,0,0,0.016,1
37,14,23,5,0,11,2,0,1,0.297,1
21,11,10,1,0,0,3,0,0,0.0,0
33,15,18,1,0,0,3,0,0,0.0,0
131,25,106,5,5,3,9,0,0,0.023,1
41,15,26,1,1,0,3,0,0,0.0,0
85,25,60,4,0,2,6,0,0,0.024,1
80,25,55,5,3,7,5,0,0,0.087,1
15,11,4,1,0,0,2,0,0,0.0,0
58,21,37,2,4,19,1,0,0,0.328,1
56,7,49,1,3,0,4,0,0,0.0,0
60,23,37,2,4,17,1,0,0,0.283,1
43,10,33,1,1,0,4,0,0,0.0,0
138,25,113,4,4,4,7,0,0,0.029,1
21,10,11,1,1,0,1,0,0,0.0,0
31,17,14,2,0,4,1,0,0,0.129,1
41,11,30,1,3,0,4,0,0,0.0,0
27,11,16,1,1,0,4,0,0,0.0,0
73,7,66,2,5,6,5,0,0,0.082,0
23,21,2,3,0,17,1,0,0,0.739,1
30,12,18,1,0,0,3,0,0,0.0,0
26,19,7,4,0,15,1,0,0,0.577,1
16,11,5,1,0,0,1,0,0,0.0,0
42,11,31,1,1,2,5,0,0,0.048,0
110,25,85,4,2,5,7,0,0,0.045,1
8,4,4,1,0,0,1,0,0,0.0,0
38,10,28,1,3,13,2,0,0,0.342,0
38,13,25,4,0,11,2,0,1,0.289,1
28,12,16,1,1,0,1,0,0,0.0,0
31,9,22,1,0,0,4,0,0,0.0,0
30,9,21,1,2,0,2,0,0,0.0,0
29,12,17,1,0,0,2,0,0,0.0,0
24,12,12,4,0,10,1,0,1,0.417,1
133,25,108,4,7,5,5,0,0,0.038,1
109,15,94,4,0,16,4,0,0,0.147,1
60,7,53,1,4,0,4,0,0,0.0,0
31,12,19,1,0,0,3,0,0,0.0,0
35,11,24,1,0,0,4,0,0,0.0,0
98,25,73,5,1,3,8,0,0,0.031,1
40,9,31,1,2,0,2,0,0,0.0,0
18,11,7,1,0,0,2,0,0,0.0,0
42,7,35,1,1,0,2,0,0,0.0,0
23,21,2,3,0,17,1,0,0,0.739,1
19,10,9,1,0,0,1,0,0,0.0,0
35,12,23,1,0,0,2,0,0,0.0,0
26,19,7,4,0,15,1,0,0,0.577,1
54,17,37,2,4,21,1,0,0,0.389,1
119,7,112,1,15,8,6,0,0,0.067,0
19,9,10,1,0,0,1,0,0,0.0,0
38,17,21,1,0,0,2,0,0,0.0,0
190,25,165,4,16,4,7,0,0,0.021,1
53,11,42,2,2,2,2,0,0,0.038,0
39,6,33,1,1,0,3,0,0,0.0,0
109,25,84,4,2,2,5,0,0,0.018,1
36,10,26,1,0,0,3,0,0,0.0,0
38,10,28,1,3,13,2,0,0,0.342,0
34,13,21,2,2,0,1,0,0,0.0,0
24,14,10,1,0,0,2,0,0,0.0,0
26,19,7,4,0,15,1,0,0,0.577,1
51,10,41,1,2,0,3,0,0,0.0,0
30,7,23,1,0,0,3,0,0,0.0,0
26,12,14,2,0,0,1,0,0,0.0,0
65,28,37,2,4,22,1,0,0,0.338,1
15,11,4,1,0,0,2,0,0,0.0,0
25,11,14,1,1,0,1,0,0,0.0,0
18,16,2,3,0,12,1,0,0,0.667,1
22,20,2,3,0,16,1,0,0,0.727,1
28,10,18,1,0,0,3,0,0,0.0,0
31,11,20,1,1,0,3,0,0,0.0,0
70,9,61,2,1,9,6,0,0,0.129,0
17,11,6,1,0,0,1,0,0,0.0,0
23,15,8,2,0,3,1,0,0,0.13,1
19,12,7,3,0,12,1,0,1,0.632,1
25,13,12,3,0,10,2,0,1,0.4,1
32,7,25,1,1,0,3,0,0,0.0,0
58,13,45,4,0,31,2,0,1,0.534,1
40,16,24,3,0,0,2,0,0,0.0,1
19,15,4,3,0,12,1,0,1,0.632,1
18,9,9,1,0,0,2,0,0,0.0,0
28,10,18,2,0,1,2,0,0,0.036,0
26,19,7,4,0,15,1,0,0,0.577,1
70,26,44,2,4,21,1,0,0,0.3,1
41,10,31,2,2,0,2,0,0,0.0,0
20,15,5,1,0,0,1,0,0,0.0,0
64,20,44,2,4,26,1,0,0,0.406,1
121,20,101,1,15,4,4,0,0,0.033,0
77,25,52,4,4,5,5,0,0,0.065,1
19,12,7,1,0,0,2,0,0,0.0,0
58,13,45,4,0,28,2,0,1,0.483,1
30,10,20,1,0,0,2,0,0,0.0,0
25,13,12,2,0,1,1,0,0,0.04,1
26,19,7,4,0,15,1,0,0,0.577,1
19,12,7,3,0,13,1,0,1,0.684,1
81,25,56,4,0,5,7,0,0,0.062,1
31,7,24,1,2,0,3,0,0,0.0,0
61,24,37,2,4,19,1,0,0,0.311,1
27,12,15,4,0,11,2,0,1,0.407,1
20,11,9,1,1,0,1,0,0,0.0,0
28,14,14,4,0,11,1,0,1,0.393,1
28,15,13,1,0,0,3,0,0,0.0,0
32,15,17,1,0,0,2,0,0,0.0,0
21,19,2,3,0,15,1,0,0,0.714,1
108,25,83,5,5,7,5,0,0,0.065,1
20,10,10,1,0,0,1,0,0,0.0,0
38,10,28,1,2,0,2,0,0,0.0,0
21,19,2,3,0,15,1,0,0,0.714,1
41,7,34,1,1,0,3,0,0,0.0,0
26,19,7,1,0,0,1,0,0,0.0,0
66,18,48,2,0,10,5,0,0,0.152,0
42,10,32,2,3,0,2,0,0,0.0,0
97,25,72,5,1,4,8,0,0,0.041,1
69,25,44,2,4,20,1,0,0,0.29,1
65,21,44,2,4,18,1,0,0,0.277,1
67,11,56,3,2,13,4,0,0,0.194,0
47,13,34,1,4,0,1,0,0,0.0,0
26,12,14,4,0,12,2,0,1,0.462,1
88,25,63,4,0,2,6,0,0,0.023,1
19,15,4,3,0,12,1,0,1,0.632,1
25,11,14,1,0,0,3,0,0,0.0,0
23,21,2,3,0,17,1,0,0,0.739,1
60,14,46,1,3,0,4,0,0,0.0,0
27,13,14,4,0,10,1,0,1,0.37,1
40,7,33,2,3,0,1,0,0,0.0,0
15,9,6,1,0,0,2,0,0,0.0,0
22,13,9,1,0,0,1,0,0,0.0,0
47,10,37,2,1,7,4,0,0,0.149,0
89,25,64,4,1,3,5,0,0,0.034,1
17,9,8,1,1,0,1,0,0,0.0,0
59,7,52,1,4,16,6,0,0,0.271,0
63,26,37,2,4,18,1,0,0,0.286,1
18,11,7,1,1,0,2,0,0,0.0,0
62,9,53,2,3,2,4,0,0,0.032,0
26,11,15,1,0,0,3,0,0,0.0,0
89,25,64,4,5,2,6,0,0,0.022,1
14,7,7,1,0,0,1,0,0,0.0,0
68,7,61,1,4,8,5,0,0,0.118,0
20,18,2,3,0,14,1,0,0,0.7,1
22,20,2,3,0,16,1,0,0,0.727,1
22,11,11,1,0,0,1,0,0,0.0,0
27,10,17,1,1,0,1,0,0,0.0,0
32,14,18,1,0,0,3,0,0,0.0,0
17,10,7,1,0,0,2,0,0,0.0,0
29,15,14,2,0,0,1,0,0,0.0,1
54,16,38,2,0,7,4,0,0,0.13,0
124,25,99,5,10,3,5,0,0,0.024,1
39,17,22,2,0,4,2,0,0,0.103,1
88,25,63,4,1,3,5,0,0,0.034,1
22,20,2,3,0,16,1,0,0,0.727,1
22,11,11,1,0,0,1,0,0,0.0,0
32,19,13,1,0,0,1,0,0,0.0,0
72,25,47,4,1,2,5,0,0,0.028,1
95,25,70,4,1,5,6,0,0,0.053,1
22,10,12,2,0,0,1,0,0,0.0,0
125,25,100,4,7,4,5,0,0,0.032,1
46,9,37,2,0,3,4,0,0,0.065,0
33,11,22,1,1,0,2,0,0,0.0,0
15,11,4,1,0,0,2,0,0,0.0,0
79,10,69,2,2,25,2,0,0,0.316,0
28,10,18,2,0,3,2,0,0,0.107,0
27,20,7,4,0,16,1,0,0,0.593,1
40,10,30,1,1,0,3,0,0,0.0,0
22,10,12,2,0,0,1,0,0,0.0,0
95,25,70,4,3,7,5,0,0,0.074,1
48,10,38,2,3,6,2,0,0,0.125,0
18,15,3,1,0,0,1,0,0,0.0,0
22,20,2,3,0,16,1,0,0,0.727,1
23,9,14,2,0,0,2,0,0,0.0,0
38,20,18,1,1,0,3,0,0,0.0,0
22,15,7,1,0,0,2,0,0,0.0,0
30,14,16,1,1,0,3,0,0,0.0,0
22,20,2,3,0,16,1,0,0,0.727,1
131,25,106,5,3,3,9,0,0,0.023,1
27,20,7,4,0,16,1,0,0,0.593,1
46,11,35,1,2,0,5,0,0,0.0,0
138,11,127,2,13,13,6,0,0,0.094,0
93,25,68,4,1,7,5,0,0,0.075,1
64,27,37,2,4,19,1,0,0,0.297,1
29,7,22,1,1,0,2,0,0,0.0,0
27,20,7,4,0,16,1,0,0,0.593,1
19,10,9,1,0,0,1,0,0,0.0,0
23,13,10,3,0,12,1,0,1,0.522,1
25,18,7,4,0,14,1,0,0,0.56,1
34,12,22,4,0,11,3,0,1,0.324,1
46,16,30,1,2,0,3,0,0,0.0,0
75,55,20,3,4,8,3,0,0,0.107,1
34,9,25,1,1,0,2,0,0,0.0,0
26,19,7,4,0,15,1,0,0,0.577,1
17,10,7,1,0,0,1,0,0,0.0,0
38,10,28,2,0,6,3,0,0,0.158,0
20,7,13,1,0,5,4,0,0,0.25,0
26,19,7,4,0,15,1,0,0,0.577,1
114,25,89,4,0,2,10,0,0,0.018,1
109,25,84,5,7,3,5,0,0,0.028,1
37,13,24,4,0,15,2,0,1,0.405,1
80,25,55,4,1,2,5,0,0,0.025,1
40,11,29,1,0,3,2,0,0,0.075,0
21,16,5,3,0,0,1,0,0,0.0,1
73,11,62,1,7,1,4,0,0,0.014,0
20,10,10,1,0,0,2,0,0,0.0,0
84,25,59,5,2,6,5,0,0,0.071,1
114,25,89,4,5,5,5,0,0,0.044,1
27,20,7,4,0,16,1,0,0,0.593,1
58,11,47,1,3,4,5,0,0,0.069,0
133,25,108,4,4,5,6,0,0,0.038,1
109,11,98,3,1,0,10,0,0,0.0,0
65,21,44,2,4,24,1,0,0,0.369,1
40,11,29,1,0,5,2,0,0,0.125,0
35,12,23,1,0,0,2,0,0,0.0,0
17,10,7,1,0,0,1,0,0,0.0,0
34,11,23,4,0,12,2,0,1,0.353,1
36,12,24,4,0,25,2,0,1,0.694,1
33,9,24,1,0,0,5,0,0,0.0,0
21,19,2,3,0,15,1,0,0,0.714,1
28,14,14,4,0,11,2,0,1,0.393,1
42,7,35,2,2,0,3,0,0,0.0,0
30,13,17,4,0,11,2,0,1,0.367,1
83,7,76,1,5,0,4,0,0,0.0,0
112,25,87,4,6,2,7,0,0,0.018,1
29,13,16,4,0,12,2,0,1,0.414,1
64,16,48,2,1,13,4,0,0,0.203,0
24,10,14,1,0,0,1,0,0,0.0,0
28,21,7,4,0,17,1,0,0,0.607,1
38,10,28,1,2,0,3,0,0,0.0,0
37,13,24,3,1,10,2,0,1,0.27,1
41,24,17,4,1,0,2,0,0,0.0,1
25,18,7,4,0,14,1,0,0,0.56,1
32,11,21,1,1,0,4,0,0,0.0,0
29,12,17,4,0,13,2,0,1,0.448,1
19,12,7,3,0,14,1,0,1,0.737,1
30,11,19,1,0,0,4,0,0,0.0,0
27,20,7,4,0,16,1,0,0,0.593,1
26,19,7,4,0,15,1,0,0,0.577,1
67,6,61,1,4,0,5,0,0,0.0,0
165,25,140,5,3,16,9,0,0,0.097,1
70,11,59,2,3,3,4,0,0,0.043,0
36,11,25,1,0,0,3,0,0,0.0,0
46,10,36,2,3,4,2,0,0,0.087,0
40,15,25,4,0,12,2,0,1,0.3,1
126,25,101,4,10,2,6,0,0,0.016,1
38,13,25,4,0,11,2,0,1,0.289,1
18,10,8,2,0,0,1,0,0,0.0,0
37,6,31,1,0,0,3,0,0,0.0,0
26,13,13,4,0,12,2,0,1,0.462,1
100,25,75,4,2,6,5,0,0,0.06,1
105,25,80,4,3,2,6,0,0,0.019,1
23,13,10,1,0,0,1,0,0,0.0,0
47,9,38,2,1,0,6,0,0,0.0,0
27,11,16,1,1,0,2,0,0,0.0,0
40,9,31,1,1,0,2,0,0,0.0,0
28,21,7,4,0,18,1,0,0,0.643,1
23,11,12,1,0,0,3,0,0,0.0,0
62,18,44,2,4,22,1,0,0,0.355,1
47,12,35,2,3,20,3,0,0,0.426,0
27,10,17,1,0,0,3,0,0,0.0,0
111,9,102,5,4,19,4,0,0,0.171,0
23,6,17,1,0,1,3,0,0,0.043,0
20,9,11,1,1,0,2,0,0,0.0,0
15,10,5,1,0,0,1,0,0,0.0,0
32,9,23,1,1,0,2,0,0,0.0,0
34,11,23,1,2,0,3,0,0,0.0,0
26,19,7,4,0,15,1,0,0,0.577,1
25,12,13,4,0,11,2,0,1,0.44,1
77,25,52,4,1,5,5,0,0,0.065,1
61,55,6,3,3,8,1,0,0,0.131,1
19,10,9,1,0,0,1,0,0,0.0,0
20,10,10,1,1,0,1,0,0,0.0,0
12,8,4,1,0,0,1,0,0,0.0,0
25,12,13,1,0,0,2,0,0,0.0,0
62,25,37,2,4,17,1,0,0,0.274,1
115,25,90,4,2,6,5,0,0,0.052,1
28,9,19,2,0,0,4,0,0,0.0,0
27,20,7,4,0,16,1,0,0,0.593,1
19,15,4,3,0,13,1,0,1,0.684,1
27,20,7,4,0,16,1,0,0,0.593,1
35,12,23,1,0,0,2,0,0,0.0,0
31,11,20,1,1,0,3,0,0,0.0,0
24,12,12,4,0,10,1,0,1,0.417,1
39,11,28,1,2,0,4,0,0,0.0,0
36,10,26,2,1,3,2,0,0,0.083,0
68,24,44,2,4,28,1,0,0,0.412,1
74,14,60,1,4,0,4,0,0,0.0,0
67,23,44,2,4,26,1,0,0,0.388,1
44,7,37,2,2,0,3,0,0,0.0,0
19,17,2,3,0,13,1,0,0,0.684,1
47,10,37,1,2,0,2,0,0,0.0,0
38,13,25,4,0,10,2,0,1,0.263,1
19,12,7,3,0,12,1,0,1,0.632,1
48,11,37,2,0,5,2,0,0,0.104,0
62,55,7,3,3,8,2,0,0,0.129,1
58,10,48,2,1,0,5,0,0,0.0,0
41,29,12,2,0,5,1,0,0,0.122,1
43,12,31,1,1,0,3,0,0,0.0,0
24,9,15,1,0,0,2,0,0,0.0,0
40,10,30,1,1,0,3,0,0,0.0,0
93,25,68,4,2,5,5,0,0,0.054,1
29,10,19,1,1,0,2,0,0,0.0,0
34,19,15,4,0,15,2,0,0,0.441,1
26,10,16,1,1,0,2,0,0,0.0,0
14,7,7,1,0,0,2,0,0,0.0,0
21,10,11,1,1,0,1,0,0,0.0,0
31,10,21,2,1,2,2,0,0,0.065,0
41,11,30,1,0,9,2,0,0,0.22,0
36,17,19,1,1,4,2,0,0,0.111,0
46,9,37,2,0,3,4,0,0,0.065,0
66,22,44,2,4,23,1,0,0,0.348,1
22,20,2,3,0,16,1,0,0,0.727,1
17,12,5,3,0,12,1,0,1,0.706,1
46,10,36,1,1,0,3,0,0,0.0,0
24,15,9,2,0,2,1,0,0,0.083,1
38,17,21,2,0,2,2,0,0,0.053,1
68,25,43,3,0,0,6,0,0,0.0,1
18,10,8,1,0,0,1,0,0,0.0,0
27,20,7,4,0,16,1,0,0,0.593,1
36,22,14,3,1,1,1,0,0,0.028,1
33,9,24,1,1,0,2,0,0,0.0,0
20,18,2,3,0,14,1,0,0,0.7,1
96,25,71,4,6,5,6,0,0,0.052,1
119,25,94,4,7,2,5,0,0,0.017,1
47,10,37,2,4,5,3,0,0,0.106,0
37,10,27,1,2,0,2,0,0,0.0,0
38,10,28,1,1,0,2,0,0,0.0,0
20,12,8,4,0,9,1,0,1,0.45,1
44,11,33,1,2,0,4,0,0,0.0,0
28,15,13,1,0,0,1,0,0,0.0,0
27,10,17,1,1,0,2,0,0,0.0,0
27,10,17,1,1,0,2,0,0,0.0,0
64,6,58,1,7,7,4,0,0,0.109,0
28,21,7,1,0,1,1,0,0,0.036,1
70,11,59,2,3,1,4,0,0,0.014,0
61,9,52,2,1,0,6,0,0,0.0,0
22,12,10,1,1,0,2,0,0,0.0,0
17,9,8,1,1,0,1,0,0,0.0,0
27,11,16,1,1,0,1,0,0,0.0,0
35,15,20,1,1,0,3,0,0,0.0,0
58,13,45,4,0,30,2,0,1,0.517,1
52,6,46,3,1,13,4,0,0,0.25,0
26,12,14,1,0,0,3,0,0,0.0,0
63,19,44,2,4,22,1,0,0,0.349,1
25,11,14,1,0,0,3,0,0,0.0,0
27,20,7,4,0,16,1,0,0,0.593,1
19,12,7,3,0,13,1,0,1,0.684,1
21,15,6,3,0,12,1,0,1,0.571,1
21,10,11,1,1,0,1,0,0,0.0,0
31,13,18,2,1,4,1,0,0,0.129,0
20,15,5,3,0,12,1,0,1,0.6,1
62,16,46,3,1,8,4,0,0,0.129,0
52,10,42,2,0,13,4,0,0,0.25,0
51,12,39,1,0,1,5,0,0,0.02,0
102,11,91,2,5,25,3,0,0,0.245,0
38,17,21,2,0,4,2,0,0,0.105,1
21,12,9,1,0,0,1,0,0,0.0,0
20,7,13,1,0,5,4,0,0,0.25,0
27,10,17,2,0,0,2,0,0,0.0,0
21,19,2,3,0,15,1,0,0,0.714,1
27,20,7,4,0,16,1,0,0,0.593,1
61,13,48,4,1,31,3,0,1,0.508,1
26,19,7,4,0,15,1,0,0,0.577,1
23,14,9,3,0,11,2,0,1,0.478,1
125,25,100,5,2,5,12,0,0,0.04,1
27,20,7,4,0,16,1,0,0,0.593,1
26,9,17,1,1,0,3,0,0,0.0,0
40,12,28,1,1,0,3,0,0,0.0,0
18,14,4,3,0,11,1,0,1,0.611,1
33,19,14,1,1,0,1,0,0,0.0,0
37,12,25,1,0,0,3,0,0,0.0,0
84,25,59,4,1,5,5,0,0,0.06,1
25,18,7,4,0,14,1,0,0,0.56,1
24,14,10,3,0,12,2,0,1,0.5,1
27,20,7,4,0,16,1,0,0,0.593,1
86,25,61,4,4,6,5,0,0,0.07,1
32,11,21,1,1,0,3,0,0,0.0,0
88,25,63,5,4,5,5,0,0,0.057,1
30,10,20,1,0,0,3,0,0,0.0,0
52,12,40,1,2,0,3,0,0,0.0,0
22,16,6,1,0,0,2,0,0,0.0,0
83,25,58,4,1,3,5,0,0,0.036,1
20,10,10,1,0,0,2,0,0,0.0,0
54,11,43,2,2,9,5,0,0,0.167,0
63,10,53,1,9,0,2,0,0,0.0,0
34,9,25,1,2,0,3,0,0,0.0,0
41,15,26,4,0,12,2,0,1,0.293,1
40,29,11,2,0,1,2,0,0,0.025,1
28,12,16,1,1,0,2,0,0,0.0,0
22,14,8,1,0,0,2,0,0,0.0,0
72,37,35,4,5,10,2,0,0,0.139,1
39,13,26,4,0,12,2,0,1,0.308,1
77,25,52,4,0,5,5,0,0,0.065,1
23,12,11,1,0,0,1,0,0,0.0,0
20,11,9,1,0,0,1,0,0,0.0,0
24,13,11,4,0,10,1,0,1,0.417,1
15,11,4,1,0,0,2,0,0,0.0,0
28,10,18,2,0,2,2,0,0,0.071,0
15,11,4,1,0,0,2,0,0,0.0,0
26,11,15,1,0,0,3,0,0,0.0,0
87,25,62,4,2,3,5,0,0,0.034,1
52,10,42,2,0,17,4,0,0,0.327,0
20,18,2,3,0,14,1,0,0,0.7,1
26,19,7,4,0,15,1,0,0,0.577,1
116,25,91,4,6,5,5,0,0,0.043,1
18,16,2,3,0,12,1,0,0,0.667,1
22,20,2,3,0,16,1,0,0,0.727,1
49,8,41,2,5,0,3,0,0,0.0,0
27,9,18,1,2,0,2,0,0,0.0,0
144,25,119,5,10,5,5,0,0,0.035,1
119,25,94,4,0,5,5,0,0,0.042,1
37,20,17,1,1,0,3,0,0,0.0,0
29,10,19,1,0,0,2,0,0,0.0,0
64,7,57,1,3,0,4,0,0,0.0,0
93,25,68,5,2,8,6,0,0,0.086,1
27,20,7,4,0,16,1,0,0,0.593,1
44,18,26,2,1,7,1,0,0,0.159,1
66,29,37,2,4,20,1,0,0,0.303,1
48,11,37,3,0,5,4,0,0,0.104,0
28,11,17,1,0,0,4,0,0,0.0,0
24,10,14,2,0,0,2,0,0,0.0,0
27,7,20,2,0,4,2,0,0,0.148,0
32,15,17,1,0,2,3,0,0,0.062,0
109,25,84,4,3,8,5,0,0,0.073,1
28,15,13,1,1,0,1,0,0,0.0,0
34,10,24,1,1,0,3,0,0,0.0,0
32,15,17,1,0,0,3,0,0,0.0,0
25,18,7,4,0,14,1,0,0,0.56,1
21,14,7,3,0,11,1,0,1,0.524,1
58,13,45,4,0,32,2,0,1,0.552,1
105,25,80,4,1,8,7,0,0,0.076,1
28,15,13,1,0,0,2,0,0,0.0,0
36,9,27,2,0,0,4,0,0,0.0,0
62,18,44,2,5,25,1,0,0,0.403,1
26,19,7,4,0,15,1,0,0,0.577,1
13,7,6,1,0,0,1,0,0,0.0,0
24,10,14,1,0,0,2,0,0,0.0,0
67,30,37,2,4,21,1,0,0,0.313,1
26,13,13,1,0,0,1,0,0,0.0,0
73,29,44,2,4,23,1,0,0,0.315,1
29,15,14,4,0,11,1,0,0,0.379,1
27,20,7,4,0,16,1,0,0,0.593,1
20,18,2,3,0,14,1,0,0,0.7,1
61,13,48,4,1,31,3,0,1,0.508,1
24,17,7,4,0,13,1,0,0,0.542,1
25,13,12,1,0,0,2,0,0,0.0,0
25,11,14,2,0,0,1,0,0,0.0,0
17,9,8,1,1,0,2,0,0,0.0,0
42,13,29,1,0,0,3,0,0,0.0,0
29,13,16,1,0,0,3,0,0,0.0,0
34,10,24,1,1,0,2,0,0,0.0,0
29,7,22,2,0,0,3,0,0,0.0,0
38,10,28,1,3,14,2,0,0,0.368,0
19,12,7,3,0,12,1,0,1,0.632,1
73,7,66,2,6,0,3,0,0,0.0,0
61,20,41,1,4,0,4,0,0,0.0,0
21,19,2,3,0,15,1,0,0,0.714,1
29,12,17,1,0,0,4,0,0,0.0,0
44,17,27,2,0,2,2,0,0,0.045,1
27,11,16,4,0,8,2,0,1,0.296,1
88,25,63,4,5,5,5,0,0,0.057,1
23,9,14,1,1,0,2,0,0,0.0,0
99,25,74,4,7,2,6,0,0,0.02,1
70,25,45,4,0,6,5,0,0,0.086,1
15,9,6,2,0,0,1,0,0,0.0,0
43,12,31,2,4,19,3,0,0,0.442,0
48,12,36,1,2,0,3,0,0,0.0,0
21,11,10,1,0,0,1,0,0,0.0,0
50,11,39,1,3,0,4,0,0,0.0,0
34,12,22,4,0,13,2,0,1,0.382,1
50,12,38,2,0,12,4,0,0,0.24,0
25,18,7,4,0,14,1,0,0,0.56,1
26,19,7,4,0,15,1,0,0,0.577,1
29,7,22,1,1,0,2,0,0,0.0,0
13,6,7,1,0,0,1,0,0,0.0,0
24,15,9,3,0,13,1,0,1,0.542,1
33,6,27,1,1,0,2,0,0,0.0,0
25,18,7,4,0,14,1,0,0,0.56,1
100,25,75,5,4,8,5,0,0,0.08,1
101,25,76,4,2,4,5,0,0,0.04,1
32,12,20,1,0,0,2,0,0,0.0,0
65,21,44,2,4,22,1,0,0,0.338,1
95,25,70,5,2,17,5,0,0,0.179,1
30,12,18,4,0,11,2,0,1,0.367,1
50,12,38,2,0,11,4,0,0,0.22,0
64,20,44,2,4,25,1,0,0,0.391,1
28,15,13,1,0,0,1,0,0,0.0,0
16,11,5,1,0,0,1,0,0,0.0,0
54,43,11,3,1,20,1,0,0,0.37,1
58,13,45,4,0,28,2,0,1,0.483,1
112,25,87,5,3,4,5,0,0,0.036,1
21,19,2,3,0,15,1,0,0,0.714,1
25,18,7,4,0,14,1,0,0,0.56,1
49,14,35,5,0,15,2,0,1,0.306,1
20,15,5,3,0,12,1,0,1,0.6,1
20,10,10,1,0,0,2,0,0,0.0,0
12,8,4,1,0,0,1,0,0,0.0,0
20,9,11,1,1,0,2,0,0,0.0,0
87,11,76,1,11,11,5,0,0,0.126,0
15,11,4,1,0,0,2,0,0,0.0,0
66,7,59,1,5,8,5,0,0,0.121,0
19,9,10,1,0,0,2,0,0,0.0,0
42,13,29,2,0,0,3,0,0,0.0,0
26,10,16,1,0,0,2,0,0,0.0,0
44,12,32,1,1,0,2,0,0,0.0,0
22,20,2,3,0,16,1,0,0,0.727,1
17,9,8,1,0,0,1,0,0,0.0,0
27,20,7,4,0,16,1,0,0,0.593,1
48,6,42,2,2,1,3,0,0,0.021,0
27,20,7,4,0,16,1,0,0,0.593,1
11,7,4,1,0,0,2,0,0,0.0,0
21,19,2,3,0,15,1,0,0,0.714,1
29,18,11,1,2,0,3,0,0,0.0,0
54,16,38,2,0,11,4,0,0,0.204,0
21,19,2,3,0,15,1,0,0,0.714,1
38,12,26,1,1,0,2,0,0,0.0,0
21,19,2,3,0,15,1,0,0,0.714,1
25,18,7,4,0,14,1,0,0,0.56,1
20,18,2,3,0,14,1,0,0,0.7,1
23,13,10,4,0,11,2,0,1,0.478,1
36,17,19,2,0,4,2,0,0,0.111,1
26,19,7,4,0,15,1,0,0,0.577,1
56,6,50,1,2,0,5,0,0,0.0,0
33,16,17,1,1,0,2,0,0,0.0,0
21,19,2,3,0,15,1,0,0,0.714,1
67,30,37,2,4,22,1,0,0,0.328,1
30,10,20,1,1,0,1,0,0,0.0,0
28,14,14,1,0,0,3,0,0,0.0,0
18,15,3,1,0,0,1,0,0,0.0,0
26,19,7,4,0,15,1,0,0,0.577,1
65,12,53,2,4,27,4,0,0,0.415,1
27,10,17,1,0,0,3,0,0,0.0,0
25,18,7,4,0,14,1,0,0,0.56,1
26,12,14,1,0,5,2,0,0,0.192,0
25,10,15,1,1,0,1,0,0,0.0,0
25,11,14,1,1,0,3,0,0,0.0,0
26,19,7,4,0,15,1,0,0,0.577,1
32,15,17,1,0,0,3,0,0,0.0,0
62,16,46,3,1,9,4,0,0,0.145,0
36,11,25,1,1,0,5,0,0,0.0,0
40,17,23,2,0,4,2,0,0,0.1,1
10,6,4,1,0,0,2,0,0,0.0,0
61,13,48,4,1,29,3,0,1,0.475,1
28,10,18,2,0,0,2,0,0,0.0,0
19,12,7,3,0,12,1,0,1,0.632,1
29,13,16,4,0,11,2,0,1,0.379,1
23,18,5,3,0,15,1,0,0,0.652,1
99,25,74,4,1,4,5,0,0,0.04,1
21,19,2,3,0,15,1,0,0,0.714,1
101,11,90,2,3,28,5,0,0,0.277,0
71,27,44,2,4,21,1,0,0,0.296,1
22,6,16,1,0,0,2,0,0,0.0,0
27,19,8,1,0,0,1,0,0,0.0,0
58,13,45,4,0,29,2,0,1,0.5,1
27,6,21,1,1,0,2,0,0,0.0,0
44,7,37,1,2,0,4,0,0,0.0,0
20,11,9,1,0,0,1,0,0,0.0,0
21,19,2,3,0,15,1,0,0,0.714,1
29,18,11,1,2,0,3,0,0,0.0,0
18,15,3,1,0,0,1,0,0,0.0,0
66,29,37,2,4,19,1,0,0,0.288,1
19,12,7,3,0,13,1,0,1,0.684,1
62,16,46,3,1,11,4,0,0,0.177,0
24,10,14,1,0,0,2,0,0,0.0,0
27,12,15,3,0,6,1,0,0,0.222,1
85,25,60,4,0,5,6,0,0,0.059,1
25,10,15,1,2,0,1,0,0,0.0,0
58,13,45,4,0,26,2,0,1,0.448,1
31,10,21,2,1,0,3,0,0,0.0,0
21,9,12,2,0,0,1,0,0,0.0,0
52,10,42,2,5,6,3,0,0,0.115,0
62,25,37,2,4,22,1,0,0,0.355,1
22,14,8,4,0,11,1,0,1,0.5,1
28,6,22,1,0,1,2,0,0,0.036,0
48,11,37,2,0,5,4,0,0,0.104,0
26,13,13,3,0,11,2,0,1,0.423,1
21,13,8,1,0,0,1,0,0,0.0,0
26,19,7,4,0,15,1,0,0,0.577,1
25,13,12,3,0,10,2,0,1,0.4,1
21,19,2,3,0,15,1,0,0,0.714,1
28,21,7,4,0,17,1,0,0,0.607,1
41,7,34,1,2,0,3,0,0,0.0,0
26,19,7,4,0,15,1,0,0,0.577,1
60,17,43,2,1,18,1,0,0,0.3,1
22,20,2,3,0,16,1,0,0,0.727,1
73,9,64,2,3,0,6,0,0,0.0,0
40,10,30,1,1,0,3,0,0,0.0,0
22,20,2,3,0,16,1,0,0,0.727,1
21,19,2,3,0,15,1,0,0,0.714,1
18,13,5,1,0,0,1,0,0,0.0,0
17,13,4,3,0,10,1,0,1,0.588,1
27,20,7,4,0,16,1,0,0,0.593,1
77,25,52,4,0,5,5,0,0,0.065,1
96,25,71,4,3,5,5,0,0,0.052,1
18,8,10,1,0,0,2,0,0,0.0,0
18,9,9,1,0,0,1,0,0,0.0,0
21,19,2,3,0,15,1,0,0,0.714,1
88,25,63,4,0,5,5,0,0,0.057,1
51,6,45,1,3,0,3,0,0,0.0,0
28,9,19,1,0,0,2,0,0,0.0,0
68,14,54,1,3,0,4,0,0,0.0,0
21,19,2,3,0,15,1,0,0,0.714,1
36,14,22,1,1,0,2,0,0,0.0,0
28,21,7,4,0,17,1,0,0,0.607,1
110,6,104,4,5,5,6,0,0,0.045,0
78,11,67,1,5,0,4,0,0,0.0,0
59,6,53,1,3,0,5,0,0,0.0,0
42,11,31,1,0,8,2,0,0,0.19,0
28,21,7,1,0,1,1,0,0,0.036,1
61,13,48,4,1,29,3,0,1,0.475,1
70,26,44,2,4,23,1,0,0,0.329,1
25,18,7,4,0,14,1,0,0,0.56,1
25,18,7,4,0,14,1,0,0,0.56,1
25,18,7,4,0,14,1,0,0,0.56,1
47,10,37,2,1,6,5,0,0,0.128,0
26,19,7,4,0,15,1,0,0,0.577,1
165,9,156,7,1,19,8,0,0,0.115,0
37,10,27,1,2,0,2,0,0,0.0,0
20,18,2,3,0,14,1,0,0,0.7,1
26,11,15,1,1,0,1,0,0,0.0,0
28,21,7,4,0,17,1,0,0,0.607,1
133,25,108,5,8,11,5,0,0,0.083,1
32,14,18,2,1,0,1,0,0,0.0,0
24,13,11,3,0,14,2,0,1,0.583,1
55,18,37,2,4,24,1,0,0,0.436,1
103,25,78,4,5,3,5,0,0,0.029,1
36,15,21,1,1,0,3,0,0,0.0,0
23,15,8,1,0,0,1,0,0,0.0,0
22,7,15,1,1,0,2,0,0,0.0,0
28,6,22,2,0,0,2,0,0,0.0,0
25,9,16,1,0,0,2,0,0,0.0,0
25,12,13,4,0,11,1,0,1,0.44,1
24,11,13,1,1,0,3,0,0,0.0,0
102,25,77,4,0,7,5,0,0,0.069,1
15,11,4,1,0,0,2,0,0,0.0,0
23,21,2,3,0,17,1,0,0,0.739,1
65,21,44,2,4,26,1,0,0,0.4,1
46,12,34,1,2,0,3,0,0,0.0,0
30,18,12,4,0,14,1,0,0,0.467,1
36,11,25,1,2,0,4,0,0,0.0,0
30,12,18,1,1,0,2,0,0,0.0,0
78,11,67,1,3,0,4,0,0,0.0,0
24,12,12,4,0,10,1,0,1,0.417,1
55,18,37,2,4,20,1,0,0,0.364,1
33,12,21,1,0,0,2,0,0,0.0,0
21,19,2,3,0,15,1,0,0,0.714,1
93,25,68,4,3,2,5,0,0,0.022,1
22,16,6,3,0,14,1,0,0,0.636,1
54,17,37,2,4,22,1,0,0,0.407,1
36,17,19,2,0,2,2,0,0,0.056,1
27,9,18,1,1,0,2,0,0,0.0,0
38,6,32,1,2,0,2,0,0,0.0,0
35,11,24,1,1,0,4,0,0,0.0,0
27,10,17,1,0,0,2,0,0,0.0,0
25,18,7,4,0,14,1,0,0,0.56,1
36,11,25,1,3,0,3,0,0,0.0,0
26,19,7,4,0,15,1,0,0,0.577,1
13,8,5,1,0,0,1,0,0,0.0,0
41,10,31,2,1,0,2,0,0,0.0,0
21,11,10,1,0,0,1,0,0,0.0,0
30,13,17,1,1,0,1,0,0,0.0,0
25,6,19,1,1,0,1,0,0,0.0,0
36,9,27,1,0,0,3,0,0,0.0,0
13,8,5,1,0,0,1,0,0,0.0,0
21,19,2,3,0,15,1,0,0,0.714,1
55,9,46,3,1,11,4,0,0,0.2,0
80,10,70,2,4,22,2,0,0,0.275,0
18,11,7,3,0,11,1,0,1,0.611,1
18,7,11,2,0,0,1,0,0,0.0,0
28,21,7,4,0,17,1,0,0,0.607,1
21,19,2,3,0,15,1,0,0,0.714,1
124,25,99,4,5,4,5,0,0,0.032,1
27,20,7,4,0,16,1,0,0,0.593,1
21,19,2,3,0,15,1,0,0,0.714,1
37,11,26,3,0,1,2,0,0,0.027,0
16,12,4,3,0,9,1,0,1,0.562,1
19,12,7,3,0,13,1,0,1,0.684,1
28,10,18,2,0,0,2,0,0,0.0,0
114,11,103,1,14,14,5,0,0,0.123,0
48,15,33,4,0,14,2,0,1,0.292,1
30,14,16,3,0,11,2,0,1,0.367,1
23,21,2,3,0,17,1,0,0,0.739,1
29,18,11,3,0,1,1,0,0,0.034,1
98,25,73,4,1,2,6,0,0,0.02,1
114,25,89,4,3,2,7,0,0,0.018,1
33,12,21,4,0,10,3,0,1,0.303,1
17,10,7,1,0,0,1,0,0,0.0,0
138,12,126,6,7,14,1,0,1,0.101,1
33,11,22,1,1,0,4,0,0,0.0,0
27,20,7,4,0,16,1,0,0,0.593,1
118,11,107,3,1,6,10,0,0,0.051,0
27,19,8,3,0,15,1,0,0,0.556,1
110,25,85,4,3,6,8,0,0,0.055,1
72,37,35,4,5,9,2,0,0,0.125,1
33,6,27,1,1,0,2,0,0,0.0,0
25,18,7,4,0,14,1,0,0,0.56,1
25,18,7,4,0,14,1,0,0,0.56,1
31,11,20,1,1,0,3,0,0,0.0,0
39,10,29,3,1,0,3,0,0,0.0,0
20,18,2,3,0,14,1,0,0,0.7,1
23,21,2,3,0,17,1,0,0,0.739,1
26,19,7,4,0,15,1,0,0,0.577,1
76,11,65,1,4,0,4,0,0,0.0,0
27,20,7,4,0,16,1,0,0,0.593,1
31,12,19,4,0,11,2,0,1,0.355,1
96,7,89,1,10,8,6,0,0,0.083,0
97,25,72,4,1,5,5,0,0,0.052,1
21,10,11,1,0,0,1,0,0,0.0,0
26,19,7,4,0,15,1,0,0,0.577,1
97,10,87,2,2,0,6,0,0,0.0,1
33,10,23,1,0,0,3,0,0,0.0,0
45,6,39,2,1,1,3,0,0,0.022,0
18,7,11,1,0,0,1,0,0,0.0,0
20,18,2,3,0,14,1,0,0,0.7,1
24,14,10,1,0,0,2,0,0,0.0,0
21,19,2,3,0,15,1,0,0,0.714,1
31,10,21,2,2,0,1,0,0,0.0,0
20,9,11,1,1,0,2,0,0,0.0,0
27,19,8,1,0,0,1,0,0,0.0,0
70,11,59,1,2,0,4,0,0,0.0,0
24,13,11,4,0,11,2,0,1,0.458,1
80,25,55,4,0,5,5,0,0,0.062,1
116,11,105,2,10,13,5,0,0,0.112,0
19,10,9,1,0,0,1,0,0,0.0,0
55,9,46,1,1,0,4,0,0,0.0,0
20,18,2,3,0,14,1,0,0,0.7,1
58,21,37,2,4,14,1,0,0,0.241,1
36,13,23,3,0,0,2,0,0,0.0,1
92,25,67,4,1,4,7,0,0,0.043,1
90,25,65,5,5,11,5,0,0,0.122,1
74,25,49,4,2,5,5,0,0,0.068,1
39,19,20,3,1,4,2,0,0,0.103,1
61,24,37,2,4,25,1,0,0,0.41,1
47,11,36,1,3,0,4,0,0,0.0,0
64,20,44,2,4,17,1,0,0,0.266,1
23,12,11,4,0,12,2,0,1,0.522,1
23,10,13,1,1,0,2,0,0,0.0,0
21,19,2,3,0,15,1,0,0,0.714,1
27,9,18,1,0,0,3,0,0,0.0,0
26,17,9,1,0,0,1,0,0,0.0,0
11,4,7,1,0,0,2,0,0,0.0,0
33,11,22,1,1,0,1,0,0,0.0,0
18,11,7,3,0,13,1,0,1,0.722,1
27,20,7,4,0,16,1,0,0,0.593,1
59,22,37,2,4,22,1,0,0,0.373,1
27,20,7,4,0,16,1,0,0,0.593,1
19,12,7,3,0,12,1,0,1,0.632,1
57,7,50,3,1,6,5,0,0,0.105,0
26,9,17,1,2,0,1,0,0,0.0,0
18,9,9,1,1,0,2,0,0,0.0,0
47,9,38,1,1,0,3,0,0,0.0,0
33,13,20,4,0,14,2,0,1,0.424,1
64,16,48,1,4,0,3,0,0,0.0,0
20,13,7,1,0,0,1,0,0,0.0,0
20,18,2,3,0,14,1,0,0,0.7,1
104,25,79,4,4,6,6,0,0,0.058,1
25,18,7,4,0,14,1,0,0,0.56,1
98,25,73,4,2,6,5,0,0,0.061,1
23,10,13,1,0,0,4,0,0,0.0,0
36,10,26,1,1,0,2,0,0,0.0,0
113,25,88,5,7,5,5,0,0,0.044,1
33,6,27,1,2,0,2,0,0,0.0,0
42,12,30,4,0,27,2,0,1,0.643,1
31,17,14,2,0,2,2,0,0,0.065,1
33,10,23,1,1,0,3,0,0,0.0,0
35,10,25,1,0,0,3,0,0,0.0,0
20,18,2,3,0,14,1,0,0,0.7,1
14,6,8,1,0,2,2,0,0,0.143,1
21,19,2,3,0,15,1,0,0,0.714,1
18,11,7,1,1,0,2,0,0,0.0,0
32,17,15,2,0,5,2,0,0,0.156,1
19,14,5,3,0,12,1,0,1,0.632,1
19,11,8,1,0,0,1,0,0,0.0,0
42,11,31,1,1,0,4,0,0,0.0,0
41,10,31,2,2,0,2,0,0,0.0,0
112,25,87,5,2,3,6,0,0,0.027,1
22,20,2,3,0,16,1,0,0,0.727,1
20,10,10,1,0,0,1,0,0,0.0,0
56,7,49,1,3,0,4,0,0,0.0,0
42,9,33,1,1,0,2,0,0,0.0,0
55,15,40,1,2,0,4,0,0,0.0,0
21,14,7,1,0,0,2,0,0,0.0,0
46,14,32,5,0,12,2,0,1,0.261,1
32,13,19,1,1,0,2,0,0,0.0,0
18,13,5,4,0,10,1,0,1,0.556,1
111,6,105,4,5,5,6,0,0,0.045,0
16,11,5,1,0,0,2,0,0,0.0,0
102,25,77,4,7,3,6,0,0,0.029,1
86,25,61,4,1,2,7,0,0,0.023,1
16,9,7,1,0,0,1,0,0,0.0,0
112,25,87,4,5,4,6,0,0,0.036,1
54,16,38,2,0,10,4,0,0,0.185,0
33,19,14,1,0,0,3,0,0,0.0,0
78,25,53,4,1,5,5,0,0,0.064,1
30,16,14,1,0,0,2,0,0,0.0,0
22,20,2,3,0,16,1,0,0,0.727,1
26,19,7,4,0,15,1,0,0,0.577,1
21,19,2,3,0,15,1,0,0,0.714,1
43,17,26,2,0,4,2,0,0,0.093,1
27,20,7,4,0,16,1,0,0,0.593,1
18,15,3,1,0,0,1,0,0,0.0,0
86,9,77,2,1,7,7,0,0,0.081,1
39,11,28,1,1,0,3,0,0,0.0,0
105,25,80,4,3,5,6,0,0,0.048,1
85,25,60,4,3,5,5,0,0,0.059,1
22,20,2,3,0,16,1,0,0,0.727,1
35,12,23,5,0,9,2,0,1,0.257,1
56,19,37,2,4,22,1,0,0,0.393,1
18,11,7,1,1,0,2,0,0,0.0,0
36,12,24,4,0,13,2,0,1,0.361,1
117,25,92,4,7,5,5,0,0,0.043,1
59,22,37,2,4,22,1,0,0,0.373,1
58,11,47,1,3,0,3,0,0,0.0,0
23,15,8,1,0,0,1,0,0,0.0,0
44,12,32,1,2,0,2,0,0,0.0,0
18,9,9,2,0,0,1,0,0,0.0,0
27,16,11,1,0,0,2,0,0,0.0,0
34,26,8,3,1,5,1,0,0,0.147,1
19,14,5,3,0,12,1,0,1,0.632,1
34,8,26,1,2,0,1,0,0,0.0,0
27,20,7,4,0,16,1,0,0,0.593,1
19,6,13,1,0,0,2,0,0,0.0,0
26,10,16,1,0,0,2,0,0,0.0,0
94,25,69,5,4,3,5,0,0,0.032,1
18,15,3,1,0,0,1,0,0,0.0,0
23,21,2,3,0,17,1,0,0,0.739,1
24,17,7,4,0,13,1,0,0,0.542,1
13,9,4,1,0,0,1,0,0,0.0,0
22,12,10,1,0,2,2,0,0,0.091,1
14,10,4,1,0,0,1,0,0,0.0,0
19,12,7,3,0,13,1,0,1,0.684,1
112,25,87,4,0,4,8,0,0,0.036,1
53,13,40,4,0,22,2,0,1,0.415,1
14,10,4,1,0,0,1,0,0,0.0,0
33,15,18,1,1,0,2,0,0,0.0,0
61,55,6,3,3,8,1,0,0,0.131,1
28,11,17,1,0,0,4,0,0,0.0,0
19,12,7,3,0,13,1,0,1,0.684,1
26,19,7,4,0,15,1,0,0,0.577,1
20,7,13,1,0,5,4,0,0,0.25,0
20,14,6,4,0,11,1,0,1,0.55,1
18,9,9,1,0,0,1,0,0,0.0,0
19,12,7,3,0,15,1,0,1,0.789,1
25,18,7,4,0,14,1,0,0,0.56,1
18,11,7,1,1,0,2,0,0,0.0,0
39,10,29,2,1,6,2,0,0,0.154,0
101,9,92,5,3,19,4,0,0,0.188,0
92,25,67,4,1,2,5,0,0,0.022,1
19,12,7,3,0,12,1,0,1,0.632,1
29,7,22,1,1,0,3,0,0,0.0,0
55,10,45,3,1,6,5,0,0,0.109,0
24,7,17,1,0,0,2,0,0,0.0,0
20,10,10,1,0,0,1,0,0,0.0,0
46,35,11,5,3,12,1,0,0,0.261,1
68,24,44,2,4,23,1,0,0,0.338,1
22,12,10,4,0,10,1,0,1,0.455,1
25,10,15,2,0,0,2,0,0,0.0,0
27,20,7,4,0,16,1,0,0,0.593,1
57,11,46,1,2,0,3,0,0,0.0,0
19,12,7,3,0,12,1,0,1,0.632,1
21,17,4,1,0,2,1,0,0,0.095,1
12,4,8,1,0,0,1,0,0,0.0,0
23,12,11,1,1,0,2,0,0,0.0,0
21,15,6,1,0,0,2,0,0,0.0,0
18,6,12,1,0,0,2,0,0,0.0,0
15,11,4,1,0,0,2,0,0,0.0,0
21,19,2,3,0,15,1,0,0,0.714,1
40,11,29,1,0,5,2,0,0,0.125,0
21,19,2,3,0,15,1,0,0,0.714,1
96,25,71,5,3,11,7,0,0,0.115,1
29,14,15,4,0,11,2,0,1,0.379,1
23,12,11,1,1,0,2,0,0,0.0,0
90,25,65,4,2,4,6,0,0,0.044,1
17,9,8,1,0,0,2,0,0,0.0,0
98,25,73,4,2,2,5,0,0,0.02,1
43,9,34,2,0,0,4,0,0,0.0,0
34,13,21,1,2,0,1,0,0,0.0,0
81,25,56,4,0,6,5,0,0,0.074,1
29,15,14,1,0,0,2,0,0,0.0,0
111,25,86,4,5,5,7,0,0,0.045,1
16,9,7,1,1,0,1,0,0,0.0,0
42,7,35,1,2,0,4,0,0,0.0,0
18,12,6,1,0,0,2,0,0,0.0,0
53,7,46,1,2,0,4,0,0,0.0,0
24,12,12,1,0,0,3,0,0,0.0,0
28,10,18,1,0,0,3,0,0,0.0,0
29,13,16,4,0,12,2,0,1,0.414,1
44,12,32,4,0,11,2,0,1,0.25,1
30,6,24,2,0,0,2,0,0,0.0,0
19,12,7,3,0,14,1,0,1,0.737,1
98,25,73,5,5,3,5,0,0,0.031,1
20,7,13,1,0,5,4,0,0,0.25,0
109,25,84,5,6,4,5,0,0,0.037,1
49,9,40,1,2,0,3,0,0,0.0,0
48,11,37,3,0,6,4,0,0,0.125,0
45,6,39,2,1,3,3,0,0,0.067,0
49,15,34,1,1,0,3,0,0,0.0,0
14,10,4,1,0,0,1,0,0,0.0,0
25,13,12,3,0,14,2,0,1,0.56,1
54,16,38,2,0,9,4,0,0,0.167,0
20,18,2,3,0,14,1,0,0,0.7,1
44,7,37,1,3,0,3,0,0,0.0,0
21,13,8,3,0,12,1,0,1,0.571,1
41,10,31,3,0,4,3,0,0,0.098,0
27,20,7,4,0,16,1,0,0,0.593,1
63,7,56,1,4,0,4,0,0,0.0,0
29,9,20,1,1,0,3,0,0,0.0,0
12,6,6,1,0,0,1,0,0,0.0,0
59,22,37,2,4,19,1,0,0,0.322,1
63,13,50,4,0,18,2,0,1,0.286,1
43,10,33,1,1,0,2,0,0,0.0,0
55,49,6,3,2,3,1,0,0,0.055,1
123,25,98,4,2,17,5,0,0,0.138,1
66,25,41,4,0,2,5,0,0,0.03,1
168,25,143,4,6,5,6,0,0,0.03,1
21,19,2,3,0,15,1,0,0,0.714,1
95,25,70,4,3,6,6,0,0,0.063,1
21,10,11,1,0,0,2,0,0,0.0,0
21,19,2,3,0,15,1,0,0,0.714,1
22,9,13,1,1,0,3,0,0,0.0,0
26,19,7,4,0,15,1,0,0,0.577,1
115,25,90,5,6,6,6,0,0,0.052,1
68,24,44,2,4,21,1,0,0,0.309,1
45,11,34,1,4,5,4,0,0,0.111,0
10,6,4,1,0,0,2,0,0,0.0,0
55,7,48,2,3,4,4,0,0,0.073,0
19,12,7,3,0,14,1,0,1,0.737,1
18,12,6,1,0,0,1,0,0,0.0,0
28,10,18,2,0,2,2,0,0,0.071,0
23,21,2,3,0,17,1,0,0,0.739,1
20,18,2,3,0,14,1,0,0,0.7,1
38,13,25,4,0,24,2,0,1,0.632,1
37,10,27,1,1,0,2,0,0,0.0,0
26,19,7,4,0,15,1,0,0,0.577,1
24,11,13,1,0,1,3,0,0,0.042,0
26,19,7,4,0,15,1,0,0,0.577,1
95,25,70,5,2,6,6,0,0,0.063,1
20,11,9,1,0,0,1,0,0,0.0,0
21,19,2,3,0,15,1,0,0,0.714,1
46,6,40,2,1,2,3,0,0,0.043,0
26,19,7,4,0,15,1,0,0,0.577,1
25,11,14,1,1,0,2,0,0,0.0,0
19,9,10,1,1,0,2,0,0,0.0,0
90,7,83,1,7,8,6,0,0,0.089,0
31,9,22,1,1,0,2,0,0,0.0,0
107,25,82,5,1,7,7,0,0,0.065,1
33,9,24,1,2,0,1,0,0,0.0,0
17,13,4,3,0,10,1,0,1,0.588,1
46,10,36,2,3,4,2,0,0,0.087,0
81,25,56,4,3,4,5,0,0,0.049,1
102,25,77,5,4,7,5,0,0,0.069,1
20,12,8,1,0,0,2,0,0,0.0,0
18,14,4,3,0,11,1,0,1,0.611,1
20,11,9,1,0,0,3,0,0,0.0,0
25,20,5,2,0,2,1,0,0,0.08,1
32,6,26,1,3,0,2,0,0,0.0,0
23,9,14,1,1,0,3,0,0,0.0,0
22,20,2,3,0,16,1,0,0,0.727,1
46,8,38,3,1,7,2,0,0,0.152,0
68,6,62,1,8,7,4,0,0,0.103,0
20,12,8,1,0,0,1,0,0,0.0,0
36,6,30,1,0,0,3,0,0,0.0,0
21,19,2,3,0,15,1,0,0,0.714,1
42,6,36,2,2,0,3,0,0,0.0,0
25,11,14,2,1,0,1,0,0,0.0,0
22,10,12,2,1,0,1,0,0,0.0,0
86,7,79,2,8,9,4,0,0,0.105,0
66,29,37,2,4,20,1,0,0,0.303,1
38,15,23,1,1,0,2,0,0,0.0,0
13,7,6,1,0,0,1,0,0,0.0,0
79,25,54,4,2,2,5,0,0,0.025,1
47,9,38,2,2,0,4,0,0,0.0,0
58,13,45,4,0,31,2,0,1,0.534,1
60,23,37,2,4,22,1,0,0,0.367,1
66,22,44,2,4,26,1,0,0,0.394,1
26,12,14,4,0,14,2,0,1,0.538,1
41,12,29,1,0,0,5,0,0,0.0,0
30,12,18,1,0,0,4,0,0,0.0,0
25,12,13,1,0,0,2,0,0,0.0,0
57,11,46,1,3,0,4,0,0,0.0,0
22,20,2,3,0,16,1,0,0,0.727,1
32,8,24,1,1,0,1,0,0,0.0,0
25,18,7,4,0,14,1,0,0,0.56,1
32,10,22,1,2,0,2,0,0,0.0,0
50,10,40,1,3,0,2,0,0,0.0,0
26,19,7,4,0,15,1,0,0,0.577,1
33,10,23,1,0,0,3,0,0,0.0,0
38,10,28,1,3,13,2,0,0,0.342,0
20,18,2,3,0,14,1,0,0,0.7,1
26,19,7,4,0,15,1,0,0,0.577,1
45,9,36,2,0,0,4,0,0,0.0,0
28,9,19,2,0,0,4,0,0,0.0,0
9,6,3,1,0,0,1,0,0,0.0,0
48,11,37,2,1,7,4,0,0,0.146,0
95,25,70,4,2,2,6,0,0,0.021,1
98,9,89,3,4,4,6,0,0,0.041,0
22,20,2,3,0,16,1,0,0,0.727,1
31,17,14,1,1,0,2,0,0,0.0,0
85,25,60,4,1,2,5,0,0,0.024,1
38,11,27,1,1,0,4,0,0,0.0,0
27,20,7,4,0,16,1,0,0,0.593,1
28,12,16,1,0,0,2,0,0,0.0,0
26,11,15,1,0,0,2,0,0,0.0,0
36,15,21,1,0,0,3,0,0,0.0,0
23,13,10,3,0,10,2,0,1,0.435,1
22,20,2,3,0,16,1,0,0,0.727,1
97,25,72,4,3,5,5,0,0,0.052,1
61,13,48,4,1,30,3,0,1,0.492,1
27,20,7,4,0,16,1,0,0,0.593,1
61,55,6,3,3,8,1,0,0,0.131,1
19,13,6,3,0,10,1,0,1,0.526,1
26,10,16,1,0,0,2,0,0,0.0,0
51,9,42,2,2,0,5,0,0,0.0,0
49,38,11,3,0,1,1,0,0,0.02,1
25,11,14,1,1,0,1,0,0,0.0,0
46,10,36,2,2,6,2,0,0,0.13,0
56,19,37,2,4,20,1,0,0,0.357,1
37,12,25,1,3,0,2,0,0,0.0,0
20,7,13,1,0,5,4,0,0,0.25,0
34,10,24,1,2,0,2,0,0,0.0,0
26,19,7,4,0,15,1,0,0,0.577,1
56,44,12,4,2,0,1,0,0,0.0,1
26,13,13,5,2,12,1,0,1,0.462,1
62,25,37,2,4,21,1,0,0,0.339,1
141,25,116,4,5,2,6,0,0,0.014,1
94,25,69,4,3,5,5,0,0,0.053,1
23,8,15,1,0,0,1,0,0,0.0,0
28,11,17,1,1,0,3,0,0,0.0,0
38,9,29,1,1,0,2,0,0,0.0,0
28,9,19,2,0,0,4,0,0,0.0,0
33,11,22,1,0,0,4,0,0,0.0,0
62,11,51,1,5,6,5,0,0,0.097,0
122,25,97,5,7,5,6,0,0,0.041,1
90,25,65,4,3,2,5,0,0,0.022,1
25,18,7,4,0,14,1,0,0,0.56,1
27,20,7,4,0,16,1,0,0,0.593,1
28,9,19,2,0,0,4,0,0,0.0,0
19,17,2,3,0,13,1,0,0,0.684,1
48,11,37,3,0,4,4,0,0,0.083,0
20,15,5,1,0,0,1,0,0,0.0,0
28,13,15,4,0,12,2,0,1,0.429,1
23,21,2,3,0,17,1,0,0,0.739,1
98,25,73,5,6,2,7,0,0,0.02,1
86,9,77,2,1,7,7,0,0,0.081,1
54,9,45,2,0,0,6,0,0,0.0,0
34,10,24,1,0,0,5,0,0,0.0,0
38,11,27,1,2,0,1,0,0,0.0,0
31,9,22,2,1,0,4,0,0,0.0,0
90,9,81,2,5,9,4,0,0,0.1,0
27,20,7,4,0,16,1,0,0,0.593,1
18,11,7,1,1,0,2,0,0,0.0,0
22,13,9,4,0,10,1,0,1,0.455,1
33,17,16,1,0,0,2,0,0,0.0,0
31,11,20,1,1,0,4,0,0,0.0,0
20,9,11,1,0,0,1,0,0,0.0,0
23,9,14,1,0,0,3,0,0,0.0,0
18,11,7,1,1,0,2,0,0,0.0,0
21,9,12,1,1,0,1,0,0,0.0,0
22,8,14,1,1,0,1,0,0,0.0,0
37,14,23,2,0,0,3,0,0,0.0,0
32,11,21,2,0,0,1,0,0,0.0,0
13,7,6,1,0,0,1,0,0,0.0,0
21,19,2,3,0,15,1,0,0,0.714,1
48,11,37,2,0,3,4,0,0,0.062,0
103,11,92,2,10,13,5,0,0,0.126,0
103,9,94,2,6,0,6,0,0,0.0,0
115,25,90,5,3,6,6,0,0,0.052,1
18,11,7,1,1,0,2,0,0,0.0,0
48,9,39,1,0,1,5,0,0,0.021,0
19,14,5,3,0,11,1,0,1,0.579,1
111,25,86,5,5,6,6,0,0,0.054,1
25,18,7,4,0,14,1,0,0,0.56,1
165,11,154,5,4,21,10,0,0,0.127,0
14,9,5,1,0,0,1,0,0,0.0,0
20,18,2,3,0,14,1,0,0,0.7,1
33,15,18,1,0,0,3,0,0,0.0,0
57,6,51,2,1,0,3,0,0,0.0,0
24,12,12,4,0,10,1,0,1,0.417,1
32,18,14,2,0,0,2,0,0,0.0,1
34,12,22,1,2,0,1,0,0,0.0,0
117,25,92,5,10,4,5,0,0,0.034,1
28,9,19,2,0,0,4,0,0,0.0,0
22,12,10,1,0,2,2,0,0,0.091,1
37,10,27,1,1,0,3,0,0,0.0,0
91,25,66,5,4,3,5,0,0,0.033,1
54,6,48,2,1,0,3,0,0,0.0,0
110,25,85,4,6,5,5,0,0,0.045,1
43,11,32,1,2,0,3,0,0,0.0,0
95,7,88,1,10,10,6,0,0,0.105,0
23,21,2,3,0,17,1,0,0,0.739,1
70,26,44,2,4,25,1,0,0,0.357,1
60,14,46,1,3,0,4,0,0,0.0,0
21,19,2,3,0,15,1,0,0,0.714,1
62,55,7,3,3,8,2,0,0,0.129,1
109,25,84,5,5,3,5,0,0,0.028,1
41,10,31,1,1,0,3,0,0,0.0,0
26,19,7,4,0,15,1,0,0,0.577,1
37,11,26,3,0,2,2,0,0,0.054,0
109,9,100,5,0,21,6,0,0,0.193,0
114,11,103,2,5,2,7,0,0,0.018,0
28,10,18,2,1,0,1,0,0,0.0,0
15,11,4,1,0,0,2,0,0,0.0,0
48,11,37,1,1,0,4,0,0,0.0,0
12,7,5,1,0,0,1,0,0,0.0,0
11,7,4,1,0,0,2,0,0,0.0,0
58,21,37,2,4,20,1,0,0,0.345,1
23,21,2,3,0,17,1,0,0,0.739,1
38,9,29,1,1,0,2,0,0,0.0,0
88,6,82,4,2,5,7,0,0,0.057,0
33,10,23,1,1,0,3,0,0,0.0,0
34,10,24,1,0,0,3,0,0,0.0,0
28,13,15,4,0,11,2,0,1,0.393,1
22,11,11,1,0,0,1,0,0,0.0,0
102,25,77,5,3,7,5,0,0,0.069,1
25,18,7,4,0,14,1,0,0,0.56,1
75,20,55,1,5,0,4,0,0,0.0,0
39,11,28,1,2,0,4,0,0,0.0,0
50,12,38,2,0,8,4,0,0,0.16,0
125,25,100,4,7,2,9,0,0,0.016,1
50,11,39,1,4,0,4,0,0,0.0,0
34,18,16,2,0,1,2,0,0,0.029,1
14,9,5,1,0,0,1,0,0,0.0,0
84,11,73,1,4,0,4,0,0,0.0,0
28,10,18,2,0,1,2,0,0,0.036,0
34,18,16,5,2,15,1,0,0,0.441,1
28,21,7,4,0,17,1,0,0,0.607,1
28,10,18,2,0,0,2,0,0,0.0,0
120,25,95,4,3,4,5,0,0,0.033,1
28,10,18,2,0,0,2,0,0,0.0,0
46,9,37,2,1,0,4,0,0,0.0,0
17,11,6,1,0,0,1,0,0,0.0,0
23,16,7,4,0,12,1,0,0,0.522,1
24,13,11,3,0,11,2,0,1,0.458,1
18,12,6,1,0,0,1,0,0,0.0,0
29,9,20,1,0,0,2,0,0,0.0,0
26,19,7,4,0,15,1,0,0,0.577,1
18,15,3,1,0,0,1,0,0,0.0,0
97,25,72,4,2,5,5,0,0,0.052,1
27,15,12,3,0,16,1,0,1,0.593,1
61,55,6,3,3,8,1,0,0,0.131,1
59,7,52,1,4,8,6,0,0,0.136,0
21,14,7,3,0,11,1,0,1,0.524,1
16,8,8,1,0,0,1,0,0,0.0,0
106,25,81,4,5,7,5,0,0,0.066,1
25,10,15,1,0,0,2,0,0,0.0,0
122,25,97,4,3,3,6,0,0,0.025,1
22,12,10,1,0,0,1,0,0,0.0,0
22,20,2,3,0,16,1,0,0,0.727,1
41,24,17,4,1,1,2,0,0,0.024,1
55,9,46,3,1,12,4,0,0,0.218,0
22,20,2,3,0,16,1,0,0,0.727,1
68,25,43,4,1,2,5,0,0,0.029,1
102,25,77,5,4,7,5,0,0,0.069,1
26,11,15,4,0,9,3,0,1,0.346,1
114,6,108,4,5,5,6,0,0,0.044,0
23,13,10,4,0,11,1,0,1,0.478,1
21,12,9,1,0,0,2,0,0,0.0,0
29,15,14,3,0,13,2,0,1,0.448,1
48,14,34,5,0,11,2,0,1,0.229,1
22,13,9,4,0,11,1,0,1,0.5,1
15,11,4,1,0,0,2,0,0,0.0,0
33,17,16,1,0,0,2,0,0,0.0,0
21,19,2,3,0,15,1,0,0,0.714,1
21,7,14,1,0,0,2,0,0,0.0,0
22,10,12,1,1,0,2,0,0,0.0,0
45,15,30,1,1,0,3,0,0,0.0,0
40,13,27,4,0,22,3,0,1,0.55,1
48,10,38,2,0,12,4,0,0,0.25,0
15,11,4,1,0,0,2,0,0,0.0,0
37,10,27,1,0,0,2,0,0,0.0,0
19,7,12,1,1,0,2,0,0,0.0,0
20,18,2,3,0,14,1,0,0,0.7,1
49,10,39,1,1,0,4,0,0,0.0,0
22,20,2,3,0,16,1,0,0,0.727,1
88,25,63,4,1,6,5,0,0,0.068,1
30,12,18,4,0,11,2,0,1,0.367,1
25,9,16,1,1,0,3,0,0,0.0,0
29,11,18,1,0,0,4,0,0,0.0,0
21,19,2,3,0,15,1,0,0,0.714,1
107,25,82,6,4,5,7,0,0,0.047,1
72,37,35,4,5,9,2,0,0,0.125,1
28,21,7,4,0,17,1,0,0,0.607,1
46,20,26,1,1,0,4,0,0,0.0,0
55,12,43,1,1,0,4,0,0,0.0,0
19,12,7,1,0,0,1,0,0,0.0,0
53,6,47,2,1,1,3,0,0,0.019,0
25,17,8,1,0,0,1,0,0,0.0,0
29,9,20,2,0,0,3,0,0,0.0,0
10,6,4,1,0,0,1,0,0,0.0,0
21,6,15,1,0,0,2,0,0,0.0,0
59,16,43,3,0,30,4,0,0,0.508,1
17,7,10,1,1,0,1,0,0,0.0,0
21,9,12,2,0,0,1,0,0,0.0,0
21,10,11,1,0,0,2,0,0,0.0,0
57,14,43,1,4,0,4,0,0,0.0,0
24,11,13,1,0,0,3,0,0,0.0,0
24,12,12,4,0,10,1,0,1,0.417,1
31,17,14,2,0,4,1,0,0,0.129,1
21,19,2,3,0,15,1,0,0,0.714,1
45,11,34,1,0,0,5,0,0,0.0,0
22,14,8,4,0,11,1,0,1,0.5,1
31,15,16,1,0,0,2,0,0,0.0,0
17,13,4,3,0,10,1,0,1,0.588,1
28,17,11,2,0,3,2,0,0,0.107,1
41,4,37,1,5,0,2,0,0,0.0,0
39,10,29,2,1,6,2,0,0,0.154,0
93,25,68,4,2,10,5,0,0,0.108,1
17,12,5,3,0,9,1,0,1,0.529,1
92,25,67,4,3,6,5,0,0,0.065,1
98,25,73,4,1,5,6,0,0,0.051,1
81,6,75,2,8,2,4,0,0,0.025,0
116,25,91,4,7,2,5,0,0,0.017,1
16,10,6,1,0,0,1,0,0,0.0,0
44,11,33,1,2,0,4,0,0,0.0,0
110,25,85,4,8,2,5,0,0,0.018,1
18,15,3,1,0,0,1,0,0,0.0,0
41,21,20,3,2,4,2,0,0,0.098,1
63,26,37,2,4,22,1,0,0,0.349,1
47,13,34,5,0,10,2,0,1,0.213,1
23,21,2,3,0,17,1,0,0,0.739,1
48,11,37,2,1,2,4,0,0,0.042,0
61,14,47,1,2,0,4,0,0,0.0,0
54,7,47,1,3,0,4,0,0,0.0,0
87,25,62,4,1,3,6,0,0,0.034,1
59,22,37,2,4,19,1,0,0,0.322,1
33,7,26,1,0,0,3,0,0,0.0,0
67,23,44,2,4,19,1,0,0,0.284,1
41,11,30,1,0,9,2,0,0,0.22,0
41,11,30,1,0,2,2,0,0,0.049,0
92,25,67,5,1,8,5,0,0,0.087,1
33,9,24,1,1,0,2,0,0,0.0,0
62,25,37,2,4,19,1,0,0,0.306,1
32,10,22,2,0,0,2,0,0,0.0,1
17,7,10,1,1,0,2,0,0,0.0,0
109,25,84,4,3,5,6,0,0,0.046,1
65,7,58,1,3,8,5,0,0,0.123,0
22,10,12,1,0,0,2,0,0,0.0,0
72,7,65,1,6,8,5,0,0,0.111,0
46,10,36,1,1,0,4,0,0,0.0,0
23,10,13,2,0,6,1,0,0,0.261,1
40,11,29,1,0,5,2,0,0,0.125,0
85,25,60,4,2,2,5,0,0,0.024,1
21,19,2,3,0,15,1,0,0,0.714,1
64,20,44,2,4,28,1,0,0,0.438,1
27,20,7,4,0,16,1,0,0,0.593,1
126,25,101,5,3,3,6,0,0,0.024,1
47,13,34,5,0,10,2,0,1,0.213,1
27,12,15,4,0,13,2,0,1,0.481,1
16,7,9,1,0,0,1,0,0,0.0,0
31,6,25,1,0,0,3,0,0,0.0,0
25,9,16,1,1,0,2,0,0,0.0,0
21,15,6,1,0,0,1,0,0,0.0,0
39,16,23,1,2,0,3,0,0,0.0,0
19,7,12,2,0,0,1,0,0,0.0,0
16,9,7,1,1,0,2,0,0,0.0,0
42,10,32,1,1,0,3,0,0,0.0,0
66,22,44,2,4,24,1,0,0,0.364,1
28,21,7,4,0,17,1,0,0,0.607,1
20,18,2,3,0,14,1,0,0,0.7,1
19,14,5,3,0,11,1,0,1,0.579,1
127,25,102,4,7,7,6,0,0,0.055,1
26,11,15,1,0,0,3,0,0,0.0,0
19,14,5,3,0,11,1,0,1,0.579,1
27,20,7,4,0,16,1,0,0,0.593,1
19,14,5,3,0,12,1,0,1,0.632,1
33,7,26,1,1,0,3,0,0,0.0,0
28,10,18,2,0,1,2,0,0,0.036,0
21,19,2,3,0,15,1,0,0,0.714,1
39,17,22,2,0,4,2,0,0,0.103,1
115,25,90,4,2,5,6,0,0,0.043,1
46,11,35,1,3,0,4,0,0,0.0,0
19,9,10,1,1,0,2,0,0,0.0,0
42,7,35,2,1,0,3,0,0,0.0,0
80,25,55,4,0,2,5,0,0,0.025,1
22,20,2,3,0,16,1,0,0,0.727,1
73,25,48,4,1,2,5,0,0,0.027,1
36,20,16,1,1,0,3,0,0,0.0,0
52,15,37,2,4,19,1,0,0,0.365,1
89,25,64,4,2,5,5,0,0,0.056,1
63,26,37,2,4,22,1,0,0,0.349,1
26,19,7,4,0,15,1,0,0,0.577,1
27,20,7,4,0,16,1,0,0,0.593,1
21,19,2,3,0,15,1,0,0,0.714,1
26,19,7,4,0,15,1,0,0,0.577,1
20,15,5,3,0,12,1,0,1,0.6,1
19,12,7,3,0,13,1,0,1,0.684,1
27,15,12,1,0,0,2,0,0,0.0,0
25,13,12,4,0,11,1,0,1,0.44,1
30,13,17,1,2,0,1,0,0,0.0,0
22,11,11,1,0,0,1,0,0,0.0,0
92,15,77,3,0,11,4,0,0,0.12,1
37,11,26,1,1,0,4,0,0,0.0,0
21,12,9,1,0,0,1,0,0,0.0,0
28,21,7,4,0,17,1,0,0,0.607,1
19,10,9,1,0,0,1,0,0,0.0,0
22,20,2,3,0,16,1,0,0,0.727,1
21,19,2,3,0,15,1,0,0,0.714,1
27,20,7,4,0,16,1,0,0,0.593,1
27,13,14,2,0,0,2,0,0,0.0,1
35,10,25,2,0,0,3,0,0,0.0,0
22,11,11,1,0,0,2,0,0,0.0,0
182,25,157,4,8,15,5,0,0,0.082,1
140,25,115,5,1,7,10,0,0,0.05,1
23,21,2,3,0,17,1,0,0,0.739,1
74,25,49,4,1,5,5,0,0,0.068,1
34,11,23,1,2,0,4,0,0,0.0,0
35,11,24,1,1,0,4,0,0,0.0,0
20,15,5,3,0,12,1,0,1,0.6,1
42,15,27,1,0,0,4,0,0,0.0,0
15,11,4,1,0,0,2,0,0,0.0,0
22,9,13,2,0,0,2,0,0,0.0,0
24,10,14,1,0,0,2,0,0,0.0,0
53,9,44,1,5,0,3,0,0,0.0,0
19,15,4,3,0,12,1,0,1,0.632,1
26,19,7,4,0,15,1,0,0,0.577,1
26,13,13,4,0,10,1,0,1,0.385,1
23,21,2,3,0,17,1,0,0,0.739,1
20,18,2,3,0,14,1,0,0,0.7,1
26,19,7,4,0,15,1,0,0,0.577,1
39,15,24,1,1,0,2,0,0,0.0,0
25,10,15,2,0,0,2,0,0,0.0,0
21,16,5,3,0,15,1,0,0,0.714,1
31,10,21,1,0,0,3,0,0,0.0,0
19,14,5,3,0,11,1,0,1,0.579,1
28,10,18,1,1,0,1,0,0,0.0,0
42,10,32,4,1,0,3,0,0,0.0,0
32,12,20,1,2,0,2,0,0,0.0,0
28,21,7,4,0,17,1,0,0,0.607,1
40,13,27,3,0,16,1,0,0,0.4,1
19,12,7,3,0,14,1,0,1,0.737,1
33,6,27,1,1,0,2,0,0,0.0,0
110,25,85,5,8,3,5,0,0,0.027,1
36,11,25,1,1,0,3,0,0,0.0,0
44,17,27,1,0,0,2,0,0,0.0,0
25,13,12,2,0,1,1,0,0,0.04,1
26,19,7,4,0,15,1,0,0,0.577,1
40,14,26,2,0,1,4,0,0,0.025,0
13,7,6,1,0,0,2,0,0,0.0,0
30,11,19,1,0,0,2,0,0,0.0,0
28,10,18,2,1,1,2,0,0,0.036,0
41,11,30,1,1,0,3,0,0,0.0,0
21,19,2,3,0,15,1,0,0,0.714,1
26,7,19,2,1,0,1,0,0,0.0,0
26,19,7,4,0,15,1,0,0,0.577,1
16,10,6,1,0,0,1,0,0,0.0,0
46,8,38,3,0,6,2,0,0,0.13,0
98,25,73,5,2,3,5,0,0,0.031,1
21,11,10,1,0,0,3,0,0,0.0,0
29,11,18,1,0,0,2,0,0,0.0,0
26,19,7,4,0,15,1,0,0,0.577,1
22,9,13,1,0,0,2,0,0,0.0,0
21,19,2,3,0,15,1,0,0,0.714,1
90,25,65,5,1,5,5,0,0,0.056,1
162,25,137,4,12,4,5,0,0,0.025,1
24,9,15,1,1,0,2,0,0,0.0,0
43,21,22,2,2,0,1,0,0,0.0,1
26,19,7,4,0,15,1,0,0,0.577,1
22,13,9,1,0,0,1,0,0,0.0,0
30,11,19,1,0,0,2,0,0,0.0,0
18,15,3,1,0,0,1,0,0,0.0,0
50,12,38,2,0,8,4,0,0,0.16,0
18,12,6,1,0,0,1,0,0,0.0,0
23,7,16,1,1,0,2,0,0,0.0,0
33,12,21,1,0,0,2,0,0,0.0,0
71,25,46,4,3,5,5,0,0,0.07,1
